timestamp,cell_id,rrc_setup_success_rate,handover_success_rate,call_drop_rate,throughput_mbps,prb_utilization,latency_ms,hour,day_of_week,is_weekend,anomaly_label,anomaly_type,predicted_anomaly,anomaly_score
2026-02-12 00:00:00,CELL_001,99.58774708611224,99.08631169691944,0.4333265785391341,86.40346241780894,23.854019064426215,19.757601156880543,0,3,0,0,normal,0,-0.07074340198906498
2026-02-12 00:00:00,CELL_002,99.31534444210476,98.6762690834445,0.2050069469054911,82.9151922528583,31.16239157462796,24.8431599820471,0,3,0,0,normal,0,-0.09163218010031343
2026-02-12 00:00:00,CELL_003,99.20535757889436,98.329722200841,0.5065563979093797,83.68030229010294,36.197305975001086,25.71366117864191,0,3,0,0,normal,0,-0.10224983249219133
2026-02-12 00:00:00,CELL_004,99.21198052170573,98.0121783876069,0.4518478460054774,89.52524644742952,21.5936954970303,23.90934184655771,0,3,0,0,normal,0,-0.06952831584148617
2026-02-12 00:00:00,CELL_005,99.1333139821908,98.6719826265127,0.5040789440792408,85.64794946513493,27.31313004050621,13.190756883734991,0,3,0,0,normal,0,-0.05889135846883109
2026-02-12 00:00:00,CELL_006,99.33621998573048,97.72927809300069,0.3071208414047842,88.45430278037806,24.580906579389787,20.99047101677493,0,3,0,0,normal,0,-0.07442016935206969
2026-02-12 00:00:00,CELL_007,99.56649038271304,98.94359032769876,0.387791100938727,78.4794628777483,28.720763561254355,16.5072331698771,0,3,0,0,normal,0,-0.07453960069174947
2026-02-12 00:00:00,CELL_008,99.67179926106512,98.89764718269024,0.4517332523604468,87.29225338434121,26.21867548503029,21.530098586539,0,3,0,0,normal,0,-0.08076982103415925
2026-02-12 01:00:00,CELL_001,99.65088329868028,99.16293560714732,0.3196184366510715,87.60489971928915,22.04910290288973,19.440463671959147,1,3,0,0,normal,0,-0.0726391577938944
2026-02-12 01:00:00,CELL_002,99.36297233373224,98.8396868122822,0.2838760602505949,93.2338495805585,27.809885342574795,23.49296238918468,1,3,0,0,normal,0,-0.0732847962077256
2026-02-12 01:00:00,CELL_003,99.00063762022924,98.39254474569194,0.569602864535997,76.47143837062414,37.4786559370964,24.00881200356671,1,3,0,0,normal,0,-0.11686572649949478
2026-02-12 01:00:00,CELL_004,98.92569501635052,97.83517838604004,0.5493019886584941,85.27367348280134,24.44725040130976,19.64856049532686,1,3,0,0,normal,0,-0.08247587217181568
2026-02-12 01:00:00,CELL_005,98.98135531430324,98.64788666648332,0.4974526617826748,94.56891940050434,27.45980820256158,20.8258920517804,1,3,0,0,normal,0,-0.06836655779663203
2026-02-12 01:00:00,CELL_006,99.0188449114706,97.81881953554726,0.5434811327298773,77.77971640906823,28.034940483062996,25.77850789771262,1,3,0,0,normal,0,-0.10445885411656547
2026-02-12 01:00:00,CELL_007,99.54228687753194,98.83425051882234,0.2568881864958265,87.70298987950073,28.833084574244523,17.90115462958393,1,3,0,0,normal,0,-0.08084056042322735
2026-02-12 01:00:00,CELL_008,99.5847426446866,98.86679647302552,0.1336296820698156,73.43595391702918,31.22959434514848,26.8808230125044,1,3,0,0,normal,0,-0.07950671240644286
2026-02-12 02:00:00,CELL_001,98.91550442366469,98.40403343942496,0.4195985280960917,74.21984323253234,33.018508681306784,25.28881463972149,2,3,0,0,normal,0,-0.1250168389114933
2026-02-12 02:00:00,CELL_002,99.76152878132714,98.84902711885684,0.4174802446933533,84.60801639820828,22.76145495557068,24.91977923418013,2,3,0,0,normal,0,-0.08585066009723352
2026-02-12 02:00:00,CELL_003,99.35492235888243,98.60544441710178,0.3056092118541598,81.99948164595644,32.03723205441129,13.624133356972091,2,3,0,0,normal,0,-0.0803183933395002
2026-02-12 02:00:00,CELL_004,98.56899124637614,98.22445546616534,0.3412227883720286,84.86314005469625,27.612922051852006,23.5333091618093,2,3,0,0,normal,0,-0.10325991668206669
2026-02-12 02:00:00,CELL_005,99.05628228504948,98.08325996900489,0.5190733324149445,80.82246416362804,26.381766307637434,22.002596058216103,2,3,0,0,normal,0,-0.1154531008755309
2026-02-12 02:00:00,CELL_006,98.91175559175971,97.4688541221434,0.4686724861102294,83.95979818066034,28.820986144565712,20.84039515514033,2,3,0,0,normal,0,-0.09481894030654625
2026-02-12 02:00:00,CELL_007,99.48157796317214,99.5993932066474,0.2686976999021193,93.07759940769748,21.17534790037048,17.409125205443885,2,3,0,0,normal,0,-0.026140442499093308
2026-02-12 02:00:00,CELL_008,99.4182246605428,98.64465213204144,0.4055887569967124,81.8061392492463,34.58085569255286,25.405778965323965,2,3,0,0,normal,0,-0.1187864995409677
2026-02-12 03:00:00,CELL_001,99.24837348442598,98.44287678163464,0.5479168083372348,71.3238756260813,27.19221010703741,26.337342143316157,3,3,0,0,normal,0,-0.11501562946082844
2026-02-12 03:00:00,CELL_002,99.31121996340164,98.5565014466572,0.481681195828092,82.75157344948212,31.175019891691008,21.040607353163697,3,3,0,0,normal,0,-0.11173759603169009
2026-02-12 03:00:00,CELL_003,99.1104521291874,98.72260169081444,0.6503162076220717,77.41885788854907,36.36444934230657,28.886941895225604,3,3,0,0,normal,0,-0.12043229394237026
2026-02-12 03:00:00,CELL_004,99.26155174263609,98.06012466954544,0.4011228651611366,88.20620076160344,30.688321458103264,22.409783332211973,3,3,0,0,normal,0,-0.11170630761371453
2026-02-12 03:00:00,CELL_005,99.14625365081058,97.88699841403562,0.4542667323722624,82.7558046449427,19.614622996371374,16.76659507541483,3,3,0,0,normal,0,-0.06656274998489153
2026-02-12 03:00:00,CELL_006,98.78492592451688,97.96331919474244,0.4701946794735455,76.28019121390643,28.68601257691814,26.216694903769778,3,3,0,0,normal,0,-0.12392087152772369
2026-02-12 03:00:00,CELL_007,99.34986576583869,99.13017213564407,0.3617368736164031,82.80381134177976,28.60702634850425,20.8941066370165,3,3,0,0,normal,0,-0.1006989372232352
2026-02-12 03:00:00,CELL_008,99.06604109692594,98.947308940321,0.4633677993593811,71.4361793972154,33.43673749442494,24.613633250197555,3,3,0,0,normal,0,-0.11392552945133849
2026-02-12 04:00:00,CELL_001,98.9964260055553,98.20328781807125,0.6529669490851095,68.78212880187017,45.14806176741171,27.186515831424867,4,3,0,0,normal,0,-0.1295628501229445
2026-02-12 04:00:00,CELL_002,99.1765222211744,98.56660816855992,0.5971404605674313,76.02915719799458,30.47978876386776,24.129151995106323,4,3,0,0,normal,0,-0.12557812691087544
2026-02-12 04:00:00,CELL_003,98.76257533107346,97.67937861952808,0.7397949934883397,64.59582814087338,45.52163560028344,34.14801726413505,4,3,0,0,normal,0,-0.12481222109443896
2026-02-12 04:00:00,CELL_004,98.06899366531248,97.55203118445998,0.5533280462649852,78.19757599138511,30.368497054286188,27.137010546540356,4,3,0,0,normal,0,-0.08983527677491421
2026-02-12 04:00:00,CELL_005,98.84007335083952,98.03211628793272,0.6555895660892072,81.31457819574248,39.72491582693504,26.459950888349923,4,3,0,0,normal,0,-0.12779667878119977
2026-02-12 04:00:00,CELL_006,98.3925499061602,97.44478727776686,0.7312031428704205,62.95564507920857,51.5755295106841,34.632452323405154,4,3,0,0,normal,0,-0.11413869353721268
2026-02-12 04:00:00,CELL_007,99.5442655044844,98.2303706069794,0.2960780994786647,81.675487940319,34.96341547600116,23.634350927522828,4,3,0,0,normal,0,-0.120193777038131
2026-02-12 04:00:00,CELL_008,99.39801272746972,98.40400326633342,0.5585729830281887,69.59553039493053,34.45351997494741,24.607305289093013,4,3,0,0,normal,0,-0.11802340939149597
2026-02-12 05:00:00,CELL_001,99.42373590315312,98.38592738556216,0.8380964648015196,73.78959952235755,50.77166858140346,29.318487528669976,5,3,0,0,normal,0,-0.12025958091361305
2026-02-12 05:00:00,CELL_002,98.97724781781872,99.0141804856537,0.5604800820419727,75.60212959918411,36.88885915203785,28.31663858682589,5,3,0,0,normal,0,-0.11316614916601242
2026-02-12 05:00:00,CELL_003,98.5743622151373,97.82796509790568,0.6714249424319599,64.31246339897001,45.72715017411068,32.01246199994819,5,3,0,0,normal,0,-0.1269427214936628
2026-02-12 05:00:00,CELL_004,98.5165008305886,97.32655520215002,0.7854642554702388,78.09213173983889,34.241189049914475,24.602741556293328,5,3,0,0,normal,0,-0.10325977665971658
2026-02-12 05:00:00,CELL_005,98.47274314209956,97.96679686130528,0.6263425649876178,72.84853599413434,43.96567891444781,30.70990893955637,5,3,0,0,normal,0,-0.12380470946866595
2026-02-12 05:00:00,CELL_006,99.11362060799657,98.02721291144655,0.9286279595820872,65.84054944786214,50.66327133903364,29.677730184686663,5,3,0,0,normal,0,-0.1321288749791053
2026-02-12 05:00:00,CELL_007,98.8125787908829,98.1198492086958,0.874457324592651,62.72261559103174,47.67283817438787,28.75877270026444,5,3,0,0,normal,0,-0.1259430463845969
2026-02-12 05:00:00,CELL_008,99.04028413709526,98.20081764361171,1.0982251664694929,68.09123953347355,55.13200980759113,30.23769132787747,5,3,0,0,normal,0,-0.11416057651980521
2026-02-12 06:00:00,CELL_001,99.33192596022911,98.66539145175255,0.8377251525778391,71.83627429005367,47.28434057043688,31.883063233106014,6,3,0,0,normal,0,-0.11135074366783299
2026-02-12 06:00:00,CELL_002,99.32076894114304,98.14479818197246,0.8894215281915873,68.15434822918233,41.10606655761506,35.478287455306344,6,3,0,0,normal,0,-0.12272822630769026
2026-02-12 06:00:00,CELL_003,98.42556956865307,97.48164397294896,1.0447887698345686,67.40824700843481,56.38507040937124,37.28406809248951,6,3,0,0,normal,0,-0.11942552394893469
2026-02-12 06:00:00,CELL_004,97.99090205259722,97.61550633856416,0.7689628014432042,70.37711551772817,49.257385979230925,33.85194095755944,6,3,0,0,normal,0,-0.1091711944146519
2026-02-12 06:00:00,CELL_005,98.31304147326304,97.40397763141328,0.950768929052716,68.85067187989077,47.12691363689597,27.990360878884804,6,3,0,0,normal,0,-0.10605712477571894
2026-02-12 06:00:00,CELL_006,98.57715860775632,97.42760023361954,1.1042795055936396,66.80004227574116,62.16654421259493,33.72569634481089,6,3,0,0,normal,0,-0.10912934121270229
2026-02-12 06:00:00,CELL_007,98.381406212549,97.92741879146988,0.9025824553968976,54.501201128017584,55.52519160268041,33.95546350317568,6,3,0,0,normal,0,-0.12205724946595897
2026-02-12 06:00:00,CELL_008,99.3159358442118,98.20568902807462,0.8405777220409484,60.13507192396549,62.9232536741749,39.38771930738479,6,3,0,0,normal,0,-0.1101259099065271
2026-02-12 07:00:00,CELL_001,99.0295534372496,97.18085632163476,0.6357392567152321,62.22137126760342,58.14040874466824,35.14966672561005,7,3,0,0,normal,0,-0.1100100714105644
2026-02-12 07:00:00,CELL_002,98.8719802265486,97.70555899371512,1.1483468845709857,57.04001831470215,59.84427694988361,36.06992809662524,7,3,0,0,normal,0,-0.13031547864409798
2026-02-12 07:00:00,CELL_003,98.13131509616062,97.42857257458506,1.1713690613411116,64.63531167396027,60.09994338544438,38.09824141447263,7,3,0,0,normal,0,-0.10660265196833041
2026-02-12 07:00:00,CELL_004,98.0573812395806,97.2986780950011,1.1371284449810195,53.291948670264354,55.50875110803594,39.24695890084067,7,3,0,0,normal,0,-0.11555446866686064
2026-02-12 07:00:00,CELL_005,98.24769743475136,96.99207521610217,0.7234257878632109,55.95528431715996,53.81618223731908,32.09030537658744,7,3,0,0,normal,0,-0.1046130594304483
2026-02-12 07:00:00,CELL_006,98.17881312610882,96.89413478651636,1.1132750268567388,60.926926513286986,66.55212936057332,40.91730919357964,7,3,0,0,normal,0,-0.10982307446377415
2026-02-12 07:00:00,CELL_007,99.22139744791538,97.54170935440364,0.8546774950633692,61.490890980376335,58.65220611504969,40.34025585395496,7,3,0,0,normal,0,-0.1229561953114548
2026-02-12 07:00:00,CELL_008,99.12160695727223,97.86520753994652,0.9092529883837114,58.66906134454853,58.39061170957592,37.91996554550324,7,3,0,0,normal,0,-0.13102619406115162
2026-02-12 08:00:00,CELL_001,99.00004916629682,97.58842294498396,1.2622732175429503,55.02079670174488,66.26373838953415,40.37571212283907,8,3,0,0,normal,0,-0.1231460346874314
2026-02-12 08:00:00,CELL_002,98.59657029639858,97.99064397568296,0.9314043068932514,47.856425488982936,69.59379555869967,45.648645814359085,8,3,0,0,normal,0,-0.10526917547221926
2026-02-12 08:00:00,CELL_003,98.2777611486629,97.8956068692364,1.3613276577225748,41.0913797607228,78.3495870329593,47.67668889608902,8,3,0,0,normal,0,-0.08474212934660302
2026-02-12 08:00:00,CELL_004,98.09333208918038,96.65249438058034,1.1904379122550288,52.6991265147792,63.32674055264991,43.05034076479561,8,3,0,0,normal,0,-0.11955126223310464
2026-02-12 08:00:00,CELL_005,98.53501452637356,97.1928585493882,0.9989187769166205,57.48897362256431,56.6030006126575,38.69681086645592,8,3,0,0,normal,0,-0.12733784831323025
2026-02-12 08:00:00,CELL_006,98.0652333741555,96.5901929089304,1.3616297832718292,57.319867761410094,65.15030653214677,41.97574770250152,8,3,0,0,normal,0,-0.10950579412714839
2026-02-12 08:00:00,CELL_007,98.7599232625286,97.2114265720348,1.1336749061199138,54.04102102611614,73.07261416975435,44.6825536511077,8,3,0,0,normal,0,-0.12081266144597635
2026-02-12 08:00:00,CELL_008,99.05590093456956,97.18689632879,1.3197126086549658,50.15676245874666,61.16867649666038,39.08973245242212,8,3,0,0,normal,0,-0.11507721513771324
2026-02-12 09:00:00,CELL_001,98.58405122491476,96.945838259579,1.255759303234154,48.43723343012719,73.8958549647692,47.953049867832334,9,3,0,0,normal,0,-0.12263301610695099
2026-02-12 09:00:00,CELL_002,98.7445776175312,97.89399024872772,1.1188160774384026,40.95384143618898,69.31904759221611,41.72618288820498,9,3,0,0,normal,0,-0.11053206500495588
2026-02-12 09:00:00,CELL_003,97.88236924432807,96.81280764703902,1.731395378265339,36.96401409618638,78.1296851746321,52.353509620129294,9,3,0,0,normal,0,-0.06632624686345534
2026-02-12 09:00:00,CELL_004,98.13499759172082,96.88706155911328,1.289749326184548,55.63658869661906,71.6797567905877,42.47508493037642,9,3,0,0,normal,0,-0.11783002159781608
2026-02-12 09:00:00,CELL_005,98.41098210583483,97.118986033399,1.4166273772438276,54.63819975712799,63.56751920035384,40.44327153914921,9,3,0,0,normal,0,-0.12785371694017922
2026-02-12 09:00:00,CELL_006,97.84965307496952,96.40775622446075,1.6204328592009576,38.45735843516149,83.89489235239276,45.63937875618174,9,3,0,0,normal,0,-0.06252150949606844
2026-02-12 09:00:00,CELL_007,98.44921008214492,97.70854045698862,1.243128983003963,40.94999317758922,71.89075512704972,40.26083073849495,9,3,0,0,normal,0,-0.11259682097631468
2026-02-12 09:00:00,CELL_008,98.7963924664101,98.15532958330624,1.4420361067513794,40.29677260583819,74.1376441430415,45.17089265128369,9,3,0,0,normal,0,-0.09031887013290024
2026-02-12 10:00:00,CELL_001,98.82430014942332,96.68208375777895,1.328960997454387,39.96076597726535,76.95327031369082,45.01092037319413,10,3,0,0,normal,0,-0.1070505048880449
2026-02-12 10:00:00,CELL_002,98.63913157605391,97.61012363462156,1.3183421306863694,45.20551902229496,76.50261827315467,45.52896574101366,10,3,0,0,normal,0,-0.12153792248530143
2026-02-12 10:00:00,CELL_003,97.9658335608886,96.49051557797208,1.6810911489386289,45.71261409752073,73.17103545917853,50.169489024255455,10,3,0,0,normal,0,-0.09486855530687893
2026-02-12 10:00:00,CELL_004,97.81309021674184,96.46069033369908,1.5532408921067964,43.46624866649525,80.4123060432249,46.78214838819745,10,3,0,0,normal,0,-0.094446619055779
2026-02-12 10:00:00,CELL_005,98.84678795272768,96.68894915203174,1.2423928375125768,44.765972213092965,68.12992146124216,43.18539683389375,10,3,0,0,normal,0,-0.12119264853249612
2026-02-12 10:00:00,CELL_006,97.31898915209015,96.82131418914511,1.450491289855017,34.68975581775933,84.33861436541463,50.31030308406977,10,3,0,0,normal,0,-0.049189717966669044
2026-02-12 10:00:00,CELL_007,99.01492444941717,96.41420474106394,1.105744895972796,41.789464192402,80.16166439643366,51.64016978044171,10,3,0,0,normal,0,-0.06439047809774184
2026-02-12 10:00:00,CELL_008,98.7448723721349,96.85336515643084,1.4559698183086536,34.21017459710669,77.44353209492613,48.51245496959856,10,3,0,0,normal,0,-0.0936291597764144
2026-02-12 11:00:00,CELL_001,98.53186621871212,97.60758133474688,1.373104589197273,42.31050359388866,79.35196793141397,49.30957314435421,11,3,0,0,normal,0,-0.11138278717593098
2026-02-12 11:00:00,CELL_002,98.34459771006588,96.96353600018472,1.5427033527669491,42.826117364618426,72.24867472176173,54.03515913218334,11,3,0,0,normal,0,-0.11460154442988002
2026-02-12 11:00:00,CELL_003,98.05776663622734,96.38559027697195,1.6323457178311565,42.66759996571199,90.97118641748008,57.4737449900218,11,3,0,0,normal,0,-0.048870545937856
2026-02-12 11:00:00,CELL_004,98.12901735617882,96.4171211678772,1.5544422121093209,41.09714669776277,73.02160853477429,46.35951263772578,11,3,0,0,normal,0,-0.10552342549792271
2026-02-12 11:00:00,CELL_005,97.97230750936998,96.6735462580092,1.5972370917821364,44.34153191731248,73.22071993075281,49.140392997781085,11,3,0,0,normal,0,-0.11657163162402329
2026-02-12 11:00:00,CELL_006,97.8109669127271,96.16492749929398,1.7615236567224868,38.85101123970584,85.15246841652808,55.27633615705484,11,3,0,0,normal,0,-0.03526578843455819
2026-02-12 11:00:00,CELL_007,98.35713628644754,97.136263975574,1.4877970042886095,39.91485346460816,70.6992994055646,48.54873090400912,11,3,0,0,normal,0,-0.1205824239435388
2026-02-12 11:00:00,CELL_008,98.44119072367458,97.00740229830936,1.462957399978022,39.630126002870135,75.88122758226964,49.47494575549759,11,3,0,0,normal,0,-0.12593243812515276
2026-02-12 12:00:00,CELL_001,98.49072989098356,97.37965726656014,1.3325600917074911,49.30345660601786,80.75797372786171,44.25555399202086,12,3,0,0,normal,0,-0.12317981647488874
2026-02-12 12:00:00,CELL_002,98.39761416921304,98.1394132845,1.437041426279954,36.32766321716522,78.28772638028352,52.4238759481144,12,3,0,0,normal,0,-0.08424762604287445
2026-02-12 12:00:00,CELL_003,98.35066310421723,97.22809005894412,1.8670219746443983,43.38214052660461,78.69052523622499,45.30877673698586,12,3,0,0,normal,0,-0.10154898653219363
2026-02-12 12:00:00,CELL_004,97.9505321866862,97.05727587073775,1.5607025755063233,37.84431840781112,86.1850042012204,48.733265435229626,12,3,0,0,normal,0,-0.08798919397391619
2026-02-12 12:00:00,CELL_005,97.76536928654644,96.85309518074207,1.3502013304295353,43.79884882716546,71.77395396220732,44.05473015690182,12,3,0,0,normal,0,-0.11658755283290612
2026-02-12 12:00:00,CELL_006,97.7895572365091,96.80266642129202,1.7383761662052435,52.34047244656925,84.45602773503722,50.38054608344435,12,3,0,0,normal,0,-0.06480335097776835
2026-02-12 12:00:00,CELL_007,97.8462522162962,97.36300024309074,1.698361655918189,40.03111216965736,82.23089153639548,53.168065562196205,12,3,0,0,normal,0,-0.07137463060678867
2026-02-12 12:00:00,CELL_008,98.95105882037208,97.64520416139923,1.7114672251415766,44.23677646783078,75.21163690518871,47.76182291529303,12,3,0,0,normal,0,-0.09212522904568826
2026-02-12 13:00:00,CELL_001,98.38431614809431,97.30801603699146,1.4439114677763585,35.28720997104062,75.04935031069081,48.31598601067338,13,3,0,0,normal,0,-0.11313573552869555
2026-02-12 13:00:00,CELL_002,98.79128433894842,96.82641912170077,1.4824397231438369,38.58722914129214,84.20501363201653,47.07971869852449,13,3,0,0,normal,0,-0.09079979596233356
2026-02-12 13:00:00,CELL_003,98.32186195596375,96.48892522999223,1.4600976284234288,44.48300647426529,85.25267914836539,50.48888501256904,13,3,0,0,normal,0,-0.09430977293119464
2026-02-12 13:00:00,CELL_004,98.10711343214808,96.63538699271542,1.474434967999747,47.48863593109723,71.73690319502931,47.64107278934558,13,3,0,0,normal,0,-0.11911178039142056
2026-02-12 13:00:00,CELL_005,97.78825279100856,97.04591488137984,1.5416865708443126,39.54993532726208,79.46077929868409,48.06891055833414,13,3,0,0,normal,0,-0.10817866251746105
2026-02-12 13:00:00,CELL_006,97.12568306308695,96.09903333783969,1.490037339346821,33.47386350179298,87.28452544766607,56.26477105242567,13,3,0,0,normal,0,-0.0010172508198804664
2026-02-12 13:00:00,CELL_007,98.4988299493926,97.68999624066824,1.4691856152274227,40.368757713080186,86.54644917247242,46.57020889687731,13,3,0,0,normal,0,-0.09120160490271395
2026-02-12 13:00:00,CELL_008,98.01938229251525,97.1748436024,1.4899922457460066,36.23593577980519,81.05533609589443,40.97955772811586,13,3,0,0,normal,0,-0.09876835790914562
2026-02-12 14:00:00,CELL_001,98.62264739052362,97.47430404737268,1.3202552640619525,48.10466137997177,83.4390196252629,48.99102048173103,14,3,0,0,normal,0,-0.11014807017170702
2026-02-12 14:00:00,CELL_002,98.81456153831856,96.75066749389812,1.193051195785449,45.43863913148059,77.52283608442552,42.53730164648853,14,3,0,0,normal,0,-0.1113482188406636
2026-02-12 14:00:00,CELL_003,98.12704313442788,97.09850366088948,1.3612911434688522,40.71093716091036,83.2790991827348,45.20054246662757,14,3,0,0,normal,0,-0.10699077372553578
2026-02-12 14:00:00,CELL_004,97.51533479891162,96.66872814701664,1.374041587610417,40.83044461204487,72.212911262408,48.862451616092514,14,3,0,0,normal,0,-0.09760279116518356
2026-02-12 14:00:00,CELL_005,97.89860839401643,96.5427763033839,1.1981389677343668,48.96831995377946,81.05491721023859,48.292418880237015,14,3,0,0,normal,0,-0.09190723836069314
2026-02-12 14:00:00,CELL_006,98.1329925152646,96.42250946257424,1.4612353339515327,39.85983767030308,83.2403930403931,45.36653907459189,14,3,0,0,normal,0,-0.09463404757612609
2026-02-12 14:00:00,CELL_007,98.62914530894622,97.63243102034596,1.0955297722939212,45.17822757382923,75.13768034914145,53.51877267730452,14,3,0,0,normal,0,-0.09485196912525751
2026-02-12 14:00:00,CELL_008,98.69163719324956,96.7383420529957,1.3154809434264034,38.30053789372222,78.68123549118734,46.50394494240914,14,3,0,0,normal,0,-0.10958063015448011
2026-02-12 15:00:00,CELL_001,98.51905941054564,97.24327990497515,1.4273531692392365,44.90153953837481,75.59044296915741,50.6834588115188,15,3,0,0,normal,0,-0.12009319910097005
2026-02-12 15:00:00,CELL_002,98.44997567695434,97.58483453226135,3.5955225259730077,26.74102970036044,100.0,68.28246690629638,15,3,0,1,congestion,1,0.06339986416911558
2026-02-12 15:00:00,CELL_003,98.49993345850191,96.69261226079496,1.5172283238513078,45.17084761622401,79.47741525966777,50.292205777688615,15,3,0,0,normal,0,-0.10599012462507401
2026-02-12 15:00:00,CELL_004,98.0202840337979,97.12691487903184,1.4030629219892814,57.32650940607485,73.37722401288563,42.66339817443693,15,3,0,0,normal,0,-0.11791298219795088
2026-02-12 15:00:00,CELL_005,98.52308080196843,96.60407788988456,1.4113879289909903,57.411979988485385,73.9743559276146,44.52166165633817,15,3,0,0,normal,0,-0.11182898097324961
2026-02-12 15:00:00,CELL_006,98.01671743122478,96.96911718934174,1.3486520458516726,40.31958266285609,75.67644358674563,42.80274621145881,15,3,0,0,normal,0,-0.1172029788041572
2026-02-12 15:00:00,CELL_007,98.66212553912791,96.82095895526254,1.068937659360731,53.40835577100211,72.58989900932963,44.780348979770224,15,3,0,0,normal,0,-0.11278704193202183
2026-02-12 15:00:00,CELL_008,98.28796676678267,97.20123739251702,1.318702432936039,44.14361684544426,79.54554776442939,43.14856287609887,15,3,0,0,normal,0,-0.11850678811662374
2026-02-12 16:00:00,CELL_001,99.01663023920068,97.48200330843,1.0710108331836448,58.69496386389593,62.197318194105016,41.13039087346158,16,3,0,0,normal,0,-0.12690550972266584
2026-02-12 16:00:00,CELL_002,99.10205164964869,97.50981448493796,3.777347004613875,24.906891358723804,95.1477915906791,65.41885077896868,16,3,0,1,congestion,1,0.0706818938975099
2026-02-12 16:00:00,CELL_003,97.76412264641674,96.61264004962403,1.2666265266615528,47.918915779580125,71.07039053416746,40.81693703181368,16,3,0,0,normal,0,-0.09429015105214167
2026-02-12 16:00:00,CELL_004,98.32504794499978,97.08928541936734,0.996894777655868,49.424858896882114,60.96101820175053,39.41983716204985,16,3,0,0,normal,0,-0.12142434113329648
2026-02-12 16:00:00,CELL_005,98.37855086188392,97.05245188636358,1.004427295445065,54.19596546582135,61.835518579105546,37.22763596473126,16,3,0,0,normal,0,-0.12133019177534188
2026-02-12 16:00:00,CELL_006,98.10244800045592,97.10049904696406,1.2871621148960946,38.614294118324494,74.68790160161716,38.52614730074793,16,3,0,0,normal,0,-0.10261083715501412
2026-02-12 16:00:00,CELL_007,98.57288656877468,97.79938571077936,0.9794871381656428,56.3508532177493,65.85724174304328,39.72343321973125,16,3,0,0,normal,0,-0.1285298987415474
2026-02-12 16:00:00,CELL_008,98.61167672884372,97.58336143628992,1.2547404582274957,51.59613396334684,68.12058426623813,47.13806350303778,16,3,0,0,normal,0,-0.12654942075870185
2026-02-12 17:00:00,CELL_001,98.62927201174762,98.60811250803788,0.8908745717929535,50.27573709688849,58.99531427644175,31.8563948167298,17,3,0,0,normal,0,-0.09883432925127184
2026-02-12 17:00:00,CELL_002,99.4144623743365,96.96285305339758,3.51112928668819,31.49076738769943,92.46924746324856,54.67020565024149,17,3,0,1,congestion,1,0.03675905814577096
2026-02-12 17:00:00,CELL_003,98.88629762652909,97.49247644054452,1.1565281133673804,47.98234885013066,66.14419757228207,37.815030804274926,17,3,0,0,normal,0,-0.123633571331772
2026-02-12 17:00:00,CELL_004,98.38955053925,97.35284778619864,1.0522787320728348,59.3877446061784,53.87827935023124,32.539448735152554,17,3,0,0,normal,0,-0.11623083828547626
2026-02-12 17:00:00,CELL_005,98.07955085271811,97.99804476480406,0.746608339690267,64.09097475823387,58.11020722909294,33.55648653771632,17,3,0,0,normal,0,-0.10583894921957698
2026-02-12 17:00:00,CELL_006,98.09678134469512,96.89950670045206,0.842945303592793,68.22989490825088,53.92935843423548,30.46772900765596,17,3,0,0,normal,0,-0.0904377530810822
2026-02-12 17:00:00,CELL_007,98.51985926683354,98.45733195228544,1.166776892241952,54.24314573977484,59.906313273725225,39.17527122622293,17,3,0,0,normal,0,-0.10766599520035752
2026-02-12 17:00:00,CELL_008,98.71909418004104,97.46021142988542,0.716910166847184,56.20133326269413,56.28126236680555,46.605574847253415,17,3,0,0,normal,0,-0.11200501109787164
2026-02-12 18:00:00,CELL_001,98.76326246154537,97.9453302656453,0.6838410475426444,64.95241671147879,55.81644344210972,29.32140280897922,18,3,0,0,normal,0,-0.12064595128214245
2026-02-12 18:00:00,CELL_002,99.07806261042045,98.13860969795952,3.163709010895894,37.1715643832486,73.11290766139854,56.053443643323305,18,3,0,1,congestion,1,0.012245559567023556
2026-02-12 18:00:00,CELL_003,98.77531823326498,97.33769710047372,0.821650145556267,60.79529215248877,51.4110467405011,35.287214220745554,18,3,0,0,normal,0,-0.12948680983163646
2026-02-12 18:00:00,CELL_004,98.21056880573376,97.63285030943368,0.9897691430393938,56.84345892805978,57.78708862590202,39.99746125457804,18,3,0,0,normal,0,-0.11449387750723822
2026-02-12 18:00:00,CELL_005,98.51411229126538,96.95843088639847,1.0215227194053136,72.66302997383998,49.51792565297248,34.405569526848545,18,3,0,0,normal,0,-0.1023721299117854
2026-02-12 18:00:00,CELL_006,98.75332539837096,97.19242502799248,0.8309250255513622,62.90776784458118,55.83845461287148,35.324687893900254,18,3,0,0,normal,0,-0.11881720561196762
2026-02-12 18:00:00,CELL_007,98.96776269697652,97.67387682096016,0.99600001961403,72.15693630520045,48.32019385272637,38.699755978128906,18,3,0,0,normal,0,-0.11856781169631186
2026-02-12 18:00:00,CELL_008,98.75674087395524,98.4079061688706,1.2247312603442628,63.65182177992148,50.6198120673342,34.049687986419066,18,3,0,0,normal,0,-0.10862244501516538
2026-02-12 19:00:00,CELL_001,99.46331827334627,98.66913146321092,0.6094262289355901,67.844172251064,40.628494472924416,29.08340680517197,19,3,0,0,normal,0,-0.09737534790262986
2026-02-12 19:00:00,CELL_002,99.15720307882393,98.34319111910852,3.4605065134849884,41.82299058769011,80.75234402863661,49.64436960339694,19,3,0,1,congestion,1,0.015118674732160553
2026-02-12 19:00:00,CELL_003,98.77926838092164,97.93441816004132,0.909162804097962,71.08492547882683,57.5316919865105,34.19991517751387,19,3,0,0,normal,0,-0.11649374780557603
2026-02-12 19:00:00,CELL_004,98.47255837595516,97.59739464216656,0.5584226552904711,66.80722713719965,35.38837009707992,27.23915622387141,19,3,0,0,normal,0,-0.10923575597725277
2026-02-12 19:00:00,CELL_005,98.3328520328015,97.02455029381728,0.6659927135919608,70.52757354253505,39.32223955076263,23.883725584003894,19,3,0,0,normal,0,-0.07444882300451106
2026-02-12 19:00:00,CELL_006,98.5375652889294,97.43378192061752,0.9165146623943888,66.92900261090244,47.35839370258652,30.56403080731323,19,3,0,0,normal,0,-0.11508100023637241
2026-02-12 19:00:00,CELL_007,99.6828830506092,98.15924828817604,0.3106935866522231,71.53284881959816,41.82662731574408,29.427153898449983,19,3,0,0,normal,0,-0.09993231543991149
2026-02-12 19:00:00,CELL_008,98.80813835184384,99.03289950780626,0.7738493533249476,60.17793192037138,46.580516034783294,26.50939342770601,19,3,0,0,normal,0,-0.08768126107094742
2026-02-12 20:00:00,CELL_001,99.36810914219087,98.56224417988712,0.4983923143100734,68.15607239388058,41.23007975900664,28.353040331702047,20,3,0,0,normal,0,-0.1003912658098216
2026-02-12 20:00:00,CELL_002,99.09149966513708,98.3767303715276,3.2362533210340523,38.48694224298739,80.3438909013647,46.43326793888148,20,3,0,1,congestion,1,0.018372714574175997
2026-02-12 20:00:00,CELL_003,98.68375249033204,98.1898054918839,0.4444879477569551,68.96413771086405,39.15023790105938,27.79038323062791,20,3,0,0,normal,0,-0.11850119327875097
2026-02-12 20:00:00,CELL_004,99.30012293749752,97.90627964540526,0.3887849215888651,75.525402249001,29.5772185291614,24.38177688477597,20,3,0,0,normal,0,-0.1096088543919852
2026-02-12 20:00:00,CELL_005,99.00775755954638,98.03468314289648,0.4615615480357022,80.20730068453695,34.59677655317872,24.67564155021576,20,3,0,0,normal,0,-0.12382913552387798
2026-02-12 20:00:00,CELL_006,98.37646276127668,98.3776845237086,0.8548490636258249,72.18862199856693,42.59706616276843,22.364640953754083,20,3,0,0,normal,0,-0.09111902013892337
2026-02-12 20:00:00,CELL_007,99.3234263960552,98.4956931808496,0.4479523978104648,75.8971711323905,34.93427006174518,24.217472873925416,20,3,0,0,normal,0,-0.1167660818833201
2026-02-12 20:00:00,CELL_008,98.84203937982258,98.4744732458978,0.5048145281841121,63.20779101355286,42.15081187083528,29.876867390970364,20,3,0,0,normal,0,-0.10727314565504376
2026-02-12 21:00:00,CELL_001,99.48570886269754,98.2265249363713,0.3196534204437524,84.16019809927562,36.81740033854081,22.414682314734502,21,3,0,0,normal,0,-0.09955005072145501
2026-02-12 21:00:00,CELL_002,99.50325608141496,99.07291695388244,2.8675462780562837,53.02873182924246,52.70260784454607,38.64737861888895,21,3,0,1,congestion,1,0.008797489852561569
2026-02-12 21:00:00,CELL_003,98.99427928234395,98.50205486837694,0.4534695880571731,78.79278939965495,32.50335451398615,22.89038077490253,21,3,0,0,normal,0,-0.1150673469281176
2026-02-12 21:00:00,CELL_004,98.90562687884976,97.6415233381026,0.5714769110955674,75.10438323866033,31.63584473310492,26.15043509877344,21,3,0,0,normal,0,-0.10890967922827394
2026-02-12 21:00:00,CELL_005,98.75600658032027,98.04935597213478,0.6695751198514168,79.27281768660494,34.047404557015426,22.61460355256969,21,3,0,0,normal,0,-0.11216109137478653
2026-02-12 21:00:00,CELL_006,98.49966065126549,98.65568872074184,0.3753568552579278,83.19500070101897,34.21628290378153,22.98992651979417,21,3,0,0,normal,0,-0.09039620081233979
2026-02-12 21:00:00,CELL_007,99.4135655839733,98.96835598080028,0.224118272681042,81.84528751561815,28.290007209712,17.365277344929858,21,3,0,0,normal,0,-0.06412725256875801
2026-02-12 21:00:00,CELL_008,99.09262938318334,99.0830870556406,0.4444969151920662,79.68457122843759,30.910626997964307,29.45249923934151,21,3,0,0,normal,0,-0.09669257703724948
2026-02-12 22:00:00,CELL_001,99.79297889162444,98.11471938322296,0.1360192034965947,87.03798964656681,25.53417389840932,22.50895651501165,22,3,0,0,normal,0,-0.06216956293775622
2026-02-12 22:00:00,CELL_002,99.69030753252224,98.71127073220244,0.511097017202057,82.73848267752939,23.45783801013086,15.202858997605846,22,3,0,0,normal,0,-0.04586918650363725
2026-02-12 22:00:00,CELL_003,99.26404423516088,98.22887557432716,0.4577215732139292,79.36012726312154,33.55234489107881,23.90627351317691,22,3,0,0,normal,0,-0.11411410804287797
2026-02-12 22:00:00,CELL_004,98.4143236383328,98.71399245637076,0.3488997693431902,81.28671370635581,26.040562753780428,21.896585961596312,22,3,0,0,normal,0,-0.0756458654791225
2026-02-12 22:00:00,CELL_005,98.88111240965075,98.26099317832865,0.4428780602047082,79.90771000545392,23.00679570133401,12.239484517084888,22,3,0,0,normal,0,-0.06042441907490442
2026-02-12 22:00:00,CELL_006,98.56638060042184,98.438298464496,0.3354335076367851,83.64194668620571,28.505535359586183,24.4212047449631,22,3,0,0,normal,0,-0.09215608122409852
2026-02-12 22:00:00,CELL_007,99.3373221759793,99.19171680306516,0.2403718475792443,80.90776457235691,25.72508196617858,20.056959139657344,22,3,0,0,normal,0,-0.07463249927473731
2026-02-12 22:00:00,CELL_008,98.91331519000435,99.18892071950918,0.0,84.49143781877582,23.028625865824345,21.06467569790943,22,3,0,0,normal,0,-0.04317140995701174
2026-02-12 23:00:00,CELL_001,99.46371098946098,98.69528788428984,0.0048679223236979,79.45574417850437,21.08860324447485,24.366477878202428,23,3,0,0,normal,0,-0.059505453300184585
2026-02-12 23:00:00,CELL_002,100.0,98.92840981417484,0.1465506616388801,78.99028733880864,24.871887865983105,18.77724021623535,23,3,0,0,normal,0,-0.04349579154686878
2026-02-12 23:00:00,CELL_003,99.37429223959823,98.71974068215744,0.2900532250292887,80.8244805227295,27.93403697798945,21.108077339544916,23,3,0,0,normal,0,-0.09056940050702089
2026-02-12 23:00:00,CELL_004,98.63270732693086,98.42043588487238,0.3174337513426385,72.7271765477116,23.92911077452036,19.5849855101639,23,3,0,0,normal,0,-0.0712662236311617
2026-02-12 23:00:00,CELL_005,98.56423809986902,98.24797006410716,0.2657906774972154,83.02676098858002,22.91471860704669,18.51696285075909,23,3,0,0,normal,0,-0.06381920791454665
2026-02-12 23:00:00,CELL_006,98.71701104126214,98.3563870972725,0.5173089869797755,74.43769845641911,32.57515321177577,25.16746643702434,23,3,0,0,normal,0,-0.10440898526323816
2026-02-12 23:00:00,CELL_007,99.51188478706892,98.83802833613836,0.0,84.51493502269176,27.821995308270804,18.140688666104676,23,3,0,0,normal,0,-0.046006354807138994
2026-02-12 23:00:00,CELL_008,99.46709421499968,98.23224223046488,0.3314803250801235,86.82594080750064,30.927084237243594,22.805837819658464,23,3,0,0,normal,0,-0.09372298719683447
2026-02-13 00:00:00,CELL_001,99.60066399283482,99.32034974449442,0.3036958340940007,77.50492019770799,26.2152743824195,18.381226337788604,0,4,0,0,normal,0,-0.05434610531415557
2026-02-13 00:00:00,CELL_002,99.85689978125298,99.43160220592596,0.4187475921367118,83.26970100057846,25.71018524373553,17.037074175683344,0,4,0,0,normal,0,-0.025984013952851992
2026-02-13 00:00:00,CELL_003,99.44963829861192,98.25608656579725,0.0256092753441921,88.11734304770938,22.69903959842493,24.640456925463845,0,4,0,0,normal,0,-0.047157956863558836
2026-02-13 00:00:00,CELL_004,98.4599378528406,98.36546656293972,0.4061612804504979,79.0325949998206,26.487610430133408,21.78386665802949,0,4,0,0,normal,0,-0.07583043115072485
2026-02-13 00:00:00,CELL_005,99.2231255314702,98.6858728724566,0.3130579693301077,79.37528222232763,23.36087987648286,20.992345791827496,0,4,0,0,normal,0,-0.09013543117612399
2026-02-13 00:00:00,CELL_006,98.7205917530628,97.6313419241891,0.3560129014399135,90.52679782258504,31.71543039819852,22.747936130755395,0,4,0,0,normal,0,-0.06252356222308758
2026-02-13 00:00:00,CELL_007,99.76211321843194,99.31378524517392,0.220598152944819,76.45366024654086,19.58403849242355,23.204882826301503,0,4,0,0,normal,0,-0.02806378765386386
2026-02-13 00:00:00,CELL_008,99.34333256630087,98.54767336078808,0.5096198625301612,92.79509407380571,25.487006024382637,21.743326758229895,0,4,0,0,normal,0,-0.059126963835045065
2026-02-13 01:00:00,CELL_001,99.90972588108508,99.09042326696854,0.5233488308421474,81.13594819672568,32.04770644245958,24.95461698914684,1,4,0,0,normal,0,-0.06438032637706298
2026-02-13 01:00:00,CELL_002,99.5938967842992,99.31252350350732,0.2673903436588656,79.43576814973066,22.833098083811244,23.421752376910906,1,4,0,0,normal,0,-0.07152816281191282
2026-02-13 01:00:00,CELL_003,98.97688834096957,97.53475504577705,0.1480242564803098,76.70023002534789,36.565562875124186,25.324027904591684,1,4,0,0,normal,0,-0.08521835183245025
2026-02-13 01:00:00,CELL_004,98.63610880490025,98.8291806212776,0.0916441724548787,85.89940959760575,26.437050812380026,24.292748371777872,1,4,0,0,normal,0,-0.06460504287314056
2026-02-13 01:00:00,CELL_005,99.3360876090462,98.31905931645775,0.4943025158972264,87.12777994345936,22.49290380976417,19.36444637569398,1,4,0,0,normal,0,-0.07818576232713825
2026-02-13 01:00:00,CELL_006,98.7012663475068,98.49638924556932,0.5668433983143977,86.95128634863075,32.984635677358824,25.546723927156613,1,4,0,0,normal,0,-0.08728823482339187
2026-02-13 01:00:00,CELL_007,99.56749134696383,98.67422225704328,0.1251261793154147,81.1084827163015,25.096915095572207,18.416043270696484,1,4,0,0,normal,0,-0.07059587735617223
2026-02-13 01:00:00,CELL_008,99.31901959275316,98.9641242945419,0.4649111014515411,81.37665118306056,20.43466516453011,21.71929499528269,1,4,0,0,normal,0,-0.08356151051014205
2026-02-13 02:00:00,CELL_001,100.0,99.27064131388832,0.0559040953595323,84.5628233561141,24.076534504620923,15.103955344920749,2,4,0,0,normal,0,-0.005469077840015046
2026-02-13 02:00:00,CELL_002,99.4782699188984,98.7651944387895,0.2086463866588594,80.69582192721403,25.977174430646212,21.23480818397345,2,4,0,0,normal,0,-0.09828637147261038
2026-02-13 02:00:00,CELL_003,98.92555647901663,98.63960771830544,0.3017871768364376,86.72650637670012,34.83488751001702,22.317417258499106,2,4,0,0,normal,0,-0.09853563519272424
2026-02-13 02:00:00,CELL_004,98.60230955155018,97.72408702886013,0.4445417027338957,78.20612586340773,29.016162316333453,24.211882562347107,2,4,0,0,normal,0,-0.09767431277812827
2026-02-13 02:00:00,CELL_005,98.86068536457844,98.62077722035048,0.1886794428102562,81.1390987746877,29.795530059160225,18.577151437685508,2,4,0,0,normal,0,-0.08729987299551134
2026-02-13 02:00:00,CELL_006,99.07077767207667,97.87530946231112,0.3516564568416308,86.4182927437557,29.66038983047874,17.967575328380406,2,4,0,0,normal,0,-0.09062073412760391
2026-02-13 02:00:00,CELL_007,99.50682054023524,98.21121278891684,0.2916529098064456,92.53536693426896,35.08409685917388,28.929453729467298,2,4,0,0,normal,0,-0.07207548856165424
2026-02-13 02:00:00,CELL_008,99.93453544070552,98.68493333478604,0.3610579435701401,76.16152528984723,28.61036341391881,23.43430126659722,2,4,0,0,normal,0,-0.07988050446031597
2026-02-13 03:00:00,CELL_001,99.98002871768333,98.50957043184094,0.5120584725464473,85.34965533924091,33.736528295933866,18.879785033540195,3,4,0,0,normal,0,-0.06223627210559285
2026-02-13 03:00:00,CELL_002,99.23358260218284,98.75273444371015,0.4809494598564204,76.94041030537596,34.494830900085546,24.77513276474217,3,4,0,0,normal,0,-0.11817325645056592
2026-02-13 03:00:00,CELL_003,99.0610995073392,98.23157181787742,0.6402907981708946,77.729798678155,39.00080219842148,33.22518848697831,3,4,0,0,normal,0,-0.11711089861869761
2026-02-13 03:00:00,CELL_004,99.25826095156104,98.20937583795804,0.3174609254969056,89.06998017681256,27.304556258342966,22.059369459758763,3,4,0,0,normal,0,-0.09870438554000854
2026-02-13 03:00:00,CELL_005,98.92402211352396,97.3627020433554,0.6191293352480187,75.41241592097722,25.12521090797791,22.20339604221669,3,4,0,0,normal,0,-0.08443246768012408
2026-02-13 03:00:00,CELL_006,98.59590296833672,97.5534818141031,0.475163619402899,70.18659287529054,39.15455898358686,23.698228394459,3,4,0,0,normal,0,-0.10131903127550113
2026-02-13 03:00:00,CELL_007,99.7433163325988,98.84683961521031,0.3454996492898495,82.62408708868949,33.95930166640267,22.038115526437977,3,4,0,0,normal,0,-0.09223147826417899
2026-02-13 03:00:00,CELL_008,99.33932341234856,98.4254068656904,0.1072600001037937,83.10271680502993,33.16261707114763,19.291262315616414,3,4,0,0,normal,0,-0.08182744075111414
2026-02-13 04:00:00,CELL_001,99.29080405024416,99.08220146005428,0.5418226094607658,78.8962674093615,32.90877234800372,21.813346113511848,4,4,0,0,normal,0,-0.10189735732726435
2026-02-13 04:00:00,CELL_002,99.6966229122838,98.91477591316637,0.4778843069595558,77.14283335180338,36.046009018983824,21.35307795686562,4,4,0,0,normal,0,-0.09603793678758515
2026-02-13 04:00:00,CELL_003,99.04330458335338,97.71790210226858,0.7642290804134406,63.86028652885817,43.51451834774088,32.4455638364196,4,4,0,0,normal,0,-0.1214305770565125
2026-02-13 04:00:00,CELL_004,98.87463498007884,97.39994236533072,0.4016224252916476,74.68994235518569,33.50607140774758,28.01317449529987,4,4,0,0,normal,0,-0.109541992806366
2026-02-13 04:00:00,CELL_005,98.6767514780298,97.79274347249508,0.5040546506421213,79.81318222725712,33.527747416455774,28.900253953904,4,4,0,0,normal,0,-0.11912012059562715
2026-02-13 04:00:00,CELL_006,99.05557922282016,98.03746194477422,0.600489594461019,70.74109617466738,37.63204273773432,30.09158284810639,4,4,0,0,normal,0,-0.13289356451037754
2026-02-13 04:00:00,CELL_007,99.24122613446038,98.46057959704191,0.596505817322334,73.87756262599345,36.90695207879358,27.245631958070057,4,4,0,0,normal,0,-0.1266859071862908
2026-02-13 04:00:00,CELL_008,98.88761729484808,98.76308868156777,0.3114900972921936,79.56830294742306,42.71662918664575,26.755102921201978,4,4,0,0,normal,0,-0.10248962155877372
2026-02-13 05:00:00,CELL_001,99.47494385874214,97.88783239047382,0.6922438769493028,66.57369257186589,49.92962412984733,31.261618445838383,5,4,0,0,normal,0,-0.11800733585590534
2026-02-13 05:00:00,CELL_002,99.21743045384753,98.05074783010508,0.7702137334422177,64.39840190417603,45.61795884398761,28.68352971580076,5,4,0,0,normal,0,-0.12462361833936908
2026-02-13 05:00:00,CELL_003,98.81480132552112,97.3612720498338,0.7552610281380857,75.6528286779436,51.05814984419613,28.98459366505113,5,4,0,0,normal,0,-0.11344324060495914
2026-02-13 05:00:00,CELL_004,98.43076855392016,97.28038955950431,0.6331982624636703,75.18775085206649,40.69751222138189,28.71391892568814,5,4,0,0,normal,0,-0.09916525118221275
2026-02-13 05:00:00,CELL_005,98.61354815245888,97.4998555558414,0.5683001919490943,74.67057162025087,43.01100352113823,30.75796222696266,5,4,0,0,normal,0,-0.11482660250987337
2026-02-13 05:00:00,CELL_006,99.0536173479431,97.6473855378761,0.9721913429510493,61.831317767863766,45.08497736879688,35.85332878311357,5,4,0,0,normal,0,-0.118370436674409
2026-02-13 05:00:00,CELL_007,99.15875865109255,98.32073544735312,0.3084027485871572,75.96401812548139,34.980504493236054,30.03262229348736,5,4,0,0,normal,0,-0.12732269225673326
2026-02-13 05:00:00,CELL_008,99.66436944895749,98.56200921239063,0.6602356419148719,63.551379672304805,51.13461058649126,33.390021062378146,5,4,0,0,normal,0,-0.09472960448690931
2026-02-13 06:00:00,CELL_001,98.7365287351616,98.00978179948515,0.8271721985423157,68.8919904124901,53.60331091433036,36.78490045585511,6,4,0,0,normal,0,-0.12902618636913177
2026-02-13 06:00:00,CELL_002,99.21463933295084,98.22878920914394,0.5779714073449722,57.132807780560654,51.19634619188062,38.45683149593384,6,4,0,0,normal,0,-0.11055952673266817
2026-02-13 06:00:00,CELL_003,98.96654314761156,96.83662357105078,0.8428710863147401,59.83454903777264,54.92718557487736,38.10684673233242,6,4,0,0,normal,0,-0.11066386660242616
2026-02-13 06:00:00,CELL_004,98.28630338069374,97.9289983008298,0.6458203138646633,64.40734556363965,41.15485360385686,31.65995184278784,6,4,0,0,normal,0,-0.1102656443593989
2026-02-13 06:00:00,CELL_005,98.410639425753,96.9067414270979,0.9146204650024474,67.65988780337999,45.09648756720629,28.19163182361247,6,4,0,0,normal,0,-0.09294009291393712
2026-02-13 06:00:00,CELL_006,97.98969184100056,97.20835624229817,0.904788995161572,57.89696747103055,56.88515058823899,34.06036088060339,6,4,0,0,normal,0,-0.10010495501927347
2026-02-13 06:00:00,CELL_007,98.81351970635518,98.32319681049552,0.5535522521531334,62.4740949370792,55.76195250709353,34.11674591684046,6,4,0,0,normal,0,-0.11260213045566059
2026-02-13 06:00:00,CELL_008,99.3958273720183,97.99507569030332,0.8238221884784819,62.11599854452069,48.20621693292607,27.967349814476325,6,4,0,0,normal,0,-0.11584693227985021
2026-02-13 07:00:00,CELL_001,98.72031851362134,97.8915858937801,0.7058495099123367,59.73354594362385,64.12905668811571,37.9340563293813,7,4,0,0,normal,0,-0.11664108590147765
2026-02-13 07:00:00,CELL_002,98.83928185086164,97.86394905489615,0.720806239255525,57.90458935509509,60.100106871673866,44.103527633477526,7,4,0,0,normal,0,-0.11883374663407248
2026-02-13 07:00:00,CELL_003,98.5633176742045,97.50582798166631,1.0678679696398403,53.83659999904019,64.95215475719904,39.97231257778565,7,4,0,0,normal,0,-0.12624880922778675
2026-02-13 07:00:00,CELL_004,98.20337667954368,97.93168383027113,1.149643022853312,65.98403293592614,57.796199740702434,41.47182766429981,7,4,0,0,normal,0,-0.0979817767506801
2026-02-13 07:00:00,CELL_005,98.02836338100865,97.2743676470882,1.1739013875637687,61.12245639929376,56.84160802559271,33.88539846403256,7,4,0,0,normal,0,-0.09790204784473316
2026-02-13 07:00:00,CELL_006,98.48194770233629,96.59358972625836,1.2150478928143316,58.43185504825456,64.91941579360704,41.78405598456087,7,4,0,0,normal,0,-0.10158025737293203
2026-02-13 07:00:00,CELL_007,99.3473506748691,97.89595490701322,0.9096374953606484,64.32302718036445,53.25826443381934,28.985370618371945,7,4,0,0,normal,0,-0.11494062222006163
2026-02-13 07:00:00,CELL_008,99.17351878746346,97.44180701484406,0.9904504490423408,63.497303055556735,58.61989165737015,37.66566696981183,7,4,0,0,normal,0,-0.11751069917484908
2026-02-13 08:00:00,CELL_001,98.12246779042928,97.47890964006297,1.298648968931278,47.99414673904408,76.08238675046533,43.70146387927569,8,4,0,0,normal,0,-0.11140042511895837
2026-02-13 08:00:00,CELL_002,99.36353435453005,97.9427408571286,0.9293871674022134,56.6114565169032,56.59625202961894,39.97847103188876,8,4,0,0,normal,0,-0.11483595243548511
2026-02-13 08:00:00,CELL_003,98.20957021641986,97.54686400088036,1.092129676023702,50.02588778721394,74.94107624139619,44.935049067977296,8,4,0,0,normal,0,-0.1048398921256698
2026-02-13 08:00:00,CELL_004,97.91160864782626,96.86523567186956,1.300013965531413,41.50549263289412,61.65528581281165,45.81725136577575,8,4,0,0,normal,0,-0.08838748613862696
2026-02-13 08:00:00,CELL_005,98.57670693806296,97.099759055734,0.8660957087519944,50.99318578835921,68.37222753529004,41.54262418214555,8,4,0,0,normal,0,-0.11086527545612268
2026-02-13 08:00:00,CELL_006,97.72050171571256,96.59626519193628,1.2945244005564014,48.055719406988615,68.29217173645144,43.47535559054123,8,4,0,0,normal,0,-0.09370396662578045
2026-02-13 08:00:00,CELL_007,99.06922623256445,97.92439635960584,1.0858987245929967,58.59144496776791,64.31843474056512,41.66749653373245,8,4,0,0,normal,0,-0.11807468897202861
2026-02-13 08:00:00,CELL_008,98.57218228271832,97.21648265363328,1.0701534826501122,58.57070963794118,71.1947479367924,41.31315505880247,8,4,0,0,normal,0,-0.11682655271559245
2026-02-13 09:00:00,CELL_001,99.07106609352398,97.92242365977252,1.091381447862956,39.52221582846412,67.6688648862265,42.163971591579305,9,4,0,0,normal,0,-0.09353140395099069
2026-02-13 09:00:00,CELL_002,98.5378824595557,97.1382863278373,1.1999552374475742,44.84902755308257,74.55373688691952,44.929021567898886,9,4,0,0,normal,0,-0.11938384028170163
2026-02-13 09:00:00,CELL_003,98.42661928171422,96.99514167693096,0.9532697388357882,48.82266925467142,77.15885630436372,42.60959882929436,9,4,0,0,normal,0,-0.10774254282047518
2026-02-13 09:00:00,CELL_004,97.98006315770822,96.74134318074246,1.4004847545900074,50.54048947891849,65.69676934817993,41.885449216212464,9,4,0,0,normal,0,-0.10830846356030971
2026-02-13 09:00:00,CELL_005,97.41923114092172,96.73831289563938,1.2719529703285208,47.33488352955174,66.23733198749092,40.33580729846618,9,4,0,0,normal,0,-0.07942453593311138
2026-02-13 09:00:00,CELL_006,98.15492951995624,96.22876716969438,1.365684475050608,42.11194399792415,73.11114840522389,43.976729859547085,9,4,0,0,normal,0,-0.08714266681948885
2026-02-13 09:00:00,CELL_007,98.6274782584381,98.0572556550736,1.0405373931753203,49.10083777262709,71.22780534607506,44.34484232044322,9,4,0,0,normal,0,-0.11375823202510255
2026-02-13 09:00:00,CELL_008,98.2196597746266,96.920250433069,1.1020461331057236,21.85178532913917,80.84466593859803,62.47208689778943,9,4,0,1,throughput_drop,0,-0.010284676004825077
2026-02-13 10:00:00,CELL_001,98.349550037048,97.07617166371249,1.1780554444502844,42.99285338243513,72.53869803145727,46.55851014408304,10,4,0,0,normal,0,-0.11885336314375539
2026-02-13 10:00:00,CELL_002,98.4175962149459,97.33972055120395,1.3952749268368938,31.68052806368793,74.45468609764903,49.19611540961968,10,4,0,0,normal,0,-0.08800915667615633
2026-02-13 10:00:00,CELL_003,98.41778083468586,96.69816041189743,1.4222974121375531,32.01428875020289,78.47638980803191,49.67665242254527,10,4,0,0,normal,0,-0.08200736109449552
2026-02-13 10:00:00,CELL_004,97.78831950689266,96.64871120777462,1.4071396480648195,55.63147577396682,66.5088290033019,48.0845394394906,10,4,0,0,normal,0,-0.08559052579501458
2026-02-13 10:00:00,CELL_005,97.99219565434215,96.53819848292127,1.3351898781295126,43.24588160399023,77.83770731354781,47.609743327940286,10,4,0,0,normal,0,-0.10018196895968245
2026-02-13 10:00:00,CELL_006,97.90618261161804,96.89779843800824,1.4669511325747957,18.31742324011192,80.02176589826378,73.82074526856177,10,4,0,1,throughput_drop,0,-4.324825589319126e-06
2026-02-13 10:00:00,CELL_007,98.32816978919833,97.49484876685597,1.2422013150139406,35.965699542629565,75.3930698491596,50.66781777704427,10,4,0,0,normal,0,-0.09243484751959269
2026-02-13 10:00:00,CELL_008,97.90399031117288,97.24625051568668,0.998568090925312,20.094202703893075,70.6920696739982,69.4636721314545,10,4,0,1,throughput_drop,0,-0.007335175411641193
2026-02-13 11:00:00,CELL_001,98.41908116147316,96.67835246691077,1.55864608520106,38.31806527294432,83.43835154791921,45.50765999418275,11,4,0,0,normal,0,-0.08394768482264642
2026-02-13 11:00:00,CELL_002,98.40088700505132,96.97949901290616,1.2915529816858156,35.87246814416967,76.21915106638335,45.81373493534396,11,4,0,0,normal,0,-0.1064496287384904
2026-02-13 11:00:00,CELL_003,97.75235049143345,96.78113556151102,1.4001594317085315,37.371698413780734,80.28613272816378,48.919334686081896,11,4,0,0,normal,0,-0.08441657881079662
2026-02-13 11:00:00,CELL_004,97.73555768297788,97.09274895253344,1.209959956297495,33.16880167265175,80.00466525132258,51.09609582863535,11,4,0,0,normal,0,-0.07419210034821688
2026-02-13 11:00:00,CELL_005,97.93200266613287,96.61098065397876,1.625717899808244,46.19083459845615,71.04410002337795,49.92161763884503,11,4,0,0,normal,0,-0.0927241402193032
2026-02-13 11:00:00,CELL_006,98.09330687644932,95.81831514719482,1.3419379190368337,25.396798163985085,73.82838124298328,73.92787024901406,11,4,0,1,throughput_drop,0,-0.0011278375767642679
2026-02-13 11:00:00,CELL_007,98.43231701572547,97.42770928904908,1.45750990290093,37.799736964756505,79.07608057782909,53.76629621963029,11,4,0,0,normal,0,-0.08658825064555886
2026-02-13 11:00:00,CELL_008,97.88647648125088,97.2349997017812,1.2274383884858888,19.65522829497798,77.84744306948654,68.65872934647857,11,4,0,1,throughput_drop,0,-0.014887251941586688
2026-02-13 12:00:00,CELL_001,98.22313322092783,97.15771272658218,1.1274096217172578,44.80152398140735,78.45147740084194,54.08968692539675,12,4,0,0,normal,0,-0.09787056553020634
2026-02-13 12:00:00,CELL_002,98.5829338897798,97.29314555422448,1.467185415580107,44.9315018433084,81.0205533617508,51.1071841466523,12,4,0,0,normal,0,-0.10184199596034427
2026-02-13 12:00:00,CELL_003,97.81016137937566,97.55238609555263,1.6340428333702048,41.39548668610772,84.90168424583467,54.437383665366326,12,4,0,0,normal,0,-0.0490950612299873
2026-02-13 12:00:00,CELL_004,97.52914821164636,96.3901587100507,1.2927882047415538,46.52834144717867,74.48295223199757,48.54498918509321,12,4,0,0,normal,0,-0.08468026840942494
2026-02-13 12:00:00,CELL_005,98.31875962191924,96.99554390142512,1.7197988924256595,40.76376408443158,75.50939034294629,51.65560500069139,12,4,0,0,normal,0,-0.09528316127858227
2026-02-13 12:00:00,CELL_006,97.51544959420796,96.70496148878684,1.7123515887025826,20.010030391429336,82.88484697883628,71.80321253192065,12,4,0,1,throughput_drop,1,0.032131285098799034
2026-02-13 12:00:00,CELL_007,98.39016252628636,96.27517299476646,1.490945027851426,42.6146401038742,80.39093918543688,49.49539330763452,12,4,0,0,normal,0,-0.08628204526086591
2026-02-13 12:00:00,CELL_008,98.53672488425484,97.28722164206714,1.6073474303495607,22.61022487275701,78.67719905933723,70.89779698870286,12,4,0,1,throughput_drop,0,-0.008402137117769604
2026-02-13 13:00:00,CELL_001,98.76362194931936,97.21944944565,1.0422011362908712,47.52928052634379,73.44218996537053,45.611213510632986,13,4,0,0,normal,0,-0.11838416643726657
2026-02-13 13:00:00,CELL_002,98.83560505948594,96.88810783697492,1.645084406414554,36.30734856207306,76.62476057218036,57.10018791126003,13,4,0,0,normal,0,-0.0644513493351696
2026-02-13 13:00:00,CELL_003,98.01567236878324,97.0593159184652,1.5014412835543316,29.3642949305872,88.5775437731283,52.11538192638775,13,4,0,0,normal,0,-0.05013962242279557
2026-02-13 13:00:00,CELL_004,97.95857712100288,97.3541383578756,1.4858995442702168,49.13436944872495,73.74821373272981,49.73977278914854,13,4,0,0,normal,0,-0.1084487578744
2026-02-13 13:00:00,CELL_005,97.9616438694088,97.03903545327724,1.4270542552993863,44.02617890237517,66.14561762837879,49.186955587522455,13,4,0,0,normal,0,-0.10960334927125387
2026-02-13 13:00:00,CELL_006,97.97521394278498,96.36272008027474,1.6775122688668425,17.189264025801172,79.0241584672334,72.02237956258804,13,4,0,1,throughput_drop,1,0.008207752695129078
2026-02-13 13:00:00,CELL_007,98.60229881806649,97.46689766480408,1.1354671492623605,46.87161445926234,76.14961294118213,47.70015799653554,13,4,0,0,normal,0,-0.11924296195806999
2026-02-13 13:00:00,CELL_008,98.11024789825665,96.3144771208165,1.5277508141692109,46.488578253216616,76.63769597406382,50.21475342518158,13,4,0,0,normal,0,-0.0939144271108393
2026-02-13 14:00:00,CELL_001,98.37268652515768,98.3566192789795,1.3912563682647152,34.698678164102766,79.37369129384471,48.13632579469169,14,4,0,0,normal,0,-0.07252281566814239
2026-02-13 14:00:00,CELL_002,98.74841564182708,97.23348802900438,0.984781024439032,44.44917725269785,70.77670609333045,48.171783350718094,14,4,0,0,normal,0,-0.10954111785761061
2026-02-13 14:00:00,CELL_003,98.87939975253173,96.46291296828944,1.7296774352230635,40.42535042693697,86.24146727001953,48.077674177740256,14,4,0,0,normal,0,-0.04555418018127966
2026-02-13 14:00:00,CELL_004,98.03753939061794,96.79787133351896,1.6406768062694614,40.3011337292193,66.7089780922413,45.39125799996991,14,4,0,0,normal,0,-0.09362746754382234
2026-02-13 14:00:00,CELL_005,97.9868507713098,97.01754843718476,1.1735100956545916,54.12836900340042,65.07114290692614,44.03816731017759,14,4,0,0,normal,0,-0.11984742339435572
2026-02-13 14:00:00,CELL_006,97.54829923141628,96.04498090329012,1.2584167109998243,22.932844476147288,78.8805122472151,69.40807477958411,14,4,0,1,throughput_drop,1,0.013978410441871869
2026-02-13 14:00:00,CELL_007,98.40931446937326,97.20830865190368,1.3394995598576722,45.80880690921101,72.44622508607246,49.251570542571656,14,4,0,0,normal,0,-0.12339751045655994
2026-02-13 14:00:00,CELL_008,98.4599435172054,96.3739060886188,1.6129428985075929,42.81212670194245,78.76382470900843,51.20210980639133,14,4,0,0,normal,0,-0.08505443786121447
2026-02-13 15:00:00,CELL_001,98.2415288310222,97.56302004399473,1.3368310558482135,45.249474952825096,66.95794812760171,51.84135230481898,15,4,0,0,normal,0,-0.10580111694906552
2026-02-13 15:00:00,CELL_002,98.80567034074149,97.44799729718054,1.232112840799216,48.47025997747227,73.45933070780804,48.39727812692001,15,4,0,0,normal,0,-0.11939335318708744
2026-02-13 15:00:00,CELL_003,98.07063620573844,96.86900923273394,1.353495838429664,42.52761086311767,81.38466581134416,50.119338333118186,15,4,0,0,normal,0,-0.09665437928375253
2026-02-13 15:00:00,CELL_004,97.86726186538829,96.82636087696903,1.258096521341744,54.54404957642041,64.90398754509448,42.22873658066699,15,4,0,0,normal,0,-0.10397263255294203
2026-02-13 15:00:00,CELL_005,97.82180964181018,97.62646046212863,1.4767029591792893,50.18858146568678,63.46804558476893,43.72142497726912,15,4,0,0,normal,0,-0.10013192756198591
2026-02-13 15:00:00,CELL_006,97.82122883316126,96.83614006513662,1.3744183304496538,22.900823129470872,76.37978696693234,74.1350943703145,15,4,0,1,throughput_drop,0,-0.00898857210458226
2026-02-13 15:00:00,CELL_007,98.83975172318137,97.26416403099758,1.123855404788482,40.1958405818035,67.95770182202256,45.60523340412671,15,4,0,0,normal,0,-0.11187962580643895
2026-02-13 15:00:00,CELL_008,98.6139542588176,97.17403275184304,1.1488492611519314,43.13178298524593,70.59253893151555,50.85883510656025,15,4,0,0,normal,0,-0.11018474452803889
2026-02-13 16:00:00,CELL_001,98.92275200672832,97.54987819399122,1.1209452766414771,56.9184830813407,63.37030463232863,37.23270891755536,16,4,0,0,normal,0,-0.12153330409052582
2026-02-13 16:00:00,CELL_002,98.72603036777826,97.0086509869408,1.6603298138693297,42.48879389285782,72.3722719691118,51.35134338245524,16,4,0,0,normal,0,-0.08548160802310406
2026-02-13 16:00:00,CELL_003,98.30924480742397,97.2810565804768,1.3050567456593936,43.45852446782151,70.89759787886295,47.550728508373794,16,4,0,0,normal,0,-0.11228441185277938
2026-02-13 16:00:00,CELL_004,98.02071759529385,97.19952284504588,1.3372138669460123,57.2467665846128,62.706857207095766,41.10556695273467,16,4,0,0,normal,0,-0.11353710320112759
2026-02-13 16:00:00,CELL_005,98.33091150967182,96.8982448870462,1.1175629141621368,56.047354644959405,57.72541507444319,36.1955834986028,16,4,0,0,normal,0,-0.10683333665451794
2026-02-13 16:00:00,CELL_006,97.75962012830566,97.00597203382058,1.332262269585952,27.50280582983009,67.7666383320805,68.68374784532747,16,4,0,1,throughput_drop,0,-0.01464020644764863
2026-02-13 16:00:00,CELL_007,98.63309380109052,97.02088380749518,1.3425374254510494,55.22235307104184,66.94102349509811,44.43383762925427,16,4,0,0,normal,0,-0.1206581087383296
2026-02-13 16:00:00,CELL_008,98.38873479132484,98.21323329311475,1.2569589502663243,46.49936996025911,73.67060973690444,35.492100326449815,16,4,0,0,normal,0,-0.09194144897581691
2026-02-13 17:00:00,CELL_001,98.53733045832092,97.44864824436476,0.9195387065950296,64.32948147619726,56.84302540687229,35.49702220506536,17,4,0,0,normal,0,-0.1227352461373099
2026-02-13 17:00:00,CELL_002,98.40868185968031,97.13341162311072,0.9500012251689832,60.03728683780496,57.46708760479589,44.01123739101326,17,4,0,0,normal,0,-0.11131544156729378
2026-02-13 17:00:00,CELL_003,98.63249150945197,97.00230453400508,1.0559863486953276,55.912195204377845,60.17790762742168,36.112606146915695,17,4,0,0,normal,0,-0.11630028029363587
2026-02-13 17:00:00,CELL_004,98.23714455846884,97.89622788246848,0.9206792284037008,58.311127942589984,60.24981748999947,33.785015290432696,17,4,0,0,normal,0,-0.10902245466450955
2026-02-13 17:00:00,CELL_005,98.19566721712556,96.86616171997868,0.9833439097113406,66.11075086920441,55.00456368536793,42.405785940197816,17,4,0,0,normal,0,-0.09512685645458424
2026-02-13 17:00:00,CELL_006,97.75800266174298,96.75784189466856,1.5004491469919023,46.23620412722155,69.43151390644596,41.244607968635066,17,4,0,0,normal,0,-0.08174062097666357
2026-02-13 17:00:00,CELL_007,98.95277340278804,97.86972089261796,0.8685585807786718,53.423590437018,67.26337531469026,39.539639360383184,17,4,0,0,normal,0,-0.11368192930347182
2026-02-13 17:00:00,CELL_008,98.81395511612894,97.80622188497098,0.9480106361415268,62.76535501197199,57.16700748728778,36.85334473850691,17,4,0,0,normal,0,-0.12439594604012105
2026-02-13 18:00:00,CELL_001,98.8358093610854,97.38428309171736,1.1949661030099283,66.72926306223312,50.78204476853524,31.85017687528576,18,4,0,0,normal,0,-0.10047207941677122
2026-02-13 18:00:00,CELL_002,99.1073579003282,98.49233489644882,0.6476197669582724,61.92510452792603,43.68664919423029,33.38001728739631,18,4,0,0,normal,0,-0.10440673658053667
2026-02-13 18:00:00,CELL_003,98.87205612675513,97.86260151620525,1.151165502675569,60.21830399564471,56.51527087550895,33.47767541035705,18,4,0,0,normal,0,-0.10894941009844072
2026-02-13 18:00:00,CELL_004,98.640168126981,97.50081980922774,0.809906260372626,69.696444509774,53.346418370210685,34.82663715193684,18,4,0,0,normal,0,-0.1141771799461716
2026-02-13 18:00:00,CELL_005,98.30444339389248,98.07395239502566,0.7077027870884693,77.96198333839978,44.52366031065039,30.312371768402866,18,4,0,0,normal,0,-0.09809859486581418
2026-02-13 18:00:00,CELL_006,98.37687627166534,97.8242254201254,0.7371472221872409,61.25773195856593,52.55458315733327,35.977126406426834,18,4,0,0,normal,0,-0.11506370749511324
2026-02-13 18:00:00,CELL_007,99.2822673055444,97.76778620882553,0.6727359699241162,63.44340637058042,54.07267745640984,33.2129913942605,18,4,0,0,normal,0,-0.10903966986144953
2026-02-13 18:00:00,CELL_008,98.68689509321692,98.367757949066,0.7971460805205146,57.92504514944268,56.89002019376764,40.84367366343851,18,4,0,0,normal,0,-0.10491026568374778
2026-02-13 19:00:00,CELL_001,98.6877313260468,97.93749657384188,0.6119339566097575,72.4444569575593,50.76981017542848,30.70290339756695,19,4,0,0,normal,0,-0.11473252515959209
2026-02-13 19:00:00,CELL_002,99.14098550420118,98.06673000974315,0.7394462312298811,63.57148569145265,47.71378862841056,27.87743845063518,19,4,0,0,normal,0,-0.1133258270335436
2026-02-13 19:00:00,CELL_003,98.81185850663104,97.5230531090832,0.7717116505216973,59.53407651305406,45.19269021209414,32.97279611984199,19,4,0,0,normal,0,-0.11189211572619001
2026-02-13 19:00:00,CELL_004,98.8500206820544,97.58781845130252,0.8621777102597071,74.31969034279413,40.55535594185709,26.31048446160343,19,4,0,0,normal,0,-0.11096153783941576
2026-02-13 19:00:00,CELL_005,98.46218101848488,98.40611086830673,0.7363874569880562,72.29949885744819,41.09990466668507,31.720209322533915,19,4,0,0,normal,0,-0.10767760542561966
2026-02-13 19:00:00,CELL_006,98.6495111034796,97.23345439041388,0.9509337994476942,64.74395828335808,53.47114628799957,32.69812661025218,19,4,0,0,normal,0,-0.1039825700364646
2026-02-13 19:00:00,CELL_007,99.35150942965896,97.78640609714216,0.6027191376668076,65.7597960804085,41.8658074126183,30.821506501130443,19,4,0,0,normal,0,-0.10810477036889293
2026-02-13 19:00:00,CELL_008,99.1672511409017,98.88533344126812,0.7338290887270348,65.56476884000779,45.920101759421925,30.103891479950907,19,4,0,0,normal,0,-0.09264503646432826
2026-02-13 20:00:00,CELL_001,99.05183138477256,98.62660383614366,0.4181326094905767,76.19192771352701,31.10658629566485,27.367229728612003,20,4,0,0,normal,0,-0.10698638720050824
2026-02-13 20:00:00,CELL_002,99.33958782342852,98.03395707287878,0.4271852001888792,79.58501961998925,38.7188710024426,27.15041202319554,20,4,0,0,normal,0,-0.11161708660486946
2026-02-13 20:00:00,CELL_003,99.30636450119005,97.64925326938366,0.6846148346995398,79.30830227351704,39.07918465349108,26.96647287757982,20,4,0,0,normal,0,-0.10782612663060498
2026-02-13 20:00:00,CELL_004,98.77279093733178,98.1921961236039,0.4088577841565433,82.11073268724478,33.78327780051166,26.39919417303209,20,4,0,0,normal,0,-0.11031495759313453
2026-02-13 20:00:00,CELL_005,98.51272358190514,97.6848626005402,0.6070636261119149,71.38211403241756,36.73969594271472,27.702691972504,20,4,0,0,normal,0,-0.10732601659407115
2026-02-13 20:00:00,CELL_006,98.66912196215048,98.20951478592214,0.5484266064730857,70.15201409298818,44.35291731180092,26.606320277921057,20,4,0,0,normal,0,-0.1112671859861683
2026-02-13 20:00:00,CELL_007,99.58881647895872,99.03372401178652,0.4757955823546482,79.08122699388757,41.08883356853225,28.44568984177179,20,4,0,0,normal,0,-0.08445657124347428
2026-02-13 20:00:00,CELL_008,99.19327416717822,98.11550754361444,0.9017779542797296,59.79310208872364,40.221800140531656,30.77922699378808,20,4,0,0,normal,0,-0.10757029986011452
2026-02-13 21:00:00,CELL_001,99.58399636680956,99.28325398642237,0.2016593704264171,82.76592632597418,33.356373048389,25.00278220511555,21,4,0,0,normal,0,-0.0696980497007223
2026-02-13 21:00:00,CELL_002,99.26386446082329,98.27788438292664,0.5733351276491166,77.46326743295815,34.23783144935358,22.274797924798825,21,4,0,0,normal,0,-0.10903556415359777
2026-02-13 21:00:00,CELL_003,98.7383560674372,98.23708788544216,0.373239737235345,79.70868985418092,38.34757712235643,26.16379356338349,21,4,0,0,normal,0,-0.10820033464587403
2026-02-13 21:00:00,CELL_004,98.97740118791924,98.0866806949173,0.1783199076899064,89.10269268817372,28.13536120925521,23.56716067783166,21,4,0,0,normal,0,-0.07833665697601383
2026-02-13 21:00:00,CELL_005,98.59927353055996,98.54141423609823,0.1557444302154943,80.61811203899197,31.374790397407804,23.09214911531705,21,4,0,0,normal,0,-0.08135213057166724
2026-02-13 21:00:00,CELL_006,98.80254669322908,98.41076132468064,0.6845554236932132,73.79249881628206,30.83194997509779,22.372981682191032,21,4,0,0,normal,0,-0.09950751248792056
2026-02-13 21:00:00,CELL_007,99.39923778275194,98.44647624669236,0.2454025353311023,79.81932986580593,30.84204798687549,22.47542899406217,21,4,0,0,normal,0,-0.10274213813921024
2026-02-13 21:00:00,CELL_008,99.80625268371642,98.12785015372344,0.4350002126019798,80.21555152459925,35.1937150301535,21.52207320877112,21,4,0,0,normal,0,-0.08232486215782048
2026-02-13 22:00:00,CELL_001,99.10481708059564,99.26116068181288,0.2832063774847212,89.19390389271041,26.39412902523102,29.0850663596985,22,4,0,0,normal,0,-0.04479192515549535
2026-02-13 22:00:00,CELL_002,99.83490602202794,98.85336437521384,0.6349788015985824,77.391672665548,23.06164676492687,20.63192314250948,22,4,0,0,normal,0,-0.05183664395036702
2026-02-13 22:00:00,CELL_003,98.82275764700866,98.1478329257776,0.4951697954435025,73.22439382110483,29.778411455345797,25.952282293392543,22,4,0,0,normal,0,-0.10131233926205452
2026-02-13 22:00:00,CELL_004,98.9175801708099,97.84455587824137,0.4855083789029867,79.8196914700888,22.179501363443208,24.273768386618357,22,4,0,0,normal,0,-0.09010365401975978
2026-02-13 22:00:00,CELL_005,99.05524814636094,98.14721139411428,0.3370956518825893,80.900330567236,24.861585880962814,18.38613195362775,22,4,0,0,normal,0,-0.07423551229191744
2026-02-13 22:00:00,CELL_006,98.8033140371558,97.48556518497936,0.5295917056563734,84.75345209797393,31.02236421463488,20.49053652882756,22,4,0,0,normal,0,-0.07083525904609533
2026-02-13 22:00:00,CELL_007,99.26394716628018,98.4150248107319,0.3634248958117174,86.79158667114493,24.831179449861757,20.69555516401552,22,4,0,0,normal,0,-0.07809449806728902
2026-02-13 22:00:00,CELL_008,99.47136629673372,99.12319663688612,0.309497148045698,84.72870504549793,28.716920296387528,17.863623107755256,22,4,0,0,normal,0,-0.06427511109740269
2026-02-13 23:00:00,CELL_001,99.21370792705368,98.93081757518492,0.3688212717258474,75.83411495507121,26.938956951887327,14.919701342418072,23,4,0,0,normal,0,-0.043632366648504894
2026-02-13 23:00:00,CELL_002,99.68070379050744,99.51639100295016,0.2241696742831119,87.04614759236775,25.30032676852303,17.594907091599087,23,4,0,0,normal,0,-0.020561202987116722
2026-02-13 23:00:00,CELL_003,99.52563479426722,98.50732976597024,0.3241118766962201,81.95767151695635,27.65980338420347,20.38810027670029,23,4,0,0,normal,0,-0.08121957253962092
2026-02-13 23:00:00,CELL_004,99.28856675031344,98.25826698098014,0.23539874605921,82.38420739154512,24.89348846673998,21.87732633458701,23,4,0,0,normal,0,-0.08534352279054924
2026-02-13 23:00:00,CELL_005,98.9852867812974,98.53858448562784,0.3125732447121789,91.21081383089648,24.559094426835305,15.850625006860437,23,4,0,0,normal,0,-0.03674155520964484
2026-02-13 23:00:00,CELL_006,99.10073617496806,98.9167825625987,0.3422499345251685,81.66083937453928,26.400936317813567,20.051978589945417,23,4,0,0,normal,0,-0.07585785282829216
2026-02-13 23:00:00,CELL_007,99.87208652588927,98.90326799342246,0.2396274433282361,90.10789465667648,20.92399467319747,18.406467899822072,23,4,0,0,normal,0,-0.030495294913120308
2026-02-13 23:00:00,CELL_008,99.74045731217846,98.97477532855125,0.4512580370039262,92.94615642179149,28.953086200698586,27.1245666138255,23,4,0,0,normal,0,-0.036966689567640154
2026-02-14 00:00:00,CELL_001,99.64159436528236,98.82481405527253,0.3989215589923953,82.93301416037674,28.55234105519833,22.03939956973224,0,5,1,0,normal,0,-0.053660799064895404
2026-02-14 00:00:00,CELL_002,99.68753940303992,98.928035385403,0.6152687868766176,83.52836418257746,23.39818163116079,18.83038660134116,0,5,1,0,normal,0,-0.018702048665929505
2026-02-14 00:00:00,CELL_003,99.23944475711872,98.24260569826002,0.5245350976792177,86.64549488941255,29.08661879460153,22.476657609507672,0,5,1,0,normal,0,-0.055925167137922005
2026-02-14 00:00:00,CELL_004,99.40061648077346,98.58855054884488,0.0526749066713267,81.70517203058029,19.423801355325374,27.72961901990508,0,5,1,0,normal,0,-0.007517836512018872
2026-02-14 00:00:00,CELL_005,99.17131910357686,98.55801645402492,0.3852386547467983,81.49175283085292,26.0999220887466,23.367275940277,0,5,1,0,normal,0,-0.06303737404587012
2026-02-14 00:00:00,CELL_006,98.68591356407036,98.204259667716,0.387892745121885,81.07541191245168,27.03067015263752,22.960810429873312,0,5,1,0,normal,0,-0.052939194437951365
2026-02-14 00:00:00,CELL_007,99.43421310175232,98.71593016096033,0.5961339610076233,76.893319807255,28.715700961626485,23.38751099961126,0,5,1,0,normal,0,-0.052185374817083297
2026-02-14 00:00:00,CELL_008,99.66088017259096,98.96577128431136,0.0627829936270737,79.45425208328638,29.21908189864444,20.20763331500346,0,5,1,0,normal,0,-0.022354439709505458
2026-02-14 01:00:00,CELL_001,99.51481258238668,99.04479863115418,0.0,81.1371562562188,26.36020517827556,18.328608282283305,1,5,1,0,normal,0,-0.0136048387064448
2026-02-14 01:00:00,CELL_002,99.55296887629964,99.0502040504525,0.2238278762933546,76.00238234764814,26.59433876863276,17.722887449246674,1,5,1,0,normal,0,-0.03465536539219005
2026-02-14 01:00:00,CELL_003,98.93972594276173,98.31938632157366,0.0,82.70947007054015,26.238422388433808,24.259970470184737,1,5,1,0,normal,0,-0.03649637566283237
2026-02-14 01:00:00,CELL_004,99.18691449592096,98.43781500963634,0.517288691008627,82.44486936575706,25.94097319017862,15.763413344111898,1,5,1,0,normal,0,-0.05527248694111081
2026-02-14 01:00:00,CELL_005,99.0707283992958,98.1130524178182,0.0322059888014339,84.03429787048279,24.1961509981416,19.63840806708698,1,5,1,0,normal,0,-0.03183842803622994
2026-02-14 01:00:00,CELL_006,99.2210015779637,98.47422495468916,0.337157702763702,84.72386248594759,25.675512671803983,18.96615621270108,1,5,1,0,normal,0,-0.06878497530828748
2026-02-14 01:00:00,CELL_007,99.72664574447748,99.23344929585087,0.2963961429577527,89.77706391951145,22.9740979245444,18.218942210267485,1,5,1,0,normal,0,-0.006883244171764447
2026-02-14 01:00:00,CELL_008,99.89773741531572,98.83028326975004,0.3136993074698413,86.86415105887977,25.089511885807084,22.871720199355668,1,5,1,0,normal,0,-0.04116458808009582
2026-02-14 02:00:00,CELL_001,100.0,98.63338000299902,0.2634985074921922,83.50049048634821,31.43223267555661,20.504271291521945,2,5,1,0,normal,0,-0.045332017993729434
2026-02-14 02:00:00,CELL_002,99.4285706297244,98.7059081037586,0.2705048852893885,82.0617369879936,28.872270387023235,20.195953286567097,2,5,1,0,normal,0,-0.0732099634613057
2026-02-14 02:00:00,CELL_003,98.76600812025671,98.69508808267842,0.4251921749797741,68.10714512651592,35.279023419839206,23.38268439152359,2,5,1,0,normal,0,-0.06603724957543061
2026-02-14 02:00:00,CELL_004,99.09287801678876,97.83330668401318,0.4189404445227103,82.54036434613782,29.82383934860057,19.942625661892134,2,5,1,0,normal,0,-0.0711465978148052
2026-02-14 02:00:00,CELL_005,98.73324050125612,98.98027468492626,0.4100162254275452,80.81161784128307,23.265361225775447,24.288720084126016,2,5,1,0,normal,0,-0.05082651774354552
2026-02-14 02:00:00,CELL_006,98.8754008151656,97.66449262729368,0.244053423149132,80.34806509444083,33.66955224137378,29.08676116961648,2,5,1,0,normal,0,-0.06438319314975455
2026-02-14 02:00:00,CELL_007,99.8168550412665,98.97226569188904,3.019156673344657,57.02364011405024,58.21672992581044,57.79144968687165,2,5,1,1,congestion,1,0.06981218723813198
2026-02-14 02:00:00,CELL_008,99.49624514982534,99.07022015523908,0.2281598410039495,87.54594593590738,34.16872318962428,25.76345469151314,2,5,1,0,normal,0,-0.03893196770894969
2026-02-14 03:00:00,CELL_001,100.0,99.55214170492728,0.2768626803393884,91.15111087825396,28.872738642131445,18.14068361523837,3,5,1,0,normal,1,0.013704698161324136
2026-02-14 03:00:00,CELL_002,99.0588817569976,98.7831716004188,0.2331755161043601,77.73929107635571,34.09377823612137,25.53002363251965,3,5,1,0,normal,0,-0.07520368833256869
2026-02-14 03:00:00,CELL_003,98.77739677839509,98.27974578165488,0.5366274464122917,75.82722053750085,33.82000933151769,35.05350620184448,3,5,1,0,normal,0,-0.07360604536777515
2026-02-14 03:00:00,CELL_004,99.09457861663476,98.56315456007012,0.4478624141312169,84.32103578930366,28.994963149273097,23.147651180964623,3,5,1,0,normal,0,-0.08286182229196631
2026-02-14 03:00:00,CELL_005,98.48734597367014,98.99656895329193,0.3534441621730314,85.3132189481635,28.84334717748292,19.0521290870543,3,5,1,0,normal,0,-0.033077370913507376
2026-02-14 03:00:00,CELL_006,99.48160686358152,98.4661050291262,0.809693083650429,69.36879074188309,38.48255620217826,29.86035556028224,3,5,1,0,normal,0,-0.07402024439644328
2026-02-14 03:00:00,CELL_007,99.7770191224906,99.05494112414378,2.904699652357009,51.13024605555383,52.65917581705331,54.08593854238051,3,5,1,1,congestion,1,0.05808475284654291
2026-02-14 03:00:00,CELL_008,99.13715827620663,98.97019049798548,0.1461667969233538,80.14499448936762,30.868642462649632,25.55313229609223,3,5,1,0,normal,0,-0.057512863918592005
2026-02-14 04:00:00,CELL_001,99.13389604588112,98.43474127570212,0.597753413748217,70.7712168848564,37.41732518914678,24.769632108601577,4,5,1,0,normal,0,-0.0924886563631423
2026-02-14 04:00:00,CELL_002,99.41269920613762,98.40635892019964,0.4692484509914982,64.10716002961362,47.223300968030415,30.277644103111182,4,5,1,0,normal,0,-0.07370630843319348
2026-02-14 04:00:00,CELL_003,98.87641167800348,97.63412715870167,0.3843051242844837,65.41680287428666,40.86164341578439,36.22667465523482,4,5,1,0,normal,0,-0.07141262248572128
2026-02-14 04:00:00,CELL_004,98.7846984834702,98.11373240366832,0.6895705953137609,74.35467111175274,37.22153856929425,29.239995851857,4,5,1,0,normal,0,-0.09706066830422244
2026-02-14 04:00:00,CELL_005,98.51966256999415,97.60117053732364,0.6577048778690924,76.70406856814304,38.87985298294068,25.361407070042876,4,5,1,0,normal,0,-0.07370782228674322
2026-02-14 04:00:00,CELL_006,98.79804475636112,97.92877653338756,0.4265309388636342,71.83639281832444,34.05665575036443,26.555706668478763,4,5,1,0,normal,0,-0.0918639935773321
2026-02-14 04:00:00,CELL_007,99.29389091288829,97.87019702445738,3.224781356020033,51.251335191508936,67.45567044746662,60.24304243729699,4,5,1,1,congestion,1,0.05500267646244883
2026-02-14 04:00:00,CELL_008,99.12040683840485,99.39906725667193,0.2277580031785241,84.24863362935646,40.562335133854354,29.39238140252533,4,5,1,0,normal,0,-0.026293713911050176
2026-02-14 05:00:00,CELL_001,99.54046754792108,98.546199311389,0.4603706004784196,63.69105954678824,33.98789803691459,31.29185358105341,5,5,1,0,normal,0,-0.07795940720098704
2026-02-14 05:00:00,CELL_002,99.24928465806916,98.49239761252107,0.6248514528342687,62.60176208045887,48.16315075378536,32.72391119080723,5,5,1,0,normal,0,-0.08435835330656727
2026-02-14 05:00:00,CELL_003,99.01542260358228,97.32029050048654,0.603548369845056,68.38503740663732,47.0645549342137,33.76493176959005,5,5,1,0,normal,0,-0.08307498268403785
2026-02-14 05:00:00,CELL_004,98.45864096414294,97.82525426259096,0.8237085333703444,67.00172948192801,41.38537207128044,26.653033646124115,5,5,1,0,normal,0,-0.08435654424587485
2026-02-14 05:00:00,CELL_005,98.92493862228652,97.95440403056055,0.3887706713995833,77.46608262433291,38.61681041249632,24.098306010783137,5,5,1,0,normal,0,-0.08976004719596237
2026-02-14 05:00:00,CELL_006,98.60726242036304,97.54800913513576,0.6994108349741867,71.993865224039,44.62929212513768,28.14899335777425,5,5,1,0,normal,0,-0.08438864328296275
2026-02-14 05:00:00,CELL_007,98.946220742366,98.5926423264566,0.7004496315254434,70.114197694967,48.852095763541485,25.93957021857409,5,5,1,0,normal,0,-0.08452587372656811
2026-02-14 05:00:00,CELL_008,99.10358223900482,97.9536340001634,0.4178883780636198,76.39691412324316,35.71255512025519,29.430083295989583,5,5,1,0,normal,0,-0.09528278291813219
2026-02-14 06:00:00,CELL_001,99.37386969929528,97.47892858815092,0.7553859804823376,65.53269953733368,41.93363835076698,34.13102313940435,6,5,1,0,normal,0,-0.07806031763251264
2026-02-14 06:00:00,CELL_002,99.23377151312398,97.71544951005392,0.8434320891259042,72.69971526575007,54.863266698242576,33.290061748023625,6,5,1,0,normal,0,-0.08431585447734896
2026-02-14 06:00:00,CELL_003,98.5794468589988,97.32768989454571,0.6789195164441069,68.74113606226808,53.78344050173671,37.56626118867756,6,5,1,0,normal,0,-0.08107001462787838
2026-02-14 06:00:00,CELL_004,98.42367980571515,98.0221356079983,0.8459618256358618,72.9456315014441,44.12490977223027,34.2408782431058,6,5,1,0,normal,0,-0.08555770335833113
2026-02-14 06:00:00,CELL_005,98.81427669668048,98.0466141728389,0.5529295827068132,70.41364709618304,48.33932506349312,29.18872091440517,6,5,1,0,normal,0,-0.09232900476522204
2026-02-14 06:00:00,CELL_006,97.89794634763275,97.40061063645112,0.9076950067933603,63.36890797493523,56.31011077264043,35.1726653195465,6,5,1,0,normal,0,-0.05992179897219946
2026-02-14 06:00:00,CELL_007,98.67401506192414,98.42224979700488,0.8423932260296554,54.42597067459343,51.049806310982845,34.24622772221088,6,5,1,0,normal,0,-0.0854030905493699
2026-02-14 06:00:00,CELL_008,99.52937641981885,98.7686702423702,0.6630692486591583,70.17877642843493,46.75802269177892,34.11998092326456,6,5,1,0,normal,0,-0.06259422805692871
2026-02-14 07:00:00,CELL_001,98.9506153697604,98.05621827691184,0.6392417769225571,68.91502282970913,46.940113894990496,33.83781848925739,7,5,1,0,normal,0,-0.09726364947877125
2026-02-14 07:00:00,CELL_002,98.97677185240354,97.92589516301574,0.7359411564430691,58.47262194647049,62.3378630668833,38.33041836646333,7,5,1,0,normal,0,-0.08699626358245854
2026-02-14 07:00:00,CELL_003,98.5699264450694,97.42073749370309,0.7484552756425141,53.73057043151713,63.75895027890716,46.42365578503639,7,5,1,0,normal,0,-0.06429129475333317
2026-02-14 07:00:00,CELL_004,98.47135960553608,97.74153554409328,0.6955808344405501,59.03586628147822,60.02428950189576,29.99935555964434,7,5,1,0,normal,0,-0.07927673002820734
2026-02-14 07:00:00,CELL_005,98.71141650138352,96.82200604893424,0.6206416043227576,63.906067412327616,51.39481220092227,30.49648816522605,7,5,1,0,normal,0,-0.0698815363963477
2026-02-14 07:00:00,CELL_006,98.6268801573658,97.17398234487251,0.895730519313064,61.64497515629908,50.96333109703056,32.91499415767568,7,5,1,0,normal,0,-0.08834123338014555
2026-02-14 07:00:00,CELL_007,99.08958402337522,97.82574280203544,0.9262208877958432,65.16577026981423,57.46612276782194,36.43314594696757,7,5,1,0,normal,0,-0.08902037255779832
2026-02-14 07:00:00,CELL_008,99.20238440749364,96.81376691726848,0.736561059910414,56.3515464007546,60.8980188292375,35.24458140816874,7,5,1,0,normal,0,-0.06152965279691236
2026-02-14 08:00:00,CELL_001,98.61359810800994,98.2486375332845,1.1067737678412093,62.81699397942043,67.1944566888592,40.63381761434698,8,5,1,0,normal,0,-0.07161450724739471
2026-02-14 08:00:00,CELL_002,98.5442984114689,97.73650971846035,0.9897930164857668,59.37795668706932,61.4893931360355,47.40216426793163,8,5,1,0,normal,0,-0.07598567323895827
2026-02-14 08:00:00,CELL_003,98.29685295467866,97.04317110991175,1.1262649444812922,51.87574730315044,63.30971548365548,41.21827215581439,8,5,1,0,normal,0,-0.09023919096578076
2026-02-14 08:00:00,CELL_004,98.0994656951634,97.45664970747268,0.937792440498974,64.46502671246579,58.86359710544315,36.52231787172487,8,5,1,0,normal,0,-0.07400612848630578
2026-02-14 08:00:00,CELL_005,98.6065950515688,97.38788534074992,0.9919742977488898,58.250191956715206,53.542474269766416,37.12825610174717,8,5,1,0,normal,0,-0.0982947367421454
2026-02-14 08:00:00,CELL_006,98.05460209002118,97.41780570707915,0.9787778998794612,63.414954431927306,56.83848767578546,34.225410047762644,8,5,1,0,normal,0,-0.0746664294146171
2026-02-14 08:00:00,CELL_007,98.90112764075803,98.07097744537434,1.0048667176075876,53.813294999403695,51.90455966864448,36.982581170010526,8,5,1,0,normal,0,-0.08749043374137855
2026-02-14 08:00:00,CELL_008,99.00157843942814,97.8205430093981,0.919110727540622,60.05514977283178,58.56409198992234,38.19580033012994,8,5,1,0,normal,0,-0.09234989182860925
2026-02-14 09:00:00,CELL_001,98.73145392561636,97.2027327517466,1.2749371226314752,52.78396492155749,71.97056604433041,38.36705731576697,9,5,1,0,normal,0,-0.0804801891321249
2026-02-14 09:00:00,CELL_002,98.66155448785808,97.89048411000852,0.9474628407484216,55.91867438393282,61.14752647012634,38.25470016422656,9,5,1,0,normal,0,-0.09613449100837529
2026-02-14 09:00:00,CELL_003,98.60835037381314,96.86034576010918,1.2249393535781703,50.52481201573063,70.32895031282531,42.18453633842088,9,5,1,0,normal,0,-0.08197905385366439
2026-02-14 09:00:00,CELL_004,97.85235085400984,96.48117553449885,1.287469032379007,59.28725869405024,56.09033493649346,41.0655390093223,9,5,1,0,normal,0,-0.05300508258517472
2026-02-14 09:00:00,CELL_005,98.49415844263538,96.53798537579158,1.0930042079789966,53.1351806906343,61.92162408490852,40.612149476861774,9,5,1,0,normal,0,-0.0800613174016706
2026-02-14 09:00:00,CELL_006,98.07753115664048,96.54000585317768,1.3648188103202938,54.35998122578408,66.1973831380868,39.860451762796174,9,5,1,0,normal,0,-0.06318440020838145
2026-02-14 09:00:00,CELL_007,98.4326124383642,96.98778936230852,1.2610584516606669,50.14339861684764,72.71335910861382,40.56521152091439,9,5,1,0,normal,0,-0.07806849119139525
2026-02-14 09:00:00,CELL_008,98.56328208595382,98.37608043324066,1.2233048096030676,45.34967306711072,73.56452342722139,41.98151271293614,9,5,1,0,normal,0,-0.06788240623578756
2026-02-14 10:00:00,CELL_001,98.70798030103636,97.33867830933238,0.9076405573282844,49.867936490500966,60.823821090878255,38.49594927275832,10,5,1,0,normal,0,-0.0954752268989561
2026-02-14 10:00:00,CELL_002,99.07399203214445,97.09919674730996,1.2764481889131218,56.01807722266698,64.36298340766464,48.25983084364172,10,5,1,0,normal,0,-0.0719183608724217
2026-02-14 10:00:00,CELL_003,98.9162849852458,96.86644913558604,1.2566634460610375,49.601444290050736,62.14500458196073,43.70556744133433,10,5,1,0,normal,0,-0.07735165903003965
2026-02-14 10:00:00,CELL_004,98.2324737639694,97.45663226393953,1.1305799249746058,52.81284328294127,60.19188591828305,38.37148923321912,10,5,1,0,normal,0,-0.09724593930046033
2026-02-14 10:00:00,CELL_005,98.27959576721436,97.2836840302716,1.167520684033427,45.93902538168688,64.88941439174602,45.82223436348157,10,5,1,0,normal,0,-0.0876002631251801
2026-02-14 10:00:00,CELL_006,97.9424164482596,97.25393947096286,1.1792078960162469,46.09466686013381,68.20963737083923,39.73243322974555,10,5,1,0,normal,0,-0.08128631022403698
2026-02-14 10:00:00,CELL_007,98.62574079671552,97.64412069694993,1.1453474774288506,52.43272087976937,69.25650321388363,40.77844154320577,10,5,1,0,normal,0,-0.09446054758921618
2026-02-14 10:00:00,CELL_008,99.4202905770371,98.23235209982091,1.029006728622852,45.73939753481408,65.46506288845971,43.2733384190737,10,5,1,0,normal,0,-0.0598281679520028
2026-02-14 11:00:00,CELL_001,98.54244907503733,97.72917700192176,1.0479157886304646,41.13019230152752,65.51252308314895,38.44919948166497,11,5,1,0,normal,0,-0.07739042722551431
2026-02-14 11:00:00,CELL_002,98.70745591946086,97.2365337078879,1.271319944840595,48.43338550101813,70.36148287564309,41.89866004803838,11,5,1,0,normal,0,-0.09122243493154458
2026-02-14 11:00:00,CELL_003,98.08771741895852,96.90852610281944,1.4237895800127809,39.01174724792577,78.97459253890958,44.586014200853306,11,5,1,0,normal,0,-0.05369356843367884
2026-02-14 11:00:00,CELL_004,97.7780827066719,96.97558277094426,1.1275373910989406,54.75315833086595,63.69084710809639,43.86160920084621,11,5,1,0,normal,0,-0.0677872901723875
2026-02-14 11:00:00,CELL_005,98.61371241159377,97.05759590104184,0.9952918734065596,59.30811336487022,61.24945562968604,37.40032667157381,11,5,1,0,normal,0,-0.08444551266529204
2026-02-14 11:00:00,CELL_006,98.12325689295656,97.26218586454188,1.279720323495202,59.68830768174475,69.55517119486998,45.19112170698536,11,5,1,0,normal,0,-0.07369324102392094
2026-02-14 11:00:00,CELL_007,98.5031846624033,97.08210070441278,1.216539615900421,48.37857003691644,69.3451868469676,37.63206125193389,11,5,1,0,normal,0,-0.0898606912236029
2026-02-14 11:00:00,CELL_008,98.13573958328443,97.52878654930056,1.522969251112387,46.07635711479594,77.4118698904861,41.09039228691271,11,5,1,0,normal,0,-0.061931506003281345
2026-02-14 12:00:00,CELL_001,98.7681970553651,96.94423957604968,1.0459153442879234,50.3353540548995,72.444385700813,42.7291680817787,12,5,1,0,normal,0,-0.07999723214545834
2026-02-14 12:00:00,CELL_002,98.90681679246764,97.73090578498169,1.1930560294299637,43.85890418653876,67.78747034801876,39.146454879452136,12,5,1,0,normal,0,-0.08385645373209083
2026-02-14 12:00:00,CELL_003,98.22750347473205,97.09106802439156,1.3323016495933129,40.36810613411757,86.41333293028946,49.919004825747145,12,5,1,0,normal,0,-0.041340989481683854
2026-02-14 12:00:00,CELL_004,98.43615940249283,96.86648500056496,1.1140352118044206,39.54147367492771,67.49172438838974,48.26255739197354,12,5,1,0,normal,0,-0.06726996941817537
2026-02-14 12:00:00,CELL_005,98.02871032782777,96.5851668761903,1.2303642601078062,44.08011910125084,66.9423871504933,50.6135868811456,12,5,1,0,normal,0,-0.060786827556358836
2026-02-14 12:00:00,CELL_006,97.7287595655695,96.62687102508532,1.7849451979438695,48.71917715617455,82.23914492936876,45.14268204978596,12,5,1,0,normal,0,-0.025753806239178667
2026-02-14 12:00:00,CELL_007,98.9133471973812,97.80678178235958,1.0592253293671738,57.40442413708197,62.85084237407303,41.379728418859344,12,5,1,0,normal,0,-0.09326886606782236
2026-02-14 12:00:00,CELL_008,98.52913241939356,97.77321114987858,1.351099999914677,51.83311858611694,65.84255662105569,44.71289025659222,12,5,1,0,normal,0,-0.09914793094820029
2026-02-14 13:00:00,CELL_001,98.45587558079902,97.81021017326032,1.3187089582120015,43.06022880509541,73.35039069973921,45.66400367660191,13,5,1,0,normal,0,-0.0799828433670981
2026-02-14 13:00:00,CELL_002,98.92178314150044,97.57865548869376,1.201979562403495,51.101224051599374,67.31759182773045,44.18008976426594,13,5,1,0,normal,0,-0.09157594440239425
2026-02-14 13:00:00,CELL_003,98.27898735933904,96.924098105379,1.6609751938230222,43.54527564901484,71.62774723611447,48.65648271945943,13,5,1,0,normal,0,-0.058798804452082354
2026-02-14 13:00:00,CELL_004,97.88102252861296,96.51440762228052,1.1786066443323238,55.32038045060849,67.47390477384545,42.72052064515329,13,5,1,0,normal,0,-0.06325962059507173
2026-02-14 13:00:00,CELL_005,98.6755429652426,96.49821455815108,0.8169959532623806,61.02121018036309,65.45977252541981,38.51951642562634,13,5,1,0,normal,0,-0.06596302340084426
2026-02-14 13:00:00,CELL_006,97.72814422027184,97.07138469292283,1.1827344883259971,44.10017818807189,64.04359969711216,44.94158024379,13,5,1,0,normal,0,-0.06412721286248735
2026-02-14 13:00:00,CELL_007,98.80483023161734,97.1271350956484,1.1796861175926212,44.76730099914669,73.31643612109255,46.4483212875224,13,5,1,0,normal,0,-0.07364572186900864
2026-02-14 13:00:00,CELL_008,98.94254840725326,96.95505419134211,1.1296971582297806,44.83418921484272,77.1950387289988,47.81747486807792,13,5,1,0,normal,0,-0.055389140847561746
2026-02-14 14:00:00,CELL_001,98.43052094730275,97.36617298653078,0.9493419459677692,60.96320970893831,69.92109240100321,43.61342503910632,14,5,1,0,normal,0,-0.07978094140791525
2026-02-14 14:00:00,CELL_002,98.4636110388232,98.13268887009544,0.9103098910465792,43.9590471320483,70.23504738149632,44.07236629668383,14,5,1,0,normal,0,-0.07210571491310985
2026-02-14 14:00:00,CELL_003,98.35959674881136,97.16423014270848,1.241814451641538,50.18233145296249,65.45598606462819,44.72105486949776,14,5,1,0,normal,0,-0.09629436855673001
2026-02-14 14:00:00,CELL_004,98.0339433989918,97.19100095428053,1.2404130693520925,49.66439355084019,68.89509764356072,47.34921367894654,14,5,1,0,normal,0,-0.07941830757447194
2026-02-14 14:00:00,CELL_005,97.98844452264532,96.79109139951233,1.0202629204609832,51.06188236725568,69.07644284031213,43.25467641111677,14,5,1,0,normal,0,-0.07717300129739879
2026-02-14 14:00:00,CELL_006,97.77856410103765,96.40945259581366,1.3269919001144774,49.730275700240846,74.36587466077806,43.91212311118335,14,5,1,0,normal,0,-0.057180624097508403
2026-02-14 14:00:00,CELL_007,98.79452931861152,97.5419721625898,0.730791282993086,56.20105890855511,71.18495887463963,35.832123421891,14,5,1,0,normal,0,-0.0801673146385195
2026-02-14 14:00:00,CELL_008,98.7477980109462,97.42266662465356,1.0387675265174718,53.15899782280316,69.16852019250717,42.5378507464326,14,5,1,0,normal,0,-0.09506677907920186
2026-02-14 15:00:00,CELL_001,98.90842842122488,97.66038048757925,0.9297601163593232,58.99416250030313,59.25152226535898,39.686941427492606,15,5,1,0,normal,0,-0.09895338441993384
2026-02-14 15:00:00,CELL_002,98.73093840734268,97.50035588173466,1.3065726874085306,57.36434044742338,66.1877671942484,38.129775720545126,15,5,1,0,normal,0,-0.08890074131154801
2026-02-14 15:00:00,CELL_003,98.52175014120202,97.11412282674875,1.4062586097001868,51.52510089766266,69.44475257918602,43.24337848140156,15,5,1,0,normal,0,-0.09048821779925298
2026-02-14 15:00:00,CELL_004,98.39927259930052,97.33342850924588,1.1128860411772,51.72329578824214,63.20944880339184,43.72580784005152,15,5,1,0,normal,0,-0.09992202860841465
2026-02-14 15:00:00,CELL_005,98.08089453531063,97.3305775657898,1.0257519254033811,45.86282071720011,57.20640342096811,36.31472281827602,15,5,1,0,normal,0,-0.08127622042530136
2026-02-14 15:00:00,CELL_006,97.77589181466972,96.4844946518459,1.3875987879854246,45.76203562005335,68.2749630956699,48.41639797129511,15,5,1,0,normal,0,-0.03698464080807495
2026-02-14 15:00:00,CELL_007,98.569416221984,97.3142736342274,1.323806265581405,54.60907933889919,62.11237041969488,40.51317197683469,15,5,1,0,normal,0,-0.09866814022644987
2026-02-14 15:00:00,CELL_008,99.36393969759018,97.8488897249449,1.3280076907098677,47.999577770932646,61.65933223725024,44.21438767021479,15,5,1,0,normal,0,-0.06950030352219178
2026-02-14 16:00:00,CELL_001,98.94651911756662,97.35632529663768,1.0787505101660548,52.07096928777317,61.19636975932482,35.78402230643981,16,5,1,0,normal,0,-0.09178682879835975
2026-02-14 16:00:00,CELL_002,99.07417314729022,97.12189021884892,0.8388845461889118,57.10068557979726,55.20512727965474,38.33795042097584,16,5,1,0,normal,0,-0.08825792031111762
2026-02-14 16:00:00,CELL_003,98.4838478877263,97.02660684127557,0.9556039684030162,63.23014179751591,73.31526247425867,43.537506482095765,16,5,1,0,normal,0,-0.06507250566813277
2026-02-14 16:00:00,CELL_004,98.82602634143537,97.0890726270484,0.959955341912649,57.08615626409265,64.13749426760332,41.829108101032894,16,5,1,0,normal,0,-0.08632781637103709
2026-02-14 16:00:00,CELL_005,98.36635184141495,97.39037121121946,0.8629370871867097,59.51777597244466,57.68482424261597,36.09515721787509,16,5,1,0,normal,0,-0.09417839668047273
2026-02-14 16:00:00,CELL_006,98.3099070612352,97.17766925228467,1.09027352832323,53.43391528393013,58.69837690530531,39.21641037289672,16,5,1,0,normal,0,-0.09070205240697587
2026-02-14 16:00:00,CELL_007,98.90008933236624,98.03714296835346,0.715897723734574,56.24484485619787,53.43829160259854,34.8763855548618,16,5,1,0,normal,0,-0.09991303713073807
2026-02-14 16:00:00,CELL_008,98.73923057861758,97.60987212878052,1.039510643048439,60.239321456943,64.12518744258672,40.0698224113141,16,5,1,0,normal,0,-0.09363312065066526
2026-02-14 17:00:00,CELL_001,98.76826904960362,98.20060446631273,0.7882162693673521,59.882422981883096,53.27453571807203,37.116564748624576,17,5,1,0,normal,0,-0.08943416252985947
2026-02-14 17:00:00,CELL_002,98.89572297137512,97.94772922574484,0.9154497732371342,63.44418726287286,50.21238691965604,35.64097209824176,17,5,1,0,normal,0,-0.09264574505880968
2026-02-14 17:00:00,CELL_003,98.4224536579951,97.77847772765666,0.9063349470025536,51.01642905481696,59.34127662099212,43.94515282138088,17,5,1,0,normal,0,-0.07276106143681516
2026-02-14 17:00:00,CELL_004,98.45526699441756,96.96965089458992,0.8737777004506169,66.11639384037426,43.91405574692341,34.41962666632542,17,5,1,0,normal,0,-0.06777488774326562
2026-02-14 17:00:00,CELL_005,98.48678390748924,97.94465598123236,0.8608392458086398,64.82070037280393,43.06183812733857,25.91239021614769,17,5,1,0,normal,0,-0.07980046487605919
2026-02-14 17:00:00,CELL_006,98.54066118661645,96.79354383945774,0.8334377150820182,54.266144006143406,67.69393321607448,36.121665788824565,17,5,1,0,normal,0,-0.06433694996722616
2026-02-14 17:00:00,CELL_007,99.50256569442377,97.84419133178169,0.8174330310149177,58.85841672866032,54.4929992292062,36.26612193951495,17,5,1,0,normal,0,-0.07411860740830695
2026-02-14 17:00:00,CELL_008,98.69184526637588,98.17377017829432,0.9875455943742032,64.7532373480616,62.57949426082745,38.3527010115715,17,5,1,0,normal,0,-0.07874385066518808
2026-02-14 18:00:00,CELL_001,99.49022017025858,99.22289431782154,0.6412070549740313,69.81589938321548,43.3339248497158,30.53180227719471,18,5,1,0,normal,0,-0.048689973591151015
2026-02-14 18:00:00,CELL_002,99.06308500984596,97.27756058483185,0.682623083692021,63.61540044621304,47.25229443106271,29.870026573037844,18,5,1,0,normal,0,-0.07212791946478847
2026-02-14 18:00:00,CELL_003,99.01369208127576,97.94184202773332,0.9901230277442028,67.2088830410717,47.81687521220541,36.9878723095293,18,5,1,0,normal,0,-0.07820604795905
2026-02-14 18:00:00,CELL_004,98.3642332979322,97.8393260711494,0.9844889365723862,65.91720650852331,43.291239683354135,29.79749447918961,18,5,1,0,normal,0,-0.0760025485110768
2026-02-14 18:00:00,CELL_005,98.60815373081633,98.21045212527834,0.7929165055942294,72.37214452788743,38.59825580769788,26.624660207828374,18,5,1,0,normal,0,-0.08005735964078908
2026-02-14 18:00:00,CELL_006,98.3961673913723,96.47447668854323,0.9228191717356828,71.3378782677351,52.67161825802084,29.082156609482105,18,5,1,0,normal,0,-0.04313625189248671
2026-02-14 18:00:00,CELL_007,98.890526385582,97.72422535471097,0.6046799766320998,63.94065263380045,48.20365794610196,31.609794146487577,18,5,1,0,normal,0,-0.08679624239898215
2026-02-14 18:00:00,CELL_008,99.05261064566535,98.29311479996338,0.942979817691494,70.1316711768689,49.27103146747373,37.857728796144855,18,5,1,0,normal,0,-0.07320845332557668
2026-02-14 19:00:00,CELL_001,98.87986694180744,98.73189771998346,0.3782138121741564,71.49397488394925,31.16653968293897,30.40483984835933,19,5,1,0,normal,0,-0.06828483823664355
2026-02-14 19:00:00,CELL_002,99.1569954992253,98.63754254155415,0.5029902240020395,74.36368410754334,36.98969206712705,32.80009128753028,19,5,1,0,normal,0,-0.07490240222557693
2026-02-14 19:00:00,CELL_003,98.90735456968343,98.65642282970848,0.680808795944206,74.68964283268494,43.99881973803562,33.585683854134714,19,5,1,0,normal,0,-0.06818908992983103
2026-02-14 19:00:00,CELL_004,98.89728205266192,97.98278130231051,0.6873770189632924,75.21800482704606,34.68288455411002,29.16776246782043,19,5,1,0,normal,0,-0.08647444485053041
2026-02-14 19:00:00,CELL_005,98.75083697183594,98.086772691221,0.6478697212942508,72.70915133924136,50.98243914890431,30.76832046175579,19,5,1,0,normal,0,-0.07964004245508477
2026-02-14 19:00:00,CELL_006,98.7758166442261,97.9095766300807,0.5935322928891746,65.46540712818775,40.0009160470051,33.79820701050734,19,5,1,0,normal,0,-0.08711827552603019
2026-02-14 19:00:00,CELL_007,99.4538889683062,98.40854110671266,0.7508178771474284,74.99329993094892,42.17996532707557,23.82027237587106,19,5,1,0,normal,0,-0.06428335370470067
2026-02-14 19:00:00,CELL_008,99.33966640414371,98.96383657139054,0.5130429593934885,66.5950237608126,44.03381052735624,26.95204331380658,19,5,1,0,normal,0,-0.05601077180761849
2026-02-14 20:00:00,CELL_001,99.18522865147426,98.1667785293456,0.6200425849843556,78.54827049302156,38.79134394780037,22.345645723648648,20,5,1,0,normal,0,-0.0735190310484532
2026-02-14 20:00:00,CELL_002,99.13645126521524,98.44189317993282,0.7171199724702592,70.86358428460771,38.24982672618878,32.274253835359644,20,5,1,0,normal,0,-0.07638683461749424
2026-02-14 20:00:00,CELL_003,98.779183307025,98.18194046921786,0.5353711250191044,71.92838632954401,39.86814600550948,30.929392170109445,20,5,1,0,normal,0,-0.08278924135910959
2026-02-14 20:00:00,CELL_004,98.78574159021504,97.33110374931744,0.459969528001466,84.224250628591,35.41560093624399,25.72787253424928,20,5,1,0,normal,0,-0.05140608750823339
2026-02-14 20:00:00,CELL_005,98.85340894585909,97.91330414603205,0.5614660067789525,80.05945879086813,33.524788159655266,29.139635609660274,20,5,1,0,normal,0,-0.07281838688221504
2026-02-14 20:00:00,CELL_006,98.8653513225177,98.330804688224,0.7594435333642666,83.34787883000388,42.36025963752825,26.27184821401075,20,5,1,0,normal,0,-0.059939011006100884
2026-02-14 20:00:00,CELL_007,99.34673215023906,98.47681960633064,0.390774884075828,78.58480486077048,51.15416839337721,25.32538316140714,20,5,1,0,normal,0,-0.052976670741765874
2026-02-14 20:00:00,CELL_008,99.0715984768428,98.96501384180463,0.2982861526785057,80.52597779490102,33.41105404077932,21.74196598791338,20,5,1,0,normal,0,-0.06274372900376823
2026-02-14 21:00:00,CELL_001,99.40991162342016,99.0837306879214,0.2941759037869812,79.32081026345658,29.674816089392092,25.341986299902462,21,5,1,0,normal,0,-0.05149422648131685
2026-02-14 21:00:00,CELL_002,99.507085993836,98.9103761802701,0.1628699093649654,70.30146509747638,34.7871037322592,27.167861100133383,21,5,1,0,normal,0,-0.043497307370614524
2026-02-14 21:00:00,CELL_003,99.56337969631232,97.9095914322008,0.3433578949605674,69.10772648685611,37.77435504258751,23.580364930448106,21,5,1,0,normal,0,-0.04865259723182813
2026-02-14 21:00:00,CELL_004,98.94914374341604,98.282840080311,0.3332440823215759,82.21710020117978,27.53066400654387,22.72110625264673,21,5,1,0,normal,0,-0.06459954927493133
2026-02-14 21:00:00,CELL_005,98.82771107935278,98.3555382344746,0.5043709980192206,81.27441747861906,26.28415796883176,14.976356663959136,21,5,1,0,normal,0,-0.03460063755665632
2026-02-14 21:00:00,CELL_006,98.82572711762216,98.10817133311056,0.5669155333219921,78.63409383719858,34.28969896746989,24.250599171766037,21,5,1,0,normal,0,-0.06826626397659086
2026-02-14 21:00:00,CELL_007,99.44427216675405,98.31643295568124,0.1904144992759387,69.38697277425827,29.828499762613884,21.11393655795025,21,5,1,0,normal,0,-0.044828286964746944
2026-02-14 21:00:00,CELL_008,99.2908107787618,98.89258072951183,0.6106405604666889,86.14232245473812,37.28362572952776,29.89945068928964,21,5,1,0,normal,0,-0.047674864188335886
2026-02-14 22:00:00,CELL_001,99.46833875942278,98.8048970370967,0.1844838063824839,80.46735559955142,26.769661538407977,17.01969475085138,22,5,1,0,normal,0,-0.02776363974756446
2026-02-14 22:00:00,CELL_002,99.5221117083978,99.1220529584118,0.0716144400659796,75.17767975421383,29.971387235186445,18.11034224018337,22,5,1,0,normal,0,-0.012894898363098983
2026-02-14 22:00:00,CELL_003,99.02852762707477,97.92491134566464,0.6241310245800564,84.6202150880538,34.420988458512035,20.36043596411436,22,5,1,0,normal,0,-0.04439760433041162
2026-02-14 22:00:00,CELL_004,99.03189020817516,98.56945083102325,0.4354880594892237,91.96939862427686,26.796228920315308,24.469023148545883,22,5,1,0,normal,0,-0.028490190536215376
2026-02-14 22:00:00,CELL_005,98.83386536383097,97.8445161787496,0.6067700339543536,76.63573230313325,30.64053345632316,22.519379267464743,22,5,1,0,normal,0,-0.05659825602726831
2026-02-14 22:00:00,CELL_006,98.65634136144958,98.09352706860987,0.4257547158051206,73.48969608091673,31.44616817248648,22.170105324254777,22,5,1,0,normal,0,-0.05409626957914898
2026-02-14 22:00:00,CELL_007,99.32537731331092,98.9147168752086,0.3861160911241302,88.2038101501455,31.838284635387648,24.001683530929935,22,5,1,0,normal,0,-0.04273049360153891
2026-02-14 22:00:00,CELL_008,99.55879568321603,98.83934675473468,0.4088688030474219,73.75571984103627,23.2904940277432,18.67509101105433,22,5,1,0,normal,0,-0.029918011642444564
2026-02-14 23:00:00,CELL_001,99.50944918802212,99.43178404990957,0.2455168979039146,94.45220342577892,36.94103601041364,18.808030242345914,23,5,1,0,normal,1,0.01877830932726754
2026-02-14 23:00:00,CELL_002,99.5130900448979,99.24459894094316,0.2924400825148524,76.24595320798333,21.42596697178685,19.27152338774613,23,5,1,0,normal,0,-0.014682679065487925
2026-02-14 23:00:00,CELL_003,99.16150199729132,98.63534774345985,0.5717057464146091,66.84390057195421,30.07803899678825,31.045886706855413,23,5,1,0,normal,0,-0.047389371485959675
2026-02-14 23:00:00,CELL_004,99.09397530377636,97.49997349084322,0.2537020426082177,82.63965886171798,17.612869379340058,19.71052193796753,23,5,1,0,normal,0,-0.010989355651738864
2026-02-14 23:00:00,CELL_005,99.3383267239713,97.89294388524748,0.4066837473794896,82.96815820368984,29.78537279700304,18.443766419505447,23,5,1,0,normal,0,-0.035257297568980106
2026-02-14 23:00:00,CELL_006,99.29322359728452,98.66695556339734,0.681730094458761,87.09518896607237,22.14888946900636,20.481590698114665,23,5,1,0,normal,0,-0.023235417598243435
2026-02-14 23:00:00,CELL_007,99.9959998592414,99.07601147055506,0.143382549996982,79.5601416960061,17.76575764028425,21.16611791047177,23,5,1,0,normal,1,0.011350749933789706
2026-02-14 23:00:00,CELL_008,99.51426256367398,98.84890057094844,0.5131931423113911,81.17831530207066,30.92050720850679,22.78062593103032,23,5,1,0,normal,0,-0.049907231391305484
2026-02-15 00:00:00,CELL_001,100.0,99.23305104716744,0.225318871947644,85.24654165760111,26.46992666189722,21.60309469590915,0,6,1,0,normal,1,0.004689120083075982
2026-02-15 00:00:00,CELL_002,99.7440472545763,98.07008691722828,0.2327008238833535,88.92090105189584,26.88851602864831,19.481380773860824,0,6,1,0,normal,0,-0.012452937069996173
2026-02-15 00:00:00,CELL_003,99.26708182340572,98.20475504319012,0.3850078115598976,79.0920701717636,24.93366152148174,20.06559740240452,0,6,1,0,normal,0,-0.04683429146345808
2026-02-15 00:00:00,CELL_004,99.48947025506854,98.3050656939185,0.3752637610128488,85.89871277969102,25.652598753494523,23.12196341542422,0,6,1,0,normal,0,-0.04648484873743697
2026-02-15 00:00:00,CELL_005,99.1132123913213,98.74756961949778,0.3442089662746592,88.02262921804368,19.219360310551213,14.251842079591306,0,6,1,0,normal,0,-0.0006393716832618912
2026-02-15 00:00:00,CELL_006,98.76401751957852,98.37527391565074,0.3390276587215118,81.07512554248372,25.767386235062432,25.40910749907965,0,6,1,0,normal,0,-0.04845439323070555
2026-02-15 00:00:00,CELL_007,99.8807572564266,98.23337679785904,0.0251971752704059,90.08682647854818,31.724255782582183,21.188875622094784,0,6,1,0,normal,1,0.007521602484117373
2026-02-15 00:00:00,CELL_008,99.37212931758616,98.86406628630304,0.3661988661229595,86.9732884578947,23.006341539442356,19.96659814437933,0,6,1,0,normal,0,-0.03057205140300745
2026-02-15 01:00:00,CELL_001,99.32009887372529,97.74377314285744,0.3313485519952749,84.42315798891002,29.14937506645254,23.22064107939072,1,6,1,0,normal,0,-0.05810645368645995
2026-02-15 01:00:00,CELL_002,99.92406607692648,98.2586509285236,0.3299262270012988,89.21172589214194,19.22827243031684,19.242957141263936,1,6,1,0,normal,0,-0.005516348358487688
2026-02-15 01:00:00,CELL_003,99.18185802732673,98.76007320718723,0.2830138364252368,88.03343749911262,28.750881373890724,20.03306162554516,1,6,1,0,normal,0,-0.04622274868806642
2026-02-15 01:00:00,CELL_004,98.62116484780552,98.32022359000112,0.3178153314069156,93.75499142340752,28.192894621097132,19.67298599804812,1,6,1,0,normal,0,-0.024375244873946822
2026-02-15 01:00:00,CELL_005,98.61485170730654,97.91863752235167,0.1712102318772807,89.29206354550864,30.27143900111476,16.625514827072564,1,6,1,0,normal,0,-0.008696212343886622
2026-02-15 01:00:00,CELL_006,98.99432945240876,97.88961327316768,0.4003758205776042,79.05716286416158,30.26344359206344,22.608873261489297,1,6,1,0,normal,0,-0.06921131696182165
2026-02-15 01:00:00,CELL_007,99.7552514621978,98.39284590899506,0.1550136077818457,78.62242568421091,26.49225177314226,22.02746377258333,1,6,1,0,normal,0,-0.04740479636154937
2026-02-15 01:00:00,CELL_008,99.07741490924305,99.45187859767712,0.1506571132573567,81.48459108997083,32.39068446867629,12.520077632106506,1,6,1,0,normal,0,-0.0010151498375067236
2026-02-15 02:00:00,CELL_001,100.0,98.49855412384188,0.1644179894440265,79.44055968693158,31.76513773394132,19.12425191122512,2,6,1,0,normal,0,-0.03436954377491197
2026-02-15 02:00:00,CELL_002,99.82652147387547,98.65020672336632,0.3536522414942709,85.06668726988647,25.298660970878142,20.061795822697206,2,6,1,0,normal,0,-0.04548376272873256
2026-02-15 02:00:00,CELL_003,99.25491920541567,98.10332749267732,0.2620149118084978,77.64026908676682,32.593576788251866,24.409771654878806,2,6,1,0,normal,0,-0.07289124110155931
2026-02-15 02:00:00,CELL_004,99.4672757483038,98.3647577070216,0.2864561850679411,87.82254531458679,27.36891166650539,18.607581150662373,2,6,1,0,normal,0,-0.04771792105203576
2026-02-15 02:00:00,CELL_005,99.4115770350345,97.88103712851512,0.3740922789174754,81.63071493063076,23.03985387561928,18.586668121388414,2,6,1,0,normal,0,-0.04634858590877533
2026-02-15 02:00:00,CELL_006,98.9171554348131,97.83133944200102,0.4665806998709333,86.9744615000258,27.8651073276928,22.270639519260243,2,6,1,0,normal,0,-0.05779705100286725
2026-02-15 02:00:00,CELL_007,99.63605396780474,98.9710567194404,0.3642957507947197,85.90637678689761,24.6591872538123,21.345630331644877,2,6,1,0,normal,0,-0.045761976066388654
2026-02-15 02:00:00,CELL_008,99.33069356327783,98.67436464756489,0.2841391255884147,80.81643392886612,23.22538604485495,20.745427447097853,2,6,1,0,normal,0,-0.06259377043672365
2026-02-15 03:00:00,CELL_001,99.60890625809766,99.05461451953478,0.3160144702831564,81.14971276703442,33.85569811423353,23.796063049678715,3,6,1,0,normal,0,-0.05895918928104826
2026-02-15 03:00:00,CELL_002,99.55195246323272,98.61694519549783,0.3632917442575606,80.23149494533627,32.36028273551857,26.494306827939702,3,6,1,0,normal,0,-0.0752401265240163
2026-02-15 03:00:00,CELL_003,98.83875944942834,98.35238742118511,0.5137747874219141,83.99526463587593,30.288260650202236,27.642580927073112,3,6,1,0,normal,0,-0.07315633229784557
2026-02-15 03:00:00,CELL_004,98.89862402480917,98.1562938004714,0.1360255690106372,85.60935156753028,25.70840154520839,20.75045965168557,3,6,1,0,normal,0,-0.045883881920921854
2026-02-15 03:00:00,CELL_005,99.09917869679448,98.3060599810705,0.3198919658043992,88.41800531229954,29.809844889230348,22.47921500667268,3,6,1,0,normal,0,-0.06708142296734843
2026-02-15 03:00:00,CELL_006,98.8193805323022,97.48215306960758,0.4433849401340281,74.06491961716063,36.30609078222648,27.22066473722956,3,6,1,0,normal,0,-0.06746033281811548
2026-02-15 03:00:00,CELL_007,99.08650752143384,98.96708656542916,0.3253846705208703,75.2179543131318,19.65005398854339,15.684856007447811,3,6,1,0,normal,0,-0.027922198990590896
2026-02-15 03:00:00,CELL_008,99.21992961511586,98.63792690480425,0.3569981180476782,75.2784212296006,39.52077801028712,22.2872451808,3,6,1,0,normal,0,-0.06993906364621999
2026-02-15 04:00:00,CELL_001,99.38099938067732,98.56470128656976,0.5029133874041762,75.57822332844331,40.09711050625173,22.723611805784174,4,6,1,0,normal,0,-0.07150194037819169
2026-02-15 04:00:00,CELL_002,99.75295208292056,98.54604454849915,0.5541077348549049,79.71227162070706,43.31137006167432,30.18061422642913,4,6,1,0,normal,0,-0.053895681202059176
2026-02-15 04:00:00,CELL_003,99.00997402263792,97.5755121856152,0.5135954785536887,61.35999638745503,46.24005786566876,32.751239671438555,4,6,1,0,normal,0,-0.06892514748975037
2026-02-15 04:00:00,CELL_004,99.02243475447143,98.05840254982029,0.535541344622515,81.3048404036794,33.60466955901096,24.611482238226525,4,6,1,0,normal,0,-0.08581369129690947
2026-02-15 04:00:00,CELL_005,98.9964979807736,97.94337590150364,0.7368946234493254,80.45010860147488,31.58169792358145,25.193836263498635,4,6,1,0,normal,0,-0.07923164795094995
2026-02-15 04:00:00,CELL_006,98.66445284443692,97.51485714044426,0.7296681208184739,67.29767208766748,51.81074668390614,30.943764088489804,4,6,1,0,normal,0,-0.08031906518467369
2026-02-15 04:00:00,CELL_007,99.46647399303858,98.56256957248236,0.4829630017176421,74.43586957750827,30.88975130916255,16.413492718267044,4,6,1,0,normal,0,-0.052415235994434706
2026-02-15 04:00:00,CELL_008,99.69533486677145,97.7793939717495,0.4506633932919971,72.55130990098945,29.01137211651369,26.03656708531501,4,6,1,0,normal,0,-0.06138326460543758
2026-02-15 05:00:00,CELL_001,99.40153305539884,98.04003771567518,0.3718356931009528,61.74270331359429,44.305130426770965,32.656835671644856,5,6,1,0,normal,0,-0.06375912173965081
2026-02-15 05:00:00,CELL_002,99.36655383066962,98.30791946949478,0.6579532024294725,68.89688100748076,46.07842253802356,29.25454564217791,5,6,1,0,normal,0,-0.07590501743301054
2026-02-15 05:00:00,CELL_003,98.31415536435074,98.0587435279972,0.7052499615741143,59.34247422017059,48.03528448202809,38.72126647203293,5,6,1,0,normal,0,-0.07357597413239153
2026-02-15 05:00:00,CELL_004,98.70989632152065,97.74193228072949,0.7165750119190076,78.2921131694292,37.02784861549035,29.193559620938643,5,6,1,0,normal,0,-0.08082160430693319
2026-02-15 05:00:00,CELL_005,98.970042904462,97.82522570349444,0.6430520248084665,69.45910833083586,45.30824631890498,23.466195267337937,5,6,1,0,normal,0,-0.07521671619568437
2026-02-15 05:00:00,CELL_006,98.83891785709474,98.02261893725334,0.7038420354570996,72.82830404816954,40.90888739466665,31.47985558016772,5,6,1,0,normal,0,-0.09165621497538973
2026-02-15 05:00:00,CELL_007,99.0688274542585,98.8347129942786,0.6429764411910531,80.25145253532786,37.1309379201544,22.864710777222133,5,6,1,0,normal,0,-0.06774624439492044
2026-02-15 05:00:00,CELL_008,99.3814071375614,98.3079878810504,0.8075386415393561,74.75474864357201,40.82485967258308,31.118485909693906,5,6,1,0,normal,0,-0.07236147960489464
2026-02-15 06:00:00,CELL_001,99.81282706965348,98.02340421488292,0.6108463678404613,77.43753152469878,54.784761404168016,31.14337729324753,6,6,1,0,normal,0,-0.04858872184014762
2026-02-15 06:00:00,CELL_002,99.34918918106212,98.24510012475432,0.946157373414892,68.35802304046686,45.1843027812596,29.798194293941563,6,6,1,0,normal,0,-0.07010336789446703
2026-02-15 06:00:00,CELL_003,98.33487376176512,97.21246956674858,1.1015278327381854,58.706567644171365,56.768563489447246,40.25903681810299,6,6,1,0,normal,0,-0.07676093449750993
2026-02-15 06:00:00,CELL_004,98.53760420545858,97.51037652834812,0.9216831292576292,63.86766560250367,50.82662066447094,27.915850215944257,6,6,1,0,normal,0,-0.0803273508883775
2026-02-15 06:00:00,CELL_005,98.85079906671064,98.49844267055718,0.7375253673523919,70.17209182199225,44.50598884719087,25.205516851064854,6,6,1,0,normal,0,-0.07531346559871044
2026-02-15 06:00:00,CELL_006,98.34751276032436,97.42397254123917,1.0471916488729094,53.70552304216167,52.5517797105406,35.31697656938183,6,6,1,0,normal,0,-0.07385461068189242
2026-02-15 06:00:00,CELL_007,99.23643919449924,97.67280885681365,0.950630560014125,64.37748331090843,55.81031955516435,33.771815769052054,6,6,1,0,normal,0,-0.07203418633187292
2026-02-15 06:00:00,CELL_008,99.52231869212046,97.56311034566424,0.765540131089965,56.943034493949824,49.17322207134171,31.420648125303444,6,6,1,0,normal,0,-0.06585167373141615
2026-02-15 07:00:00,CELL_001,98.7961876305512,97.3743388520648,0.874137545448824,68.72340637176723,48.25733239884085,38.50886045466299,7,6,1,0,normal,0,-0.07816737806201302
2026-02-15 07:00:00,CELL_002,99.0832220320656,97.60044716668114,0.6102530268845078,64.2107449367614,45.60764519059664,30.10646000126523,7,6,1,0,normal,0,-0.08098834334876248
2026-02-15 07:00:00,CELL_003,99.10200399255532,97.71906219577986,0.6485332248747426,62.93356698938129,57.64284823623087,33.66948659161777,7,6,1,0,normal,0,-0.07721394483201066
2026-02-15 07:00:00,CELL_004,98.5152933980597,97.67372472937726,0.599243185813584,68.0882477734261,43.34927501812876,34.624646114728826,7,6,1,0,normal,0,-0.0784104698304185
2026-02-15 07:00:00,CELL_005,98.2825654162627,97.20349203314198,1.0671821817220395,67.28969345982186,43.5903508286602,34.29237434612766,7,6,1,0,normal,0,-0.058011303432761396
2026-02-15 07:00:00,CELL_006,98.45181096684584,97.75336236578744,0.9712734052280771,59.097800562264695,56.12141161217008,35.87133930722004,7,6,1,0,normal,0,-0.08554287880297545
2026-02-15 07:00:00,CELL_007,99.18271003123196,98.13926819308544,0.8336027278300058,64.44875446250829,52.870082556228574,36.63012207182104,7,6,1,0,normal,0,-0.0756967025970296
2026-02-15 07:00:00,CELL_008,98.97308485760492,97.96915411650347,0.98387083744548,54.61786723652425,52.32209998388221,34.975368861779415,7,6,1,0,normal,0,-0.08478402392686413
2026-02-15 08:00:00,CELL_001,98.63399419942198,97.81486021489492,0.754857275395065,55.390937397250696,60.65607788971393,36.83579562005811,8,6,1,0,normal,0,-0.08848279584604118
2026-02-15 08:00:00,CELL_002,98.84207840454556,97.59145003945297,0.947559857017484,55.01225230131699,59.50608788269343,35.81780747647794,8,6,1,0,normal,0,-0.0881210606258524
2026-02-15 08:00:00,CELL_003,98.22393566681004,97.392894880064,1.1353799456522258,55.70176301457172,57.27400178382535,41.69829454261748,8,6,1,0,normal,0,-0.08237850383218054
2026-02-15 08:00:00,CELL_004,98.13374570331048,98.20147725272288,1.1382015289054548,61.838188847872026,56.69196827204423,35.861047993914774,8,6,1,0,normal,0,-0.06365198202076344
2026-02-15 08:00:00,CELL_005,98.12813029519556,97.54982714709878,0.8990964491971553,55.7439008164737,56.13283202782763,35.37012140070509,8,6,1,0,normal,0,-0.07501458035577735
2026-02-15 08:00:00,CELL_006,98.47848299146332,97.11709050790404,0.908937906951002,66.34403147392433,59.3031193195316,41.59634930286915,8,6,1,0,normal,0,-0.07884062665898939
2026-02-15 08:00:00,CELL_007,99.00508698600844,97.46290851921286,1.1751258234794295,55.20035076482687,70.0607874670975,39.835415344710974,8,6,1,0,normal,0,-0.07369087108448047
2026-02-15 08:00:00,CELL_008,98.88625048497326,96.98677114948224,1.0841317844241376,49.35601813136088,66.89589072428974,36.53151164562528,8,6,1,0,normal,0,-0.07044929676790523
2026-02-15 09:00:00,CELL_001,98.6176949302337,98.45800146996558,1.227647213490395,47.82729528397414,59.99168838576412,39.53684271061131,9,6,1,0,normal,0,-0.062072996978354
2026-02-15 09:00:00,CELL_002,98.92053716530828,97.58848130029932,1.170444327088309,51.70875344669855,61.44155667097248,43.79771685539838,9,6,1,0,normal,0,-0.08518290469204476
2026-02-15 09:00:00,CELL_003,97.82665742671222,97.16577080941904,1.4792136981035993,46.0598599873202,72.05321091487812,43.17315641194607,9,6,1,0,normal,0,-0.05558174562610607
2026-02-15 09:00:00,CELL_004,98.58726161068464,97.06979508968948,1.250143357861344,44.24852125509644,57.58760135972116,34.27110902443589,9,6,1,0,normal,0,-0.06028084972692599
2026-02-15 09:00:00,CELL_005,98.86489188499571,97.21206931153374,1.1008657228679914,49.40196151420564,65.41084813131393,44.037507223165214,9,6,1,0,normal,0,-0.08193557094556703
2026-02-15 09:00:00,CELL_006,97.64772806214474,96.58896245488889,1.39724881436591,39.515977164556986,71.68047897881065,42.46249893190238,9,6,1,0,normal,0,-0.026097223332944286
2026-02-15 09:00:00,CELL_007,99.2815431291496,98.52005327612989,0.9234986883767642,56.0560144403936,53.88095398059,36.774904717908775,9,6,1,0,normal,0,-0.05799920440186096
2026-02-15 09:00:00,CELL_008,98.8128472873204,97.91926828064751,1.0203368694857495,59.56802597192532,67.89402226471664,42.23800055077516,9,6,1,0,normal,0,-0.07782287223227874
2026-02-15 10:00:00,CELL_001,98.6875076617841,97.77557734611575,1.3715415594749691,50.31621689275616,71.73732868968872,41.98850042426086,10,6,1,0,normal,0,-0.0855001576731223
2026-02-15 10:00:00,CELL_002,98.92572903964452,97.45755274535487,1.3488655694407656,58.58798104803349,68.17905815028074,44.87389561395719,10,6,1,0,normal,0,-0.07496175118792459
2026-02-15 10:00:00,CELL_003,97.88935657228204,96.812452426674,1.496959788466488,51.13496871164247,71.72297005035486,46.89881606260776,10,6,1,0,normal,0,-0.054466219719765285
2026-02-15 10:00:00,CELL_004,98.19086988478904,96.6421350909888,1.497886927543483,51.22126141890498,65.88150279663098,44.54623780961024,10,6,1,0,normal,0,-0.06982737826180668
2026-02-15 10:00:00,CELL_005,97.8740406860702,97.2091483447081,1.6199854490068712,50.41806497037066,74.91542301517099,43.57635209261812,10,6,1,0,normal,0,-0.054422099047018
2026-02-15 10:00:00,CELL_006,98.33207272894342,97.16648725645308,1.479198593915678,49.20517226068174,71.50962748444373,42.99682630993286,10,6,1,0,normal,0,-0.0820967581668195
2026-02-15 10:00:00,CELL_007,98.2476713911425,97.66211450832073,1.2720060948582808,56.8843330887387,70.58262274499015,44.21548465024673,10,6,1,0,normal,0,-0.07482457167339501
2026-02-15 10:00:00,CELL_008,98.52141474354372,97.38113560426612,1.0137483820306084,59.60173182820039,59.99646725875486,41.52110310790533,10,6,1,0,normal,0,-0.09082747191206514
2026-02-15 11:00:00,CELL_001,98.23762089783222,98.24488431576404,1.0047351796985602,48.62158997052613,66.31757437538946,47.16978747944313,11,6,1,0,normal,0,-0.06395330093219492
2026-02-15 11:00:00,CELL_002,98.71049482052516,97.2867057804934,1.114501236719914,41.68962855110997,75.17569892915714,48.02873326954251,11,6,1,0,normal,0,-0.06504945990611066
2026-02-15 11:00:00,CELL_003,98.6388655316456,96.81420368674748,1.4276121625252125,51.84923392551499,80.06148163642321,43.86335968309976,11,6,1,0,normal,0,-0.06144494239866677
2026-02-15 11:00:00,CELL_004,98.1980807637379,96.91598184538208,1.1705375184530944,46.97692668342485,65.26452029496127,46.290966667374896,11,6,1,0,normal,0,-0.08006459062029125
2026-02-15 11:00:00,CELL_005,98.26441337290554,96.76263843741286,1.23732206260532,50.32221037948415,64.98183553502717,45.03396581061619,11,6,1,0,normal,0,-0.08187402507753422
2026-02-15 11:00:00,CELL_006,97.8589870755172,96.47959700145655,1.312963444332956,45.418739566943216,74.9114756138477,51.01473635907533,11,6,1,0,normal,0,-0.04156870417923619
2026-02-15 11:00:00,CELL_007,98.09037866150769,96.87196903777736,1.0332254129556433,47.19266109020417,60.15255545566512,37.8250131107157,11,6,1,0,normal,0,-0.07436386584014487
2026-02-15 11:00:00,CELL_008,98.88750933274888,97.24001087252748,1.3130193091685711,49.22683021366276,70.43174106664748,45.63957895314009,11,6,1,0,normal,0,-0.08167073868126584
2026-02-15 12:00:00,CELL_001,98.61642900878796,97.69974812665896,1.4533701911271657,47.78321571338009,70.99124600377928,43.86845921430528,12,6,1,0,normal,0,-0.08379380009987941
2026-02-15 12:00:00,CELL_002,98.53588919968485,97.59182229301176,1.0417873878131356,49.71833627172128,71.78241825335276,39.46875601353907,12,6,1,0,normal,0,-0.09204805483324902
2026-02-15 12:00:00,CELL_003,97.64169887131638,96.843837727788,1.4125312117974176,37.928101171462224,76.80345519657413,44.92078143850577,12,6,1,0,normal,0,-0.031319091934436716
2026-02-15 12:00:00,CELL_004,97.97532701024764,96.8558937324876,1.2848104884549414,50.63871913557075,59.74130413404473,46.4769685402464,12,6,1,0,normal,0,-0.0680179636894489
2026-02-15 12:00:00,CELL_005,98.53471022503756,96.89474281730531,1.409063546318257,58.54512304537645,69.82266135869426,44.308437932292975,12,6,1,0,normal,0,-0.07573359388850875
2026-02-15 12:00:00,CELL_006,97.9420841710728,96.71691790656908,1.6549653341006916,41.486811015473165,78.23839328912545,47.60643062283183,12,6,1,0,normal,0,-0.03626333281212046
2026-02-15 12:00:00,CELL_007,98.94649381445096,98.2544998574403,1.169744957434521,52.5546288742369,64.4732148146243,42.68365046634351,12,6,1,0,normal,0,-0.0734507720931804
2026-02-15 12:00:00,CELL_008,98.72038575191196,97.47135816803618,1.449003538691036,54.00184067824712,75.02457053168621,47.38905936529764,12,6,1,0,normal,0,-0.07146706140489767
2026-02-15 13:00:00,CELL_001,99.10041021034374,97.84979575745396,1.1620107798308,49.44447900273532,68.44713898311355,46.27605828273562,13,6,1,0,normal,0,-0.06913805857873595
2026-02-15 13:00:00,CELL_002,98.42445802451208,97.18014113259257,0.949970920242894,42.48904078458686,74.04471272889506,44.10951659625139,13,6,1,0,normal,0,-0.07081724087182673
2026-02-15 13:00:00,CELL_003,98.0250701083862,96.70045489552736,1.2108245829084805,37.98963650020809,73.41952833389978,45.546331170865535,13,6,1,0,normal,0,-0.04625493661512581
2026-02-15 13:00:00,CELL_004,97.82821128414037,96.83811368574789,0.9990153321260824,59.5604533176695,56.53521964811188,40.237830613717335,13,6,1,0,normal,0,-0.05778626931075398
2026-02-15 13:00:00,CELL_005,98.00268219358564,96.99332889364172,1.479146578279047,59.09174712063426,65.49699734844832,45.47387743728067,13,6,1,0,normal,0,-0.06169882430827173
2026-02-15 13:00:00,CELL_006,97.92936930061946,96.84204592633655,1.4363167396764682,30.3538687640498,84.61014128220746,47.363865742586704,13,6,1,0,normal,0,-0.008029783066550111
2026-02-15 13:00:00,CELL_007,98.28327497234112,96.8341083178358,1.2790250933207652,55.34549463682652,69.84154998248411,41.56489706234272,13,6,1,0,normal,0,-0.07277178869033729
2026-02-15 13:00:00,CELL_008,98.95926424198184,97.00525353853328,1.0320831664864598,47.23992462683504,71.87257255756423,45.57897760157381,13,6,1,0,normal,0,-0.06845090002815046
2026-02-15 14:00:00,CELL_001,98.7562633838984,98.2431876918691,1.2049370927592975,52.56985106524003,71.63381051006614,42.1602120611852,14,6,1,0,normal,0,-0.07437221239393349
2026-02-15 14:00:00,CELL_002,98.37794088297404,97.4526131014939,1.0567792681826684,48.06208693236803,62.342614037040136,43.37199364619174,14,6,1,0,normal,0,-0.08933935160237744
2026-02-15 14:00:00,CELL_003,97.9579794027751,96.78615141100587,0.9119842913438132,37.94495150917966,68.57666595405819,41.31047381492189,14,6,1,0,normal,0,-0.039466026442623425
2026-02-15 14:00:00,CELL_004,98.30546424089852,96.77830302099277,1.1825390408037502,48.50618816089192,57.49006425639808,39.93181894580411,14,6,1,0,normal,0,-0.077217217185998
2026-02-15 14:00:00,CELL_005,98.16399729612426,96.66224397902948,1.0303293475958264,58.11395804575045,63.10924755124064,40.79456302545695,14,6,1,0,normal,0,-0.0752599038192136
2026-02-15 14:00:00,CELL_006,97.92639078956527,97.5835163287646,1.1712954439015966,46.05511987673332,66.43600979361476,43.302024579656106,14,6,1,0,normal,0,-0.0721117454642261
2026-02-15 14:00:00,CELL_007,98.7437766633324,97.97150275769462,1.0292107445121623,52.86468623672592,62.96009394329269,47.419943880875394,14,6,1,0,normal,0,-0.07916953781005898
2026-02-15 14:00:00,CELL_008,98.62523509973792,97.28755160953617,1.211039679245466,54.55125598237851,71.93319880034755,44.317196898104,14,6,1,0,normal,0,-0.08603695024262753
2026-02-15 15:00:00,CELL_001,98.8508988215142,97.99279026695184,0.8620036010506861,64.98737399126254,61.978339949398695,32.2382131041228,15,6,1,0,normal,0,-0.07789471112251561
2026-02-15 15:00:00,CELL_002,98.86721409191358,97.92244186621772,1.0630949071378697,58.10585123468233,59.76279756968307,44.10980772136559,15,6,1,0,normal,0,-0.08236590132346222
2026-02-15 15:00:00,CELL_003,98.30239946360548,97.08607316625124,1.2063506842697604,51.74398019240513,63.04099685376772,45.751754623380535,15,6,1,0,normal,0,-0.08253521357455429
2026-02-15 15:00:00,CELL_004,98.3627411615612,96.77767833332577,1.1016689376085418,54.18698499390834,63.63862600594723,42.75872399521179,15,6,1,0,normal,0,-0.07788780094160341
2026-02-15 15:00:00,CELL_005,98.45298631240772,96.48315235574933,1.2820826721615388,59.288051554305,63.69315597285272,41.67676174854023,15,6,1,0,normal,0,-0.062336134395995335
2026-02-15 15:00:00,CELL_006,97.92885872045292,96.5727002560388,1.3764644121137812,48.9760020090592,69.37573139214668,44.42391441031707,15,6,1,0,normal,0,-0.054572259263902356
2026-02-15 15:00:00,CELL_007,98.73722420589093,97.40261785315508,1.2666508364500353,54.14604460313525,65.94976309445069,36.19222278268035,15,6,1,0,normal,0,-0.08313654704887541
2026-02-15 15:00:00,CELL_008,98.8879647217653,97.98900703497992,1.2507556636212234,56.36982384678404,59.723186475169456,43.552048305913125,15,6,1,0,normal,0,-0.07478392738222472
2026-02-15 16:00:00,CELL_001,98.70028283093818,97.69134769893124,1.1442052261028737,57.99458990186164,56.49548464550308,38.18634187916166,16,6,1,0,normal,0,-0.08909603609668298
2026-02-15 16:00:00,CELL_002,99.01457692307125,97.74897439902608,1.0001317343195053,43.46224961721521,65.44223243004512,40.431349825819225,16,6,1,0,normal,0,-0.06274313040402385
2026-02-15 16:00:00,CELL_003,98.36983197106096,97.23430909131528,1.032558182192145,57.873761456903125,65.76657229115229,39.427443038900215,16,6,1,0,normal,0,-0.08196800230651174
2026-02-15 16:00:00,CELL_004,98.39229671827424,96.97460828666502,1.1063603077786468,55.107941520841614,63.02706532077082,37.22675838304436,16,6,1,0,normal,0,-0.07655106560152597
2026-02-15 16:00:00,CELL_005,98.48341038809971,97.4210478911854,0.8870325050761937,57.24089488612288,41.08984888626444,28.21765321836761,16,6,1,0,normal,0,-0.06514169547998677
2026-02-15 16:00:00,CELL_006,98.22343003894969,97.49563688253824,0.9632869291596636,62.238422668113685,67.33020467713432,39.30382912373742,16,6,1,0,normal,0,-0.06924147698736682
2026-02-15 16:00:00,CELL_007,98.87265182147824,98.2349598998819,0.9150575413488988,56.05377987192087,61.67315271192868,33.453765792906985,16,6,1,0,normal,0,-0.07783600095968879
2026-02-15 16:00:00,CELL_008,99.04019841244538,97.51146402012928,1.065969970377102,55.40909643047621,68.04916801639553,42.17842857715523,16,6,1,0,normal,0,-0.07084795469883853
2026-02-15 17:00:00,CELL_001,99.23664350817296,98.35409635066534,0.9094699659201756,55.80052034139309,54.49342797784709,32.43014346628292,17,6,1,0,normal,0,-0.06457124925395757
2026-02-15 17:00:00,CELL_002,98.50129745740144,97.94644799838932,0.9093626547761352,67.02862157349888,59.76917043189911,33.55724026619112,17,6,1,0,normal,0,-0.07636136497637225
2026-02-15 17:00:00,CELL_003,98.4079353710097,97.0954658310134,0.9389017861139016,56.757246101901416,57.44738066296666,39.96426587417716,17,6,1,0,normal,0,-0.07306783373600412
2026-02-15 17:00:00,CELL_004,98.48889606152429,97.53279036707278,0.854707118989094,71.28229034504402,42.35595872434104,32.818152926126125,17,6,1,0,normal,0,-0.07682837507362994
2026-02-15 17:00:00,CELL_005,98.66492657592768,98.06293533106816,1.13197913554305,59.86154902104765,43.58298275016976,31.608573894774,17,6,1,0,normal,0,-0.07452277830016457
2026-02-15 17:00:00,CELL_006,98.19297260475254,97.10845406155438,1.18660854895862,53.83262826937613,56.71227715012122,38.02951537019075,17,6,1,0,normal,0,-0.06863854013474735
2026-02-15 17:00:00,CELL_007,98.95317744339276,97.89350617294036,0.910875173444413,61.89863695946266,53.835893136824765,38.40555747140105,17,6,1,0,normal,0,-0.07878479793997534
2026-02-15 17:00:00,CELL_008,99.0773865212028,98.19039900116064,0.7982764803282908,57.559985779762535,55.1101905741398,37.1506339629272,17,6,1,0,normal,0,-0.0755329001310287
2026-02-15 18:00:00,CELL_001,98.89846380369012,98.64086992528718,0.6335264596386491,71.34560266067703,47.17716142897415,33.746515906303834,18,6,1,0,normal,0,-0.06487872817044765
2026-02-15 18:00:00,CELL_002,99.00740440081516,98.07770701219016,0.712438781355504,75.82551942885783,45.54655898934102,37.46096448047477,18,6,1,0,normal,0,-0.06515372191534335
2026-02-15 18:00:00,CELL_003,99.18103552377656,98.05414610021576,0.8517172168505214,63.17062574737293,44.4467303278041,38.41913307322848,18,6,1,0,normal,0,-0.0638425843339579
2026-02-15 18:00:00,CELL_004,98.48489627284792,97.5864965772772,0.908370504765806,65.62214069768788,44.61195459044521,38.797717164054106,18,6,1,0,normal,0,-0.06517774938559096
2026-02-15 18:00:00,CELL_005,98.65592024955802,97.67380856947032,0.907653106654903,70.87190206856175,42.23485508023384,26.95649607580458,18,6,1,0,normal,0,-0.06997764283891694
2026-02-15 18:00:00,CELL_006,98.6539852446076,97.80267861615954,1.005957563706738,55.61743770384204,51.44858149804352,38.17588532246677,18,6,1,0,normal,0,-0.07853942588309709
2026-02-15 18:00:00,CELL_007,99.13370032921296,97.6005930857228,1.0010902471132974,59.7091283157462,50.67448849599965,28.92973028994593,18,6,1,0,normal,0,-0.06632875395545618
2026-02-15 18:00:00,CELL_008,98.96237160081289,98.25962737252732,0.8373974401376516,66.42763007967966,43.04624539095318,31.963927163381857,18,6,1,0,normal,0,-0.07599113476448022
2026-02-15 19:00:00,CELL_001,99.93217461943496,98.51251868077348,0.2152155058480103,86.44787280026193,28.22233593385139,20.9322434710962,19,6,1,0,normal,0,-0.018456900565656964
2026-02-15 19:00:00,CELL_002,99.04411508758363,98.15006438350986,0.7361983764543362,70.31983115991927,45.32760765880894,30.4909411663204,19,6,1,0,normal,0,-0.08021842668652673
2026-02-15 19:00:00,CELL_003,98.61679867408428,97.91295340559716,0.6645193636446766,66.98615681812113,30.572216679827108,24.87153452692598,19,6,1,0,normal,0,-0.062477961072378185
2026-02-15 19:00:00,CELL_004,98.97567898576028,98.20564709595423,0.6300829592975876,74.18226082667204,40.64687634867183,32.39694555611196,19,6,1,0,normal,0,-0.07636409415461803
2026-02-15 19:00:00,CELL_005,98.70675268213928,97.9652762534658,0.6402863843774584,71.23307034749574,34.62391157405883,28.70137931710142,19,6,1,0,normal,0,-0.07667129079676888
2026-02-15 19:00:00,CELL_006,98.75882835312,97.47777166022288,0.6463789302207401,70.51710263851389,48.37114648805745,28.959371097205025,19,6,1,0,normal,0,-0.06654887131458936
2026-02-15 19:00:00,CELL_007,98.86490760793328,98.6645406240237,0.7136975033598772,66.11898439174398,35.569788754448034,26.926795068304457,19,6,1,0,normal,0,-0.05955879967816807
2026-02-15 19:00:00,CELL_008,99.507602270281,98.9850389307484,0.5547114608464093,69.21616972638259,48.78473251762912,32.65715771191072,19,6,1,0,normal,0,-0.04067904554069657
2026-02-15 20:00:00,CELL_001,99.77784005823295,98.1638438499326,0.3470259585421705,87.40225173110278,40.45841528230631,31.68327992978228,20,6,1,0,normal,0,-0.026155327803527473
2026-02-15 20:00:00,CELL_002,99.5010035649546,98.45355093801564,0.4974348175788665,81.15665683526474,42.694037039026576,27.300421235752463,20,6,1,0,normal,0,-0.0466423413507383
2026-02-15 20:00:00,CELL_003,98.86765771048368,97.91564305887852,0.5831931950896322,73.40766205813404,39.670888558486645,27.737639108641044,20,6,1,0,normal,0,-0.07491168470993587
2026-02-15 20:00:00,CELL_004,99.03140914266396,97.46169778889885,0.6047737145956762,85.5091651984953,29.317409157233968,21.22514059923763,20,6,1,0,normal,0,-0.03572644805454017
2026-02-15 20:00:00,CELL_005,98.7035766876089,98.36600448723952,0.7370144322729707,77.27160236321265,36.20951758996421,23.1727002538648,20,6,1,0,normal,0,-0.05645076740811217
2026-02-15 20:00:00,CELL_006,98.52518030936224,98.00130832077248,0.5040142595538075,75.55113248291207,38.72363625415329,34.52414832891858,20,6,1,0,normal,0,-0.05688875098433832
2026-02-15 20:00:00,CELL_007,99.67269580844273,98.0622992213304,0.6083356910294531,75.31129508122794,35.61609375246378,25.95466847247538,20,6,1,0,normal,0,-0.049583167811465656
2026-02-15 20:00:00,CELL_008,99.9453994348994,98.96390385675336,0.3988761643964104,71.84513817422173,25.51506705140861,26.770871057547293,20,6,1,0,normal,0,-0.025517162073562694
2026-02-15 21:00:00,CELL_001,99.59799013935114,98.82394611767435,0.3549602719071742,74.99833483164286,29.12452940437124,22.649569087047016,21,6,1,0,normal,0,-0.046204151539642746
2026-02-15 21:00:00,CELL_002,99.42196348394177,98.66820171680604,0.0400910496057993,82.93022103363194,29.245202168034645,23.63554237751851,21,6,1,0,normal,0,-0.02632462198674579
2026-02-15 21:00:00,CELL_003,99.24257124836431,97.92741433789458,0.6557726258450344,88.45055053447842,36.54187145054895,23.83623511370831,21,6,1,0,normal,0,-0.0399437490854373
2026-02-15 21:00:00,CELL_004,99.05455225395744,98.2230024173148,0.0,88.7984947294165,33.03443627307927,22.055328524317613,21,6,1,0,normal,0,-0.01611725567937572
2026-02-15 21:00:00,CELL_005,99.23573475363828,98.13681512556468,0.3255573189067964,77.45611233111642,29.788672249260436,21.576162631273203,21,6,1,0,normal,0,-0.05328975807594538
2026-02-15 21:00:00,CELL_006,99.34147168409255,98.95896347947117,0.1682177989489793,76.36414551147097,36.23650364696954,21.922643352058365,21,6,1,0,normal,0,-0.03375840105527761
2026-02-15 21:00:00,CELL_007,99.39786395698673,98.28641828158638,0.2788084859620331,80.06630430568434,42.17869825004612,26.48419940226243,21,6,1,0,normal,0,-0.04521021394352265
2026-02-15 21:00:00,CELL_008,99.48299229322144,99.3718438513926,0.1117605535197346,75.52698391622856,26.70628792296831,24.20774511694817,21,6,1,0,normal,0,-0.0016812512559348791
2026-02-15 22:00:00,CELL_001,99.53710581849788,99.07564433599669,0.406457566377858,82.06204571976835,39.7819779238058,22.235454913045807,22,6,1,0,normal,0,-0.0268900527288225
2026-02-15 22:00:00,CELL_002,99.23783526093138,98.65216550356732,0.1636192852724851,83.62484631289138,35.10630181183655,18.28379399431436,22,6,1,0,normal,0,-0.025899447363960104
2026-02-15 22:00:00,CELL_003,98.95259309660732,99.17670851411002,0.4836764498491409,70.46490307860256,34.2484865235609,23.23804680394956,22,6,1,0,normal,0,-0.0375089867592836
2026-02-15 22:00:00,CELL_004,98.59639984274403,98.0505469881197,0.5587662105380085,79.34555134399555,26.604356753070544,25.322580616326025,22,6,1,0,normal,0,-0.03869803421298834
2026-02-15 22:00:00,CELL_005,98.92033666728304,98.54631972233013,0.6305275315597987,84.46429532326543,31.649317372446035,23.394586309055228,22,6,1,0,normal,0,-0.0414198619105538
2026-02-15 22:00:00,CELL_006,98.5115794272588,97.67773102805596,0.3939847480527704,84.64777572054591,27.926803647635342,25.43365338300163,22,6,1,0,normal,0,-0.03150596015229268
2026-02-15 22:00:00,CELL_007,99.62573076061808,98.51564436365123,0.1678653370479907,89.24454440680744,23.973646726963363,17.645176436844125,22,6,1,0,normal,0,-0.0032095840162117417
2026-02-15 22:00:00,CELL_008,99.63553428352478,98.4101679078357,0.2255510903953021,80.09023106404723,33.6260871573118,19.578164109893734,22,6,1,0,normal,0,-0.027265932846280205
2026-02-15 23:00:00,CELL_001,99.90837925847032,99.23004617344148,0.307501990534933,74.58950648405506,26.731839301442783,21.96767641336275,23,6,1,0,normal,0,-0.0034408900811165877
2026-02-15 23:00:00,CELL_002,99.48200538245936,99.01640742238608,0.4208602111577811,85.66834921538889,34.78610246072531,21.190294463510824,23,6,1,0,normal,0,-0.023021151895951553
2026-02-15 23:00:00,CELL_003,99.40333142377835,99.42716732795203,0.4244893003969182,84.31322988414242,22.49137371184422,23.510001951762984,23,6,1,0,normal,0,-0.003218157587079995
2026-02-15 23:00:00,CELL_004,98.52570657535566,97.85929694855332,0.1364012330432451,83.72810114742863,21.28773379962672,21.403620916838594,23,6,1,0,normal,0,-0.002205389060920049
2026-02-15 23:00:00,CELL_005,99.14110184829728,99.267184628886,0.1975586355056023,84.13449040923834,26.416488874593394,20.902896176922088,23,6,1,0,normal,0,-0.0131175020950004
2026-02-15 23:00:00,CELL_006,98.71011615868062,98.60642220615182,0.2744104740544438,79.41898088589605,23.79777884496949,16.27070087081435,23,6,1,0,normal,0,-0.013008758809868515
2026-02-15 23:00:00,CELL_007,99.32684237017388,98.72883595757231,0.0293796371068572,79.81079602627166,20.689561234702595,19.113131391461355,23,6,1,0,normal,0,-0.00484688099363717
2026-02-15 23:00:00,CELL_008,99.08855570028147,98.70802652903528,0.5606638873435985,71.28397170860538,33.687123938380154,28.74255390095682,23,6,1,0,normal,0,-0.04588503763169394
2026-02-16 00:00:00,CELL_001,99.9117357948443,98.4332384406606,0.2048381116493578,87.29031563980425,20.07061128176191,23.208674230288786,0,0,0,0,normal,0,-0.031503637349805436
2026-02-16 00:00:00,CELL_002,99.48550667424024,99.07312865027173,0.0640718593436548,82.44972096168206,26.18049534521136,16.264586966740204,0,0,0,0,normal,0,-0.04114996048248298
2026-02-16 00:00:00,CELL_003,99.08931946255208,98.1659364736518,0.3669639413713244,76.38354999565138,28.10349043342634,25.111264891975537,0,0,0,0,normal,0,-0.08304732246016544
2026-02-16 00:00:00,CELL_004,99.56516227046282,97.99576614331409,0.4665589022863898,93.00708904706924,27.99504849269629,16.728094331149595,0,0,0,0,normal,0,-0.02117457511541876
2026-02-16 00:00:00,CELL_005,98.79172082955353,98.13194842516026,0.3942707452789629,88.18676186096816,15.6694952706447,20.501922467769823,0,0,0,0,normal,0,-0.029603120437516894
2026-02-16 00:00:00,CELL_006,98.86069724872476,98.55190346096964,0.4189258384297954,80.96097105997248,36.81490693964914,21.04749618083552,0,0,0,0,normal,0,-0.07604125828649766
2026-02-16 00:00:00,CELL_007,99.59256610894386,98.58575656280478,0.2418223910611169,90.43236501916144,33.59349379424064,23.04234209045817,0,0,0,0,normal,0,-0.05408337955804815
2026-02-16 00:00:00,CELL_008,99.35826970128032,99.06256569786248,0.3745597852389491,86.79092688743845,27.94647200600973,28.54039001803974,0,0,0,0,normal,0,-0.05421382577631123
2026-02-16 01:00:00,CELL_001,99.44921637364509,99.61977642988208,0.0363076703683621,82.25899850916613,22.74090398331623,19.939703744691045,1,0,0,0,normal,0,-0.027459837606059412
2026-02-16 01:00:00,CELL_002,99.58094045840714,98.36854879592354,0.4316432767386604,78.280152279576,31.38234260154553,22.21806833572523,1,0,0,0,normal,0,-0.09316547121889629
2026-02-16 01:00:00,CELL_003,99.26366926240652,98.83943607400543,0.4783248090877865,73.0637083850234,28.62074526352932,23.280108640330443,1,0,0,0,normal,0,-0.07994130855873233
2026-02-16 01:00:00,CELL_004,99.1909263487712,97.64405699896211,0.4445460607075323,84.9223036173025,31.365040549937078,21.03266019281965,1,0,0,0,normal,0,-0.07451918686436276
2026-02-16 01:00:00,CELL_005,99.54399071592924,98.27195177781758,0.2261217943913239,86.63169390197713,32.79083856989696,23.32759016351776,1,0,0,0,normal,0,-0.07486138749101057
2026-02-16 01:00:00,CELL_006,99.01816958395963,98.06026590143372,0.2921765323541374,84.0986509661449,26.74780429499795,20.75532657238233,1,0,0,0,normal,0,-0.08191000508037904
2026-02-16 01:00:00,CELL_007,99.72040411427145,98.85773923898428,0.3615217342755601,75.4162650031151,29.657247491479627,15.423512662600782,1,0,0,0,normal,0,-0.04923437516072948
2026-02-16 01:00:00,CELL_008,99.80095788263674,98.4877774365246,0.1344691195052269,80.88488584333962,25.7919017727132,19.99153716344604,1,0,0,0,normal,0,-0.058035752142486796
2026-02-16 02:00:00,CELL_001,99.50020520021948,98.6980010967616,0.1264162419207314,93.9095918651392,29.950422981588854,18.158157174009183,2,0,0,0,normal,0,-0.040829535013635176
2026-02-16 02:00:00,CELL_002,99.4863954366309,99.39879157970935,0.3603883417738295,85.77586004761284,34.24352221128774,22.5372588917136,2,0,0,0,normal,0,-0.0631358358126135
2026-02-16 02:00:00,CELL_003,98.97932753294292,98.13252418123608,0.4310484091935169,68.72498462506985,32.65254877721159,27.993638025797143,2,0,0,0,normal,0,-0.09147138406389316
2026-02-16 02:00:00,CELL_004,99.30816800014142,98.22835536459364,0.1822904227055944,90.15202560752448,19.793159143911748,19.3183001037131,2,0,0,0,normal,0,-0.04954227421061086
2026-02-16 02:00:00,CELL_005,99.05642283295958,98.38677208081933,0.5194907585037472,80.83475430088484,19.996252242916626,22.21066943666212,2,0,0,0,normal,0,-0.07853866355446809
2026-02-16 02:00:00,CELL_006,98.6940777852436,98.66285346710488,0.6166047067057309,75.58569072082918,25.707973932458263,20.43297836147419,2,0,0,0,normal,0,-0.06727370209517086
2026-02-16 02:00:00,CELL_007,99.54289543437238,98.57243129091668,0.2748394604528996,88.81212301301653,24.412765048443404,21.621640534499534,2,0,0,0,normal,0,-0.07888300504489443
2026-02-16 02:00:00,CELL_008,99.47050768562308,98.69358147497928,0.2896933437616348,80.97076373880071,28.161468916342265,20.91119285975813,2,0,0,0,normal,0,-0.0939359390297207
2026-02-16 03:00:00,CELL_001,99.05363793240032,98.45820728449075,0.6491989499010778,71.13356832470313,45.56787387784009,21.34032903513292,3,0,0,0,normal,0,-0.0795571790875067
2026-02-16 03:00:00,CELL_002,99.58745535003617,98.48668143651857,0.2570278894045676,77.28531469913247,30.553600243759416,23.483304036218332,3,0,0,0,normal,0,-0.09114260950908792
2026-02-16 03:00:00,CELL_003,98.45850102576628,98.6731879525291,0.7005363939873338,74.9534714949207,35.80398591556379,28.95648952863901,3,0,0,0,normal,0,-0.07618739150138898
2026-02-16 03:00:00,CELL_004,98.45164524115826,98.09339584043998,0.6543087825651768,90.50531871642592,32.98440498037213,22.571134701716364,3,0,0,0,normal,0,-0.057795379688978576
2026-02-16 03:00:00,CELL_005,98.92877298059044,98.57091279661586,0.7850278610078572,71.0311604676638,37.54323975564385,23.116471277183564,3,0,0,0,normal,0,-0.08218018181176551
2026-02-16 03:00:00,CELL_006,98.70288506847608,97.5740372823424,0.4419692640058724,77.23073913534736,44.28312054772497,26.95479770537128,3,0,0,0,normal,0,-0.08448961006095629
2026-02-16 03:00:00,CELL_007,99.4850256379838,98.11185170338707,0.1258485020335178,82.19267611561052,24.63509702680212,23.88058700273464,3,0,0,0,normal,0,-0.07424938622628463
2026-02-16 03:00:00,CELL_008,99.4616859268188,99.537380933963,0.3493844311166409,82.82558271348005,27.296849952534217,22.300443611692057,3,0,0,0,normal,0,-0.05731829757930601
2026-02-16 04:00:00,CELL_001,99.48850978222056,98.23807914225485,0.4016336128008973,66.63643135618021,30.777643194805755,24.553619698216774,4,0,0,0,normal,0,-0.08464023212769178
2026-02-16 04:00:00,CELL_002,99.273232541467,98.53783489954404,0.7191967457614381,69.21102899173745,37.50497907847243,31.93342494123404,4,0,0,0,normal,0,-0.08717289170192649
2026-02-16 04:00:00,CELL_003,99.14172527000557,97.99565031476904,0.7258704621964547,69.23242169156474,50.67085166208115,27.452455770239467,4,0,0,0,normal,0,-0.0996688663463895
2026-02-16 04:00:00,CELL_004,98.99907282011024,97.44314962371514,0.3985970460035415,75.91861784982397,35.80071261189811,23.82211305816598,4,0,0,0,normal,0,-0.08861818060414639
2026-02-16 04:00:00,CELL_005,99.12496676271766,98.08284078444797,0.5414711074582954,80.5429085938496,25.18340106824629,19.62428816134475,4,0,0,0,normal,0,-0.08208238974025095
2026-02-16 04:00:00,CELL_006,98.40484927827048,98.090896564596,0.8661534258212477,71.18111995442908,40.55944992388539,30.082221814296776,4,0,0,0,normal,0,-0.08857639027842862
2026-02-16 04:00:00,CELL_007,99.06055696465224,98.65732913910615,0.7700577573507132,73.7465128090829,43.38045130969824,28.32783108570274,4,0,0,0,normal,0,-0.08716059034091123
2026-02-16 04:00:00,CELL_008,99.37668555877887,98.61004036219848,0.7104289688087331,63.03621323448979,43.524587103231774,28.55683520275942,4,0,0,0,normal,0,-0.0764074918938355
2026-02-16 05:00:00,CELL_001,99.3837050291262,99.24463002676596,0.6650360314682027,66.38119699093873,37.35667216622552,28.990019463755225,5,0,0,0,normal,0,-0.06645524588876639
2026-02-16 05:00:00,CELL_002,99.4308861864662,97.85217055758186,0.6327496664520651,65.44554860106861,48.54071839103046,32.78686800694005,5,0,0,0,normal,0,-0.09368700025222465
2026-02-16 05:00:00,CELL_003,99.2572887896368,97.79959592207372,0.6787597040572317,71.67681022138797,52.2234308665561,33.28062595759248,5,0,0,0,normal,0,-0.09271407667646242
2026-02-16 05:00:00,CELL_004,98.66156239951589,97.88557613042153,0.3966017650947012,79.72826248241931,32.71104462163241,22.985086922770822,5,0,0,0,normal,0,-0.08967720627139969
2026-02-16 05:00:00,CELL_005,98.40178131348183,97.8212916570956,0.8923937142310975,57.0907795327973,54.15656161765156,34.2579970755411,5,0,0,0,normal,0,-0.09711076365873728
2026-02-16 05:00:00,CELL_006,98.42401466902946,97.67719769079685,0.7678150942305836,58.96975779689989,46.667946238014814,30.419107246524455,5,0,0,0,normal,0,-0.08705886153163633
2026-02-16 05:00:00,CELL_007,98.51312078454822,98.32848962233034,0.677382377383058,62.28267808731835,44.80965188735012,32.18437911567998,5,0,0,0,normal,0,-0.08872411184485934
2026-02-16 05:00:00,CELL_008,98.98756529805136,98.58390238187472,0.6021844124069892,53.375648164552224,42.795312604665774,29.63223028085541,5,0,0,0,normal,0,-0.08609767784276007
2026-02-16 06:00:00,CELL_001,98.6851171302846,98.09326539102068,0.6766253328418025,51.568219894163605,61.272500006738,36.02406652547736,6,0,0,0,normal,0,-0.08371441537726299
2026-02-16 06:00:00,CELL_002,98.89321913930776,98.48127746755146,0.899075025023458,61.34227228648162,53.28696884313225,33.610466974850354,6,0,0,0,normal,0,-0.09470360510293069
2026-02-16 06:00:00,CELL_003,98.6161267265964,96.77089641606136,0.9080011723446652,61.44331894930993,54.93751950640746,36.47914551160287,6,0,0,0,normal,0,-0.08041664330822612
2026-02-16 06:00:00,CELL_004,98.4946306293747,97.53493627976016,0.7931803296379846,70.37367015407827,46.15080518644093,31.23157633300493,6,0,0,0,normal,0,-0.09473744390914562
2026-02-16 06:00:00,CELL_005,98.89528774609596,97.80007539700236,0.7532433363780161,74.8404014634767,43.92038870430401,28.616442608528946,6,0,0,0,normal,0,-0.10087061853033236
2026-02-16 06:00:00,CELL_006,97.97109875502407,97.64915971328016,0.8772334053811954,57.43897748947384,51.84260389991935,30.64870940913203,6,0,0,0,normal,0,-0.08276661211997238
2026-02-16 06:00:00,CELL_007,98.9548211973833,97.93790864105006,0.7919993686803908,60.92440271717965,56.13925192588441,33.09768564271716,6,0,0,0,normal,0,-0.10473822285574796
2026-02-16 06:00:00,CELL_008,99.30337166689574,98.14659935260964,0.7717086309506981,59.32719275691103,51.66608008993142,39.31304456694291,6,0,0,0,normal,0,-0.09282859475763294
2026-02-16 07:00:00,CELL_001,98.77597053704731,97.51145696343352,1.0212886386954343,60.220095654090464,61.43505868758439,37.98816043554998,7,0,0,0,normal,0,-0.10390503731825312
2026-02-16 07:00:00,CELL_002,99.01043190777288,97.93300966702556,0.9946615380779416,48.265172848805726,66.86430737495488,37.25361848892009,7,0,0,0,normal,0,-0.07903875599949894
2026-02-16 07:00:00,CELL_003,98.2142334666669,97.0057379755587,1.089201860936622,44.29853584748888,58.66095977944496,42.64922324513081,7,0,0,0,normal,0,-0.07675630578515563
2026-02-16 07:00:00,CELL_004,98.33379431950102,96.7830228020901,1.068464197732319,48.75950220945895,67.35843233858512,41.9230861928209,7,0,0,0,normal,0,-0.08203877395195158
2026-02-16 07:00:00,CELL_005,98.01126126402134,97.34326182451058,0.9918685409460574,63.51029245939045,56.03468326484597,35.366169152542035,7,0,0,0,normal,0,-0.08517554771056407
2026-02-16 07:00:00,CELL_006,98.07640400827002,97.0069361605748,1.1062772627460358,53.79944222601126,64.29765812847548,42.68415414489772,7,0,0,0,normal,0,-0.08735961657418401
2026-02-16 07:00:00,CELL_007,98.5504600100564,97.76164488281132,0.966558697777593,54.97291096641629,63.87808260937884,36.728321230135855,7,0,0,0,normal,0,-0.09580047724267993
2026-02-16 07:00:00,CELL_008,98.85640392560786,97.41511197942884,1.2108131571166476,55.83793839585857,69.3760271920479,44.6355457096239,7,0,0,0,normal,0,-0.08898819708638162
2026-02-16 08:00:00,CELL_001,98.42896398988728,97.9256822932058,1.0261412915934631,41.48945337644434,62.08643410749616,44.18721984433699,8,0,0,0,normal,0,-0.07261867849168885
2026-02-16 08:00:00,CELL_002,98.8069210404269,97.68658711405529,0.7484573255331479,48.4840405700209,69.77470599632771,46.25727962241156,8,0,0,0,normal,0,-0.07285066354898151
2026-02-16 08:00:00,CELL_003,98.64265728266535,97.06158123471609,1.6540377418193597,45.42751963762756,72.31369720673797,42.81466478013592,8,0,0,0,normal,0,-0.0707670297209389
2026-02-16 08:00:00,CELL_004,98.16985732267815,97.02747143873528,1.1114398937096592,54.79271137123455,67.46646525884297,44.456872143012575,8,0,0,0,normal,0,-0.09193141922259596
2026-02-16 08:00:00,CELL_005,98.05986242957692,96.9560932945878,1.1033084630084404,58.44687091764681,54.65947377296417,43.746406205041694,8,0,0,0,normal,0,-0.08788211151922032
2026-02-16 08:00:00,CELL_006,97.94365379200148,97.2150727756913,1.2393341219745408,51.56244203492731,69.72550215218989,44.09046378304741,8,0,0,0,normal,0,-0.09297145542681023
2026-02-16 08:00:00,CELL_007,98.65607051997368,97.9149969374922,1.263402160834015,57.89481660507733,64.22213204574368,41.762441731099536,8,0,0,0,normal,0,-0.0994024145707374
2026-02-16 08:00:00,CELL_008,98.86376688553509,97.15840975008165,1.267097371559459,49.2219298886198,75.25480988158152,46.61336259488973,8,0,0,0,normal,0,-0.0864280704361266
2026-02-16 09:00:00,CELL_001,98.40394092217038,97.68680168165056,1.388937477462977,46.81453421796846,73.9835486297587,43.71288597815282,9,0,0,0,normal,0,-0.0914187814211525
2026-02-16 09:00:00,CELL_002,98.68222035996098,97.53302802791777,1.226538313330544,52.02048775345785,71.3494006494321,42.90820346596031,9,0,0,0,normal,0,-0.10360889864156508
2026-02-16 09:00:00,CELL_003,98.60780257688452,96.92751131200558,1.5018337312119932,34.775950068286576,68.69725348615675,45.05504264283633,9,0,0,0,normal,0,-0.0683595843202634
2026-02-16 09:00:00,CELL_004,98.13384361760129,96.9615407324682,1.2473831107192035,59.00388100532495,67.66040023520955,48.74509326768497,9,0,0,0,normal,0,-0.08186744074371916
2026-02-16 09:00:00,CELL_005,97.88338635367644,96.6953541236808,1.5284458045700735,44.519043362140565,71.47035279277485,43.09187006142813,9,0,0,0,normal,0,-0.07865965887118526
2026-02-16 09:00:00,CELL_006,97.70722455421306,97.16185751776857,1.681767262131395,45.532923175206,79.02102639706064,43.7787237544043,9,0,0,0,normal,0,-0.051947521730534074
2026-02-16 09:00:00,CELL_007,99.11642108717616,97.57356141842182,1.0970566647122737,44.9848305864198,73.42107213981048,43.94765128742838,9,0,0,0,normal,0,-0.07735376313610648
2026-02-16 09:00:00,CELL_008,98.94529842356766,85.41680581295579,3.39778959908253,37.53247485917544,74.33710572092752,60.69795477045378,9,0,0,1,handover_degradation,1,0.08834406927303362
2026-02-16 10:00:00,CELL_001,98.58846857146648,97.08500984815696,1.5258907946490388,29.61094090071901,69.45700904393249,49.82887649944117,10,0,0,0,normal,0,-0.057499236015616295
2026-02-16 10:00:00,CELL_002,98.8255497462022,96.79784417785216,1.3430686001843968,40.22790902321748,67.09821442566849,41.31213928266746,10,0,0,0,normal,0,-0.0828021399882925
2026-02-16 10:00:00,CELL_003,98.068229996293,96.3956193207154,1.6982602160343792,34.744690923112735,82.41950255310321,48.77728865229725,10,0,0,0,normal,0,-0.031635173487346124
2026-02-16 10:00:00,CELL_004,97.7108216412552,96.63768639212296,1.4515094620446156,37.63184398499331,67.28359181784442,44.88592624581629,10,0,0,0,normal,0,-0.060292333846507506
2026-02-16 10:00:00,CELL_005,97.41031702288302,97.67667331192764,1.605766244586616,43.52586345727306,79.53187137538505,47.50365949371191,10,0,0,0,normal,0,-0.04091051308230309
2026-02-16 10:00:00,CELL_006,98.17069516870428,95.84720178961292,1.28021300405336,43.48788520078496,79.14641816779444,48.2641978816206,10,0,0,0,normal,0,-0.06054331932203466
2026-02-16 10:00:00,CELL_007,98.66485356752732,97.66452495794869,1.298217978866154,44.94615641800856,69.14510398011087,42.78133509928431,10,0,0,0,normal,0,-0.099687585447648
2026-02-16 10:00:00,CELL_008,98.68395866766114,85.52305378916047,3.94569694977403,40.72503938240484,70.3751130156452,60.348475002551794,10,0,0,1,handover_degradation,1,0.0811277342740897
2026-02-16 11:00:00,CELL_001,98.31533371897024,97.51691154972892,1.287511317501901,40.19813332343731,77.81396360335246,52.352214098843646,11,0,0,0,normal,0,-0.07441813414385406
2026-02-16 11:00:00,CELL_002,98.27637545651164,97.75891902367376,1.3305032403411483,41.04615863952871,84.00614573397482,48.75051286682152,11,0,0,0,normal,0,-0.06822155716448253
2026-02-16 11:00:00,CELL_003,98.03499415257944,96.53459427134788,1.651760204676895,42.90279529203248,81.03429960294856,55.90209833327448,11,0,0,0,normal,0,-0.05130778573460559
2026-02-16 11:00:00,CELL_004,98.04662048489082,96.92290065104534,1.421496588767027,43.54258053392809,77.6707661909005,44.927666427159465,11,0,0,0,normal,0,-0.10029134522251149
2026-02-16 11:00:00,CELL_005,97.74547045974072,96.06013524032576,1.437383791417962,38.3065156926787,80.46542340743768,48.068135835381206,11,0,0,0,normal,0,-0.0486576420116831
2026-02-16 11:00:00,CELL_006,97.95016000767242,96.35352415772688,1.7222751803781575,44.81692462793614,83.81738567678352,47.888578026409725,11,0,0,0,normal,0,-0.04465676638428262
2026-02-16 11:00:00,CELL_007,98.19840821609868,97.16145805023078,1.514991171914977,43.47947781365013,75.59989375695116,51.46401248224185,11,0,0,0,normal,0,-0.09049153333141352
2026-02-16 11:00:00,CELL_008,98.54528626385913,86.23798214358055,3.860519146112856,42.11732500615785,74.58009681862909,57.26069954484706,11,0,0,1,handover_degradation,1,0.06287206889747132
2026-02-16 12:00:00,CELL_001,98.38753017178026,96.87989565168674,1.378835180237459,48.667729068212985,80.76026011569529,50.72491678240469,12,0,0,0,normal,0,-0.08132626825886663
2026-02-16 12:00:00,CELL_002,98.7868905898511,97.47572312620647,1.5009677414951257,35.511867291113695,70.80496686097526,49.52765321235205,12,0,0,0,normal,0,-0.06408658887046292
2026-02-16 12:00:00,CELL_003,98.06968653196668,96.98337076242235,1.487734228692711,40.9709045279721,74.61907019160068,47.542257461814,12,0,0,0,normal,0,-0.10066918644395012
2026-02-16 12:00:00,CELL_004,97.5611811607462,96.84980706066057,1.3687301155691804,40.57274971255324,84.46518651471308,52.67631273559599,12,0,0,0,normal,0,-0.046529884110276365
2026-02-16 12:00:00,CELL_005,97.88015364387572,96.11655047034914,1.4830544499077696,42.96612177418824,81.08418812874935,47.76160812008499,12,0,0,0,normal,0,-0.060345030315133
2026-02-16 12:00:00,CELL_006,98.10574895312614,96.5239282721864,1.6062548729810182,39.906077437257125,91.80152971123016,52.54225527301087,12,0,0,0,normal,0,-0.04293680231597519
2026-02-16 12:00:00,CELL_007,98.1841199620605,97.51575404099842,1.6449799174030608,39.36354637343338,72.38365610834408,51.3194614693806,12,0,0,0,normal,0,-0.07132689565414574
2026-02-16 12:00:00,CELL_008,98.32572010774054,86.84605911065792,3.8951356414658314,39.92014099439265,76.17735612514451,59.60314433457126,12,0,0,1,handover_degradation,1,0.0625588494595547
2026-02-16 13:00:00,CELL_001,98.0438863744231,96.97819291017768,1.3271897027119224,41.803239457178975,83.69708055815131,49.819887374934304,13,0,0,0,normal,0,-0.07773312124249121
2026-02-16 13:00:00,CELL_002,98.34154280383848,97.15247038839786,1.215146327186966,43.76360387162908,72.83093918316425,44.830623294585685,13,0,0,0,normal,0,-0.10291952177764935
2026-02-16 13:00:00,CELL_003,97.67102708407324,96.3055405509779,1.4155092582835795,42.93782797717665,86.46570222996016,53.521784742064426,13,0,0,0,normal,0,-0.030275609329032505
2026-02-16 13:00:00,CELL_004,97.7424811265858,97.1128587841838,1.2504688565334656,45.6848379955357,66.98092486032158,41.46807679244812,13,0,0,0,normal,0,-0.08095691666664506
2026-02-16 13:00:00,CELL_005,97.60374691850858,96.68303851402833,1.9282937496723984,36.59428002787537,78.77502798433306,45.96876361535964,13,0,0,0,normal,0,-0.04471259577746134
2026-02-16 13:00:00,CELL_006,97.8139311163062,96.41383071043492,1.5095468565466297,50.7350762454092,81.90505214860714,48.99137797107351,13,0,0,0,normal,0,-0.05718498098713787
2026-02-16 13:00:00,CELL_007,98.6646783217961,97.43818258188897,1.1595727414962471,36.68310647666596,81.93952311784619,51.70665763535809,13,0,0,0,normal,0,-0.05911908854176612
2026-02-16 13:00:00,CELL_008,98.50901082643745,85.45704356918749,3.3811014933491776,42.765688558461854,85.27553033775534,61.778422823882885,13,0,0,1,handover_degradation,1,0.07441303280082012
2026-02-16 14:00:00,CELL_001,98.53560335777426,96.50435072571156,1.1588006603031011,37.11283818516898,74.19626415639317,47.24062920086536,14,0,0,0,normal,0,-0.06694038184610973
2026-02-16 14:00:00,CELL_002,98.28492949393716,97.55917707399188,1.1337494637634284,56.1610621549136,75.96745092138762,44.51023173844349,14,0,0,0,normal,0,-0.08837797086370697
2026-02-16 14:00:00,CELL_003,98.07624973355384,96.92552005495166,1.1616662547004692,40.43879439523768,70.09435859137461,53.27004650807115,14,0,0,0,normal,0,-0.06586705855753339
2026-02-16 14:00:00,CELL_004,97.88920148597283,96.30070486988708,1.7800697143517688,41.968668098962496,76.45304025572557,42.0662691017989,14,0,0,0,normal,0,-0.04239121730518214
2026-02-16 14:00:00,CELL_005,97.66897046249832,96.82050953063474,1.4304085104508988,44.96892821694223,72.57411075078072,51.44131604874498,14,0,0,0,normal,0,-0.06940973603146289
2026-02-16 14:00:00,CELL_006,97.92048206421212,96.68613745788512,1.3486255948779735,44.76998798059852,81.01196876521485,54.139325784202725,14,0,0,0,normal,0,-0.06381227100364306
2026-02-16 14:00:00,CELL_007,98.14096083486554,96.4992086639356,1.3390577167397988,31.460830700051865,77.40207023933375,56.26693805043335,14,0,0,0,normal,0,-0.04365377538208137
2026-02-16 14:00:00,CELL_008,98.55154503359591,86.29180487649144,3.705830641126461,46.97180501653794,73.26422876349136,59.97597962367296,14,0,0,1,handover_degradation,1,0.06971527099425978
2026-02-16 15:00:00,CELL_001,98.56824838658451,96.8802350421367,1.152638364150179,44.6665729353954,74.44847151439133,44.88524555646119,15,0,0,0,normal,0,-0.08486269631468313
2026-02-16 15:00:00,CELL_002,98.2781733678396,96.95210596196716,1.2846290187364011,45.242924778170725,70.84312507068336,48.85540224470844,15,0,0,0,normal,0,-0.0874062953147603
2026-02-16 15:00:00,CELL_003,98.60469320667664,97.35238818501288,1.2651321777186086,47.18865138230552,78.16610926044662,47.97906386858042,15,0,0,0,normal,0,-0.0892328319101357
2026-02-16 15:00:00,CELL_004,97.79285689851226,96.9042147395973,1.061426255929136,46.60442132685392,69.1721510503263,44.45083955161899,15,0,0,0,normal,0,-0.06470989576975872
2026-02-16 15:00:00,CELL_005,98.14444127532153,97.13352174549708,1.4509069560713603,44.36678061957974,62.99484324331248,40.84575433617682,15,0,0,0,normal,0,-0.08508698059366337
2026-02-16 15:00:00,CELL_006,97.9452429077183,96.11124418230452,1.5642341881499144,47.57140187337653,72.96454740209418,52.58579300407028,15,0,0,0,normal,0,-0.04603456022224006
2026-02-16 15:00:00,CELL_007,98.0984951113508,97.00521376783598,1.1161661898775252,56.67851675938184,70.70206477770319,49.82154988983169,15,0,0,0,normal,0,-0.07100311260679854
2026-02-16 15:00:00,CELL_008,98.57662347870172,86.11453665223289,3.919340165486429,54.5399626937248,64.57751160413382,58.22234573128458,15,0,0,1,handover_degradation,1,0.07826065685885752
2026-02-16 16:00:00,CELL_001,98.5542389777612,98.212031814184,1.1538252540165843,50.80625250495556,63.20076265219871,40.30404814465528,16,0,0,0,normal,0,-0.08867013987646505
2026-02-16 16:00:00,CELL_002,98.88277693235445,97.08424906845296,0.9171193801652244,48.97206302230637,60.817288820082666,47.89206430775983,16,0,0,0,normal,0,-0.07329439210922817
2026-02-16 16:00:00,CELL_003,98.3301973789266,97.34863653317572,1.2987749196515372,48.53443192359998,69.26336367974177,40.89282525267262,16,0,0,0,normal,0,-0.08881753571521622
2026-02-16 16:00:00,CELL_004,98.4347162862529,96.32838842920732,1.0344792607729645,55.30845731931964,67.13797587616104,38.33888217100406,16,0,0,0,normal,0,-0.06802028067150995
2026-02-16 16:00:00,CELL_005,98.16877545626512,96.76010878054252,1.0918796260740768,52.50681220910311,61.96347462821601,43.48185227092642,16,0,0,0,normal,0,-0.08349702986446383
2026-02-16 16:00:00,CELL_006,98.021830322524,96.79107383549012,1.0699972742323611,46.2772496918551,69.33755011581789,45.449975956414654,16,0,0,0,normal,0,-0.06849996050038454
2026-02-16 16:00:00,CELL_007,98.76660520831103,97.23192263851485,1.062760782053254,53.49054203956592,65.82445959516367,40.191543652605525,16,0,0,0,normal,0,-0.10037282528165037
2026-02-16 16:00:00,CELL_008,98.69107777943644,86.73173807001247,3.588113566622556,54.147138889107886,65.87586273964442,55.27271037138318,16,0,0,1,handover_degradation,1,0.07009248738123564
2026-02-16 17:00:00,CELL_001,98.94083789687292,98.53128007343815,0.9212688985688312,62.51479541235289,56.39174829886456,34.94255028056073,17,0,0,0,normal,0,-0.08568727987844282
2026-02-16 17:00:00,CELL_002,98.78668208067285,97.85887580802068,0.9344449818635392,58.09011774163553,59.76763815940621,39.638187352136526,17,0,0,0,normal,0,-0.1010542050752935
2026-02-16 17:00:00,CELL_003,98.21188396717736,97.48042710563394,1.05451928819413,59.91697514224313,57.52252149105109,41.98275137195341,17,0,0,0,normal,0,-0.08900452977306583
2026-02-16 17:00:00,CELL_004,98.56214369332552,97.44801191187838,0.8275270371223272,54.37978804300213,60.42813031762749,35.89939854173991,17,0,0,0,normal,0,-0.09880746905675425
2026-02-16 17:00:00,CELL_005,98.29213092118702,96.96162469154125,1.0796092526083385,51.45231970000408,60.779699365181074,33.82847029390727,17,0,0,0,normal,0,-0.07903137558907875
2026-02-16 17:00:00,CELL_006,98.32996975893664,97.09567757141096,1.2444189867389013,56.53386128815449,63.06339567825069,48.17489877967425,17,0,0,0,normal,0,-0.08137979282574098
2026-02-16 17:00:00,CELL_007,99.47556172063832,98.00428939804787,0.8693520069566572,67.890213661614,56.20431913165601,35.948510580869794,17,0,0,0,normal,0,-0.08295591990571366
2026-02-16 17:00:00,CELL_008,98.96048066421362,97.1086076715421,0.9451592016789594,57.043433109673614,64.38588128655041,33.52883361868217,17,0,0,0,normal,0,-0.08561574942513839
2026-02-16 18:00:00,CELL_001,99.02187043177902,97.96286394130192,0.906056919013672,52.89379838021738,52.30650447023272,39.114937385151926,18,0,0,0,normal,0,-0.09563123770444887
2026-02-16 18:00:00,CELL_002,99.13949728323674,97.82368363954372,0.6465058597352478,65.51814763484397,57.396923606659904,30.503988310815306,18,0,0,0,normal,0,-0.08784035412676733
2026-02-16 18:00:00,CELL_003,98.67169577455594,96.76940139419024,1.0805801242385873,58.89294707280516,58.86334433343488,39.138469292666855,18,0,0,0,normal,0,-0.07956738680224995
2026-02-16 18:00:00,CELL_004,98.28526668619178,97.69243343365017,1.081082764013634,59.18454788513953,52.32733111406512,36.74780089140548,18,0,0,0,normal,0,-0.08640576706318176
2026-02-16 18:00:00,CELL_005,98.25195005433508,97.53584013031382,0.7049787828953079,76.28164580241952,42.98141374491363,33.28452796086397,18,0,0,0,normal,0,-0.0731958942990798
2026-02-16 18:00:00,CELL_006,98.16912818758593,97.41564516447092,0.8364851666811383,59.51116900346643,49.07169978749553,38.066089663477534,18,0,0,0,normal,0,-0.08524103189891308
2026-02-16 18:00:00,CELL_007,98.991329432509,98.40609785327024,0.8171129759441039,63.25761121814733,51.37913124345045,32.62629499523519,18,0,0,0,normal,0,-0.09397645490914514
2026-02-16 18:00:00,CELL_008,98.95454367158328,97.65610544160351,0.7658945192265663,65.40963470810668,51.588141620652,29.046432677145297,18,0,0,0,normal,0,-0.0995703721651276
2026-02-16 19:00:00,CELL_001,99.09515771700651,99.00498098466228,0.5164367328002815,74.7688531626344,39.4935761180952,28.130323990524698,19,0,0,0,normal,0,-0.0781832825920965
2026-02-16 19:00:00,CELL_002,98.9659694101621,98.15508148869982,0.4472183417374402,63.991948686148525,37.26378880074979,30.22931568524687,19,0,0,0,normal,0,-0.0893477487556662
2026-02-16 19:00:00,CELL_003,98.65193887093736,97.59560623090276,0.4484516018446724,66.30530055418866,40.03678485664086,29.19583145502125,19,0,0,0,normal,0,-0.0888328869648447
2026-02-16 19:00:00,CELL_004,98.5073294075452,98.05169834747072,0.9011824898090046,60.04151183478786,48.314739767804845,30.596518457920634,19,0,0,0,normal,0,-0.0911782836319372
2026-02-16 19:00:00,CELL_005,98.4988014132575,97.99685800132856,0.6894045117162062,69.4338271231903,37.63319201425104,31.420198987346414,19,0,0,0,normal,0,-0.0917556124688928
2026-02-16 19:00:00,CELL_006,98.37343261771495,97.03622214819715,1.0969550295687702,59.88349258966283,55.16654369907635,33.66332760532339,19,0,0,0,normal,0,-0.0753976384146478
2026-02-16 19:00:00,CELL_007,99.17935342831552,98.3472838043681,0.7222757751063833,74.82236334363458,41.44463594901853,33.773854472281045,19,0,0,0,normal,0,-0.09107434813348947
2026-02-16 19:00:00,CELL_008,99.12437225473651,98.08960021282448,1.0267056103822867,71.01633625346764,52.40902180183399,31.141230604541988,19,0,0,0,normal,0,-0.09153758586670657
2026-02-16 20:00:00,CELL_001,98.98757883967644,98.45358348999746,0.6438869603092001,60.4504231894973,34.49493899610321,23.302426560182194,20,0,0,0,normal,0,-0.06591278970865722
2026-02-16 20:00:00,CELL_002,99.38156124781902,98.33281313658104,0.6528865986045753,60.76573758588327,49.112657130336125,30.79399794334983,20,0,0,0,normal,0,-0.07530616465366868
2026-02-16 20:00:00,CELL_003,98.91534505390794,98.77207561580198,0.7078005876473302,72.64648191239405,30.009371222842827,26.966247059875627,20,0,0,0,normal,0,-0.0810265076037226
2026-02-16 20:00:00,CELL_004,98.86121744975428,98.7375106452466,0.534439721813094,72.94142026280733,31.679924733541167,22.514113846357404,20,0,0,0,normal,0,-0.07800591312381899
2026-02-16 20:00:00,CELL_005,98.65461038287826,97.65860094763424,0.6650190767280763,77.0505777654238,30.80054123396266,25.393645094674703,20,0,0,0,normal,0,-0.07936124097929459
2026-02-16 20:00:00,CELL_006,98.99671234502884,98.3351006646822,0.6706214662171043,62.31749513824984,44.66748151753048,36.2492752745164,20,0,0,0,normal,0,-0.0835273402371865
2026-02-16 20:00:00,CELL_007,98.81996673351156,98.45752333581252,0.6120906285967151,77.2479728256627,45.37116691563627,29.85615668624908,20,0,0,0,normal,0,-0.08997033448182212
2026-02-16 20:00:00,CELL_008,99.26853191326492,98.83938764586502,0.5781687126011589,78.41942465328297,41.3340679412952,34.06950891000595,20,0,0,0,normal,0,-0.07254659373924172
2026-02-16 21:00:00,CELL_001,99.99571683147602,98.70593407585277,0.325779507507761,77.8609116217208,32.480802942968126,27.96428495681944,21,0,0,0,normal,0,-0.057400242817161495
2026-02-16 21:00:00,CELL_002,99.5812011924896,98.3487639243276,0.3789173545183018,75.0151940276134,36.72657386347352,25.902703708446406,21,0,0,0,normal,0,-0.085471573368813
2026-02-16 21:00:00,CELL_003,98.70445335978322,97.97795950804668,0.7145381237675179,74.8607433152052,33.01177120106473,28.06070834304947,21,0,0,0,normal,0,-0.08994368117820123
2026-02-16 21:00:00,CELL_004,98.3930636343319,98.5088678293046,0.6351466300946521,88.6798262619264,31.744485932248818,18.60120741867916,21,0,0,0,normal,0,-0.03720295483481939
2026-02-16 21:00:00,CELL_005,99.0308753859394,98.35004184806354,0.2233920274674752,87.46096607597269,28.547783075876342,21.137689474139947,21,0,0,0,normal,0,-0.06416022291100754
2026-02-16 21:00:00,CELL_006,98.72336304125652,97.59684523794706,0.6629366596712644,73.28841241031982,35.790529352546315,25.97286053577352,21,0,0,0,normal,0,-0.08727564858274095
2026-02-16 21:00:00,CELL_007,99.00274837944032,97.65224089598703,0.4890884960584702,82.38541918905969,24.691182618810984,24.32044300977513,21,0,0,0,normal,0,-0.07517572579438442
2026-02-16 21:00:00,CELL_008,99.81986373233713,98.18888692688832,0.5641251930739741,73.32851099147356,32.05232609576596,24.05976675979439,21,0,0,0,normal,0,-0.06818535881730187
2026-02-16 22:00:00,CELL_001,99.4399479704799,98.8918207937442,0.3677933726848598,80.59182479702537,30.837678455280663,22.27109956724676,22,0,0,0,normal,0,-0.08308367483022017
2026-02-16 22:00:00,CELL_002,99.47491997816792,98.81740520340664,0.295134275358969,81.47175111340978,26.99932719673665,24.620970063532734,22,0,0,0,normal,0,-0.07617179993745565
2026-02-16 22:00:00,CELL_003,98.84734535069671,98.75748660663928,0.1988663106433183,86.11192324939573,30.928467186380647,27.379394109284892,22,0,0,0,normal,0,-0.061876051257364506
2026-02-16 22:00:00,CELL_004,98.58189425602345,98.42051031131396,0.2689367172421093,84.10617911324087,27.939970474156844,19.25953758053168,22,0,0,0,normal,0,-0.06266243948913697
2026-02-16 22:00:00,CELL_005,98.894212857033,98.15463009150412,0.1544101807595868,78.50346589638879,23.7885910255836,21.24787812639314,22,0,0,0,normal,0,-0.06269580223195276
2026-02-16 22:00:00,CELL_006,98.89604481403089,98.1454317288759,0.4346845870797371,72.53543749261533,34.51911791142241,31.04413348233963,22,0,0,0,normal,0,-0.08506693176150787
2026-02-16 22:00:00,CELL_007,99.43563348147406,98.77567968388227,0.520099501668356,85.73196864167875,24.76200341403332,24.82656895619633,22,0,0,0,normal,0,-0.06494292933954343
2026-02-16 22:00:00,CELL_008,99.6820830177641,98.7694950132094,0.2308575972425152,81.44041300264851,22.123391517286056,21.445357035195496,22,0,0,0,normal,0,-0.05838813669232307
2026-02-16 23:00:00,CELL_001,99.61044232894972,98.88286882055148,0.0,87.56356094297638,24.798607171412325,16.18121859004703,23,0,0,0,normal,0,-0.004590058760957083
2026-02-16 23:00:00,CELL_002,99.8331448534996,98.5904792933103,0.1610210083357977,82.72343228185396,22.220460772046494,24.09275837102533,23,0,0,0,normal,0,-0.04113350617008105
2026-02-16 23:00:00,CELL_003,99.39562710775236,98.25819197658768,0.4162537370247287,83.28523764983935,31.17274195586545,20.992929704756904,23,0,0,0,normal,0,-0.0706484307513019
2026-02-16 23:00:00,CELL_004,99.15556057559184,98.30581751554764,0.1787886524700238,88.36974924920794,21.148496424129835,18.76245268355055,23,0,0,0,normal,0,-0.04541602781107568
2026-02-16 23:00:00,CELL_005,99.02423244373084,97.80035261241612,0.4359999092513434,81.09624516550011,27.41797462523458,19.319292988218898,23,0,0,0,normal,0,-0.05641906926126328
2026-02-16 23:00:00,CELL_006,99.0404133495884,97.81539927387702,0.4154817406246118,85.40380887695603,33.352715670418924,23.69026459081062,23,0,0,0,normal,0,-0.07283583532040466
2026-02-16 23:00:00,CELL_007,99.94117762164888,98.63498106767074,0.3131881728739819,92.37736088850475,27.78322392634244,19.72407596437838,23,0,0,0,normal,0,-0.02389582785865285
2026-02-16 23:00:00,CELL_008,99.59372474023247,98.47841117099496,0.2464674434103561,75.73316031580819,28.50125297536818,20.928791360722688,23,0,0,0,normal,0,-0.06271299667955482
2026-02-17 00:00:00,CELL_001,99.903424240165,98.87539559316386,0.0,85.11315426338435,25.152951979840115,18.674453218277527,0,1,0,0,normal,0,-0.03968640387407241
2026-02-17 00:00:00,CELL_002,99.76022345770072,99.24058737327285,0.1595478385737494,88.11973567574168,27.299792275836708,21.50717032641473,0,1,0,0,normal,0,-0.0497008982941457
2026-02-17 00:00:00,CELL_003,99.18345445354085,98.28966230931525,0.6187738844583619,79.9228160995022,31.46522410955192,23.172012997686007,0,1,0,0,normal,0,-0.09813312079924341
2026-02-17 00:00:00,CELL_004,99.08141147881,99.19404882046284,0.3845867613162499,80.56267842113158,21.313491270346127,18.80346243363241,0,1,0,0,normal,0,-0.06061020833182085
2026-02-17 00:00:00,CELL_005,98.70621652799844,97.88542824161628,0.2599875987606813,87.65529907473785,16.998155678274458,19.46892283269821,0,1,0,0,normal,0,-0.03150472578502139
2026-02-17 00:00:00,CELL_006,99.28814204904548,98.62068185362968,0.1142035899556872,85.67370307683962,30.355790734201268,22.795620284642744,0,1,0,0,normal,0,-0.08092774378748036
2026-02-17 00:00:00,CELL_007,99.6348165479327,99.4954376317844,0.241567538181475,80.64753016112181,31.23204593897569,16.22506227400827,0,1,0,0,normal,0,-0.03280504307240384
2026-02-17 00:00:00,CELL_008,99.7194929057016,98.37381486476085,0.2799531835764595,88.15659872164325,37.026807611903685,21.20341331372798,0,1,0,0,normal,0,-0.06678660283915289
2026-02-17 01:00:00,CELL_001,100.0,99.3183964654632,0.2740967951930984,77.1595052694922,20.19890923852027,20.874445455969493,1,1,0,0,normal,0,-0.037041489339224576
2026-02-17 01:00:00,CELL_002,99.68623048882044,98.92123349658355,0.0561560279164359,87.07107139619511,22.764139155657222,20.39603148699884,1,1,0,0,normal,0,-0.060224021320638754
2026-02-17 01:00:00,CELL_003,98.95181337383032,98.554364823493,0.6779167219675457,78.41367374561325,31.96669202204016,25.601830357621736,1,1,0,0,normal,0,-0.10154226866815674
2026-02-17 01:00:00,CELL_004,98.8936108884981,98.37614902901574,0.4141516305416874,75.27843379377069,19.192003107068796,21.843493100944364,1,1,0,0,normal,0,-0.07588550151430501
2026-02-17 01:00:00,CELL_005,98.68470921793433,98.65254265322709,0.2912157343069262,85.807273324533,13.069832350386475,21.732309452038415,1,1,0,0,normal,0,-0.052221297447218096
2026-02-17 01:00:00,CELL_006,99.14293781456182,98.64297959968988,0.5902158531294817,76.63888945325735,24.988414446785804,22.69992239525389,1,1,0,0,normal,0,-0.09102582713529161
2026-02-17 01:00:00,CELL_007,99.50317593848672,99.52986822121176,0.39562965871309,82.38811572659756,29.815127335073623,25.876432313103173,1,1,0,0,normal,0,-0.07052652537802057
2026-02-17 01:00:00,CELL_008,100.0,99.00582565717008,0.0650592417405547,88.63887284444607,25.511225223539704,22.599417120254152,1,1,0,0,normal,0,-0.04409861728448805
2026-02-17 02:00:00,CELL_001,99.18647355724616,98.77358308025728,0.1492614273513426,74.33306674498182,30.819253839668864,28.941754697180865,2,1,0,0,normal,0,-0.08675912256653678
2026-02-17 02:00:00,CELL_002,99.7436182069958,98.92887632410064,0.1916876835533664,79.69241398511177,33.489401732558214,18.21453214836026,2,1,0,0,normal,0,-0.0739120511517779
2026-02-17 02:00:00,CELL_003,99.08280699139983,98.26979521564108,0.4432833756553285,80.33812993768994,31.79294714507524,25.4010667865016,2,1,0,0,normal,0,-0.11980488549513152
2026-02-17 02:00:00,CELL_004,98.87475806474676,99.12763778950696,0.371764640775068,81.7157332849205,23.470522238865023,21.00350056228298,2,1,0,0,normal,0,-0.08326668029419465
2026-02-17 02:00:00,CELL_005,99.14773799921046,98.08422749958652,0.0886164248765486,80.44295220468979,27.22829775969286,17.213335203093468,2,1,0,0,normal,0,-0.07047641592770898
2026-02-17 02:00:00,CELL_006,98.51971846244072,98.11416737944742,0.6235790975031094,78.17385220903975,34.82937741568066,21.981142111467925,2,1,0,0,normal,0,-0.09617769594929243
2026-02-17 02:00:00,CELL_007,99.6097786067094,98.78491802600917,0.175515872198374,88.36372693735018,35.18887789127845,27.57679813428008,2,1,0,0,normal,0,-0.0701450139567033
2026-02-17 02:00:00,CELL_008,99.52774548900145,98.56608055001315,0.3266368389896408,72.2605491352986,39.556257112315016,25.693430186016048,2,1,0,0,normal,0,-0.10108686455862409
2026-02-17 03:00:00,CELL_001,99.58431141764396,98.93179338566536,0.3568490755086622,79.2861615903269,32.9969174242232,21.147154930163488,3,1,0,0,normal,0,-0.10171889553239999
2026-02-17 03:00:00,CELL_002,99.92219619263336,98.30799085061663,0.1463923115405279,75.06170499213036,28.38321433766578,17.77066181256119,3,1,0,0,normal,0,-0.061202596626753814
2026-02-17 03:00:00,CELL_003,98.8790728698056,98.33498652513924,0.6578614498119614,78.83438821787458,34.741839589536944,25.57213806504097,3,1,0,0,normal,0,-0.11779148266958045
2026-02-17 03:00:00,CELL_004,99.0628095323167,97.89711674236528,0.3956505231392427,71.72149817024179,32.7776493858754,21.85388390214549,3,1,0,0,normal,0,-0.10314899354758217
2026-02-17 03:00:00,CELL_005,99.18213322141332,98.70456524898798,0.1859470571926963,86.62301056683985,30.995371302982363,17.189248411667734,3,1,0,0,normal,0,-0.07287770917666009
2026-02-17 03:00:00,CELL_006,98.74298367982898,98.28195729737318,0.3735608001226204,80.38134498225249,27.348885789532737,20.77142625603675,3,1,0,0,normal,0,-0.09840862783382448
2026-02-17 03:00:00,CELL_007,99.69116038241106,98.5551496386077,0.3472660874507403,73.83934839116486,37.60382538370567,23.49778882109453,3,1,0,0,normal,0,-0.09755131227841402
2026-02-17 03:00:00,CELL_008,99.5802278237812,97.7997357180536,0.3569489724819211,82.12082027450138,29.59703610264161,24.235855573447274,3,1,0,0,normal,0,-0.09827026688639728
2026-02-17 04:00:00,CELL_001,99.21256393038514,98.91980403320512,0.4258048872655805,74.80732686438017,47.45769466292741,29.45967977559921,4,1,0,0,normal,0,-0.09218813133826681
2026-02-17 04:00:00,CELL_002,99.17922960477524,98.73250267678232,0.6583686832384956,76.8809142442313,32.5601480834159,23.42730984632422,4,1,0,0,normal,0,-0.11013563149574812
2026-02-17 04:00:00,CELL_003,98.73652844903953,97.76743399472636,0.8537314267264151,70.23594878584248,37.65176841480537,26.66387291588124,4,1,0,0,normal,0,-0.11182541541104835
2026-02-17 04:00:00,CELL_004,98.27384415224432,97.81589342797795,0.7367504571210317,72.52185467849621,37.32639007646087,26.398697044307745,4,1,0,0,normal,0,-0.0983932389272934
2026-02-17 04:00:00,CELL_005,98.71415753708312,97.98851072224797,0.5878999276772453,78.20431791110263,28.31187730656981,26.076397179591936,4,1,0,0,normal,0,-0.10850137866169435
2026-02-17 04:00:00,CELL_006,99.1162238171675,97.65418233339832,0.5951471486636593,82.13990701473548,35.51441707271388,20.659829067077844,4,1,0,0,normal,0,-0.09899702088155138
2026-02-17 04:00:00,CELL_007,99.79208966205844,98.53761419382856,0.4553069017121297,73.58489903745239,40.81416877289232,31.88794668248874,4,1,0,0,normal,0,-0.08577144481417687
2026-02-17 04:00:00,CELL_008,99.62174109120828,97.98662954755936,0.5276614890226898,67.57609338829582,40.0492313092424,22.09560319437898,4,1,0,0,normal,0,-0.08569948054570498
2026-02-17 05:00:00,CELL_001,99.03755122441126,98.36888107610736,0.9264327349348298,64.16192298227818,42.4818009152338,36.16009692727909,5,1,0,0,normal,0,-0.10658517193615474
2026-02-17 05:00:00,CELL_002,99.50335879940934,98.8159296713714,0.6959506494535439,77.77013540514785,42.250048661157216,28.895242637362927,5,1,0,0,normal,0,-0.09426417753700905
2026-02-17 05:00:00,CELL_003,99.088957310509,97.45439634728902,0.8339899425278005,60.7824576073488,42.63706875131507,29.974836009569344,5,1,0,0,normal,0,-0.10974078160346007
2026-02-17 05:00:00,CELL_004,99.0651841849378,97.96630058415538,0.7257684414437515,76.16131865697785,42.70415042826227,35.12061479506855,5,1,0,0,normal,0,-0.10899697063187691
2026-02-17 05:00:00,CELL_005,98.69991872010556,97.34381488764262,0.6390904723959824,74.74361478767695,42.72927147002655,22.49345469516068,5,1,0,0,normal,0,-0.08736415675697445
2026-02-17 05:00:00,CELL_006,98.38227453118672,97.2133949035134,0.7083848353601557,68.71261924590858,49.21110099898318,33.99572967889623,5,1,0,0,normal,0,-0.0947941550383668
2026-02-17 05:00:00,CELL_007,99.2097084762304,98.23084148266877,0.7124918662680086,69.2876139839565,38.86798744436848,28.944190555654487,5,1,0,0,normal,0,-0.12142499210093399
2026-02-17 05:00:00,CELL_008,99.4227414285814,97.8342923976629,0.5525935095508192,71.35783691992873,45.02816409707769,26.141361038129173,5,1,0,0,normal,0,-0.10998058504574876
2026-02-17 06:00:00,CELL_001,98.82338136900404,97.64019944411078,0.9171365538137296,58.322833596658654,60.523705845409296,34.29603538863059,6,1,0,0,normal,0,-0.11740006741826853
2026-02-17 06:00:00,CELL_002,98.79342255409864,98.02998239788016,0.9173931482560358,64.60871205380838,50.45177927830972,33.0129309336698,6,1,0,0,normal,0,-0.12358050094692291
2026-02-17 06:00:00,CELL_003,98.7789971000361,97.2200293493794,1.1812153717182667,54.000662008896015,55.00125454664368,45.66631314081124,6,1,0,0,normal,0,-0.10123212734773673
2026-02-17 06:00:00,CELL_004,98.70729045106316,96.47143362858088,0.8883348886976886,65.48736923377164,53.6811170815437,33.80374134251141,6,1,0,0,normal,0,-0.08635837282057157
2026-02-17 06:00:00,CELL_005,98.41718131446147,97.74447357091046,0.973903464418326,68.03701801806109,52.875322984878935,27.55926410818327,6,1,0,0,normal,0,-0.1020534111474643
2026-02-17 06:00:00,CELL_006,98.47859084202813,96.50423402541868,0.862160921825549,56.33429500220348,57.28340018783097,37.9773888640982,6,1,0,0,normal,0,-0.08678575474983075
2026-02-17 06:00:00,CELL_007,99.34803781369908,98.2557044200602,0.86856122642415,62.65209021897227,53.31300512728328,38.895518954176495,6,1,0,0,normal,0,-0.1017959929893576
2026-02-17 06:00:00,CELL_008,98.53297762728828,97.56750776340078,0.8712444204239441,67.04841522424039,63.875281833960415,39.38775787030976,6,1,0,0,normal,0,-0.10622076491821208
2026-02-17 07:00:00,CELL_001,98.7117539034878,97.49089125381454,0.8922826537098042,63.82284019934695,59.12499038841261,35.60612566771896,7,1,0,0,normal,0,-0.11973931935896054
2026-02-17 07:00:00,CELL_002,99.148994575641,98.07844785522836,0.7370791890981958,54.68070294867778,58.896423420028434,34.76797163383905,7,1,0,0,normal,0,-0.10891734478452592
2026-02-17 07:00:00,CELL_003,98.46371907031406,97.17241242137864,1.0973149143850742,53.30567391493653,62.91012145826061,39.92707061133109,7,1,0,0,normal,0,-0.11355590494752965
2026-02-17 07:00:00,CELL_004,98.2124955199687,97.19267783767305,1.0105147923804416,67.05874227300092,54.57001279007656,41.175518018941766,7,1,0,0,normal,0,-0.09759985140669702
2026-02-17 07:00:00,CELL_005,98.643634184161,97.05656176101138,0.8628507590207863,56.670740776270726,55.44298655116147,42.03056947086641,7,1,0,0,normal,0,-0.10453038353227756
2026-02-17 07:00:00,CELL_006,98.35061165800872,96.7407936970289,1.200942445398223,48.45583596695431,66.0798478065887,34.78553880322048,7,1,0,0,normal,0,-0.08575441401216483
2026-02-17 07:00:00,CELL_007,98.63834636744132,97.73926012192528,1.0807454083127956,60.48175878360262,54.05505192189816,40.9412862207982,7,1,0,0,normal,0,-0.11829668095173135
2026-02-17 07:00:00,CELL_008,98.63054875322084,97.4781577516033,0.72946608184601,60.79240940350551,56.031195200563495,38.33703575856523,7,1,0,0,normal,0,-0.11708108716934967
2026-02-17 08:00:00,CELL_001,98.72863575895408,97.63515396807794,1.2471615189227527,48.220698122790736,67.91134885590444,39.68496493312082,8,1,0,0,normal,0,-0.11522375716931432
2026-02-17 08:00:00,CELL_002,98.96247393843588,97.46671188635584,1.1837309301580152,48.64598987631313,72.08874305749427,47.04933358465729,8,1,0,0,normal,0,-0.09987130708446051
2026-02-17 08:00:00,CELL_003,98.37193388378792,97.07869368730088,1.2950290171977556,55.97658414650604,66.42595561396797,47.940543887262926,8,1,0,0,normal,0,-0.11059415494269914
2026-02-17 08:00:00,CELL_004,98.26264452035778,97.47802144427628,1.086158400990099,57.220667250921146,64.672764953578,38.7443235576025,8,1,0,0,normal,0,-0.11685933694566675
2026-02-17 08:00:00,CELL_005,98.20673254531218,97.03740538757076,2.718353499716522,32.083953746848465,95.89119076168396,81.29786170957685,8,1,0,1,congestion,1,0.0523987940992785
2026-02-17 08:00:00,CELL_006,98.56307097186766,96.7238077576772,1.0190650475499248,58.38737090204452,68.01236492461528,31.83137964322104,8,1,0,0,normal,0,-0.08192014378046197
2026-02-17 08:00:00,CELL_007,98.7790537992729,97.46373111945869,0.8938507885757961,55.4951976936026,55.51685263211142,36.8801751533051,8,1,0,0,normal,0,-0.12227265710500945
2026-02-17 08:00:00,CELL_008,98.86027718533944,98.19579641626872,0.994777576445374,58.22059238061321,72.29940263304267,41.76838302543798,8,1,0,0,normal,0,-0.10016809056653758
2026-02-17 09:00:00,CELL_001,98.23984249857858,97.32740539561728,1.3073779128131484,45.47531367725679,79.80409650662236,45.445769978490986,9,1,0,0,normal,0,-0.10551537397411215
2026-02-17 09:00:00,CELL_002,98.63660006378905,97.61327947823663,1.251842222073021,49.92033513052697,66.3868932226506,39.14593153629802,9,1,0,0,normal,0,-0.12057549498683301
2026-02-17 09:00:00,CELL_003,98.20223302562388,97.32471302496783,1.2741575311808622,43.04917523774894,73.45036240854249,52.18527442323487,9,1,0,0,normal,0,-0.09139406509296655
2026-02-17 09:00:00,CELL_004,98.395520360225,96.75059586139253,1.1171823833625518,55.32781069109895,66.41878320373334,42.76080611516503,9,1,0,0,normal,0,-0.11169886082882535
2026-02-17 09:00:00,CELL_005,97.9238286668528,97.2523143515006,2.959195750296709,22.406472939958075,100.0,80.16139181304715,9,1,0,1,congestion,1,0.07905536034856986
2026-02-17 09:00:00,CELL_006,97.77105408461902,96.9326413848694,1.335137527403411,46.26758644859117,65.67116788805036,42.36818035328698,9,1,0,0,normal,0,-0.09879743880820024
2026-02-17 09:00:00,CELL_007,98.44192169475912,97.37642046597512,1.5413260699570377,43.36878250678427,74.74611884577794,46.613340264302735,9,1,0,0,normal,0,-0.10363787150867498
2026-02-17 09:00:00,CELL_008,98.31872872662257,97.22036965874068,1.292750563937898,54.6105941987581,78.17382718923511,42.4833689786613,9,1,0,0,normal,0,-0.1098373893992769
2026-02-17 10:00:00,CELL_001,98.80974306315014,97.36479160420032,1.218878724657509,55.43694038211182,75.88177390611631,46.83205844916514,10,1,0,0,normal,0,-0.10205647129655449
2026-02-17 10:00:00,CELL_002,98.53432446400954,97.84340858698916,1.5717844660864029,49.58488828255852,80.220281651069,47.63722422253984,10,1,0,0,normal,0,-0.08655855823617892
2026-02-17 10:00:00,CELL_003,98.24485786444484,96.87039568089368,1.4239358718051276,38.283428572680734,81.2469355939129,48.61322204984816,10,1,0,0,normal,0,-0.10092732366806129
2026-02-17 10:00:00,CELL_004,97.7894918928819,96.88486522334324,1.3390719148430898,48.80950223418805,61.75606324364785,42.36299847562723,10,1,0,0,normal,0,-0.09843898743363644
2026-02-17 10:00:00,CELL_005,98.3004180697412,96.41991707559694,2.911307942752842,26.520465908326447,100.0,84.6138222852309,10,1,0,1,congestion,1,0.0767384468577813
2026-02-17 10:00:00,CELL_006,97.90849586697018,96.12489953696536,1.5960755799983346,34.021257644634694,75.93323514745475,49.18447326377465,10,1,0,0,normal,0,-0.056352111430999885
2026-02-17 10:00:00,CELL_007,98.79445783506064,97.09245996147952,1.3999245816811614,43.38595234060548,79.44925086316573,51.74345934352364,10,1,0,0,normal,0,-0.0908522495688619
2026-02-17 10:00:00,CELL_008,98.72272530691642,97.06363448944715,1.1332387296614388,41.15668140040645,70.27867483862994,43.71705321814991,10,1,0,0,normal,0,-0.1020218133390412
2026-02-17 11:00:00,CELL_001,98.46446504041826,97.14509539267291,1.5705785282562008,32.881586815580384,81.55663678267172,51.97894999424711,11,1,0,0,normal,0,-0.07472428944969733
2026-02-17 11:00:00,CELL_002,98.4021743030756,97.96312166321404,1.4017963801266202,36.47124432577409,76.30080197763634,52.59247177540342,11,1,0,0,normal,0,-0.07647589084714795
2026-02-17 11:00:00,CELL_003,97.88978889177064,96.95927329226257,1.5471245642045406,31.19640343375677,77.99698232523718,51.10528942530431,11,1,0,0,normal,0,-0.08039676701301895
2026-02-17 11:00:00,CELL_004,98.2596999248764,96.16335538650232,1.063975929003932,38.8424962691438,69.89882155483046,47.32254438545954,11,1,0,0,normal,0,-0.06525839141839501
2026-02-17 11:00:00,CELL_005,97.82275374720432,96.65008493890367,3.0741229802644248,26.36502498334413,100.0,85.78192277884602,11,1,0,1,congestion,1,0.08174844568309558
2026-02-17 11:00:00,CELL_006,97.79028730830804,96.249159255858,1.5653766545116048,38.09847236630071,79.53158284013749,47.00574711229624,11,1,0,0,normal,0,-0.07561008830851679
2026-02-17 11:00:00,CELL_007,98.81063935965209,97.29616082816275,1.2846870083036055,41.68006259148326,78.34880997143429,53.554968581538574,11,1,0,0,normal,0,-0.08200811083729392
2026-02-17 11:00:00,CELL_008,98.74260073842773,97.8137517509496,1.334842439013773,51.12894140534349,75.59666483933009,47.80922625107221,11,1,0,0,normal,0,-0.10742956742304233
2026-02-17 12:00:00,CELL_001,98.58941468203854,98.1046025360731,1.2103029871315176,31.981722557248883,78.27081756944716,52.44325960297989,12,1,0,0,normal,0,-0.06011583907652068
2026-02-17 12:00:00,CELL_002,98.32256474286363,97.36554817053508,1.2938096979306968,39.61251820100714,80.50326804200759,47.80212871600416,12,1,0,0,normal,0,-0.10923582173206636
2026-02-17 12:00:00,CELL_003,98.30529048972672,96.8392246607876,1.377574239966221,47.56770717801148,74.66413347604843,50.3074354460991,12,1,0,0,normal,0,-0.11694299134709363
2026-02-17 12:00:00,CELL_004,97.82498605415742,96.40831112348354,1.4034013097981672,36.59407365067578,74.83857794245776,50.35110594139948,12,1,0,0,normal,0,-0.08701496057137098
2026-02-17 12:00:00,CELL_005,98.00417788930068,96.35133904173516,2.8728803282300497,27.774624219788475,100.0,85.37504709106672,12,1,0,1,congestion,1,0.0711908194770694
2026-02-17 12:00:00,CELL_006,98.46448522391688,96.86265006344716,1.3351302187771945,39.19004012350124,87.24401491795659,50.46379992891056,12,1,0,0,normal,0,-0.08715348545572282
2026-02-17 12:00:00,CELL_007,98.47820638517038,97.2523566674007,1.5338007677010286,47.93738807179609,76.77765345073469,54.5285212468985,12,1,0,0,normal,0,-0.09358129947839838
2026-02-17 12:00:00,CELL_008,98.45225081287028,96.90415586042612,1.2464503346959732,34.95308139012357,79.704472150511,48.530381994428346,12,1,0,0,normal,0,-0.09681239289739535
2026-02-17 13:00:00,CELL_001,98.37116536762294,96.7406324382348,1.4213460026484783,45.30538135647701,83.19852404552742,46.83075645114574,13,1,0,0,normal,0,-0.10415642763127997
2026-02-17 13:00:00,CELL_002,98.31748572034525,96.82004300444092,1.2896544998345525,39.78416723025376,78.86507428189636,53.98132528375696,13,1,0,0,normal,0,-0.09776684175998568
2026-02-17 13:00:00,CELL_003,98.17805576585728,96.39926231764947,1.448529182751973,42.8451407299073,82.25381408640496,45.16345294802397,13,1,0,0,normal,0,-0.09934449518719196
2026-02-17 13:00:00,CELL_004,98.0783706307054,96.38192408588267,1.3441826710486828,50.77644250818549,68.63113904829743,48.56112627721856,13,1,0,0,normal,0,-0.09902670910752831
2026-02-17 13:00:00,CELL_005,97.62323494306814,96.1944516717198,3.1922625405977643,25.71642365796694,100.0,85.71678175184691,13,1,0,1,congestion,1,0.0937421416070302
2026-02-17 13:00:00,CELL_006,97.66654002901888,96.16192940657602,1.523758831707122,44.29308881982571,72.54533901118171,47.93749805963797,13,1,0,0,normal,0,-0.07472789468348817
2026-02-17 13:00:00,CELL_007,98.33661522637156,97.59628337256972,1.4855214524390137,40.58596027799327,85.14474306279578,53.42304255585969,13,1,0,0,normal,0,-0.07031534537397449
2026-02-17 13:00:00,CELL_008,98.49549921178932,97.2991782128321,1.637710035773478,32.09631947177789,74.78646976818736,49.36130818279037,13,1,0,0,normal,0,-0.08293769360550779
2026-02-17 14:00:00,CELL_001,98.47377068722466,96.62651915852403,1.0628643052298947,40.91393585731731,79.12158106839173,41.22659069813014,14,1,0,0,normal,0,-0.08440675326085217
2026-02-17 14:00:00,CELL_002,98.65732632154791,97.4794490563824,1.357335236859008,41.455591576943725,75.65552423441497,46.79528246878111,14,1,0,0,normal,0,-0.11002047117823482
2026-02-17 14:00:00,CELL_003,98.02390022191216,96.79570864048654,1.5961981908651066,43.98004985002929,81.06339859403313,45.34408096325552,14,1,0,0,normal,0,-0.1016651223403342
2026-02-17 14:00:00,CELL_004,98.19047346237898,97.02840185627566,1.173903932318342,47.91730539060179,70.8065247741682,38.31077271500096,14,1,0,0,normal,0,-0.11041200373811239
2026-02-17 14:00:00,CELL_005,98.14408429149408,96.58434294876338,3.193689621107562,24.069677817388456,100.0,85.51804104422393,14,1,0,1,congestion,1,0.08015662445306027
2026-02-17 14:00:00,CELL_006,97.62623235278969,96.2076871431096,1.720899812184987,42.89282942820942,77.93934707614243,44.17043738739566,14,1,0,0,normal,0,-0.062450068660795055
2026-02-17 14:00:00,CELL_007,98.5307691855175,97.02445230668592,1.3195328894488358,46.47525575061027,78.62801677106262,47.60680896340703,14,1,0,0,normal,0,-0.11649712783404564
2026-02-17 14:00:00,CELL_008,98.56394959202504,97.25049029021616,1.2982710108229738,44.71954652128459,74.6040902222817,49.30589751107212,14,1,0,0,normal,0,-0.11597560470575974
2026-02-17 15:00:00,CELL_001,98.72149476831623,97.56538042656352,1.241559231730926,45.86716807183027,68.38152275935103,44.96402852180902,15,1,0,0,normal,0,-0.11861457225768285
2026-02-17 15:00:00,CELL_002,98.88256128949024,97.03131531307076,1.183672824906468,51.15076957822295,75.78328115266369,50.459581905227424,15,1,0,0,normal,0,-0.09360632755737425
2026-02-17 15:00:00,CELL_003,98.09034353451624,97.01937364896482,1.667327032690689,49.40683035997733,75.6943834256187,47.08095200049251,15,1,0,0,normal,0,-0.10022992805782333
2026-02-17 15:00:00,CELL_004,98.00224713760004,97.03170202625742,1.3227352568542712,39.75057460815295,68.93608378626396,42.928857220753166,15,1,0,0,normal,0,-0.10712385880179642
2026-02-17 15:00:00,CELL_005,98.40449680295325,96.78385325689584,2.6766284688332167,28.832940862654016,90.9304301256644,80.46528159625692,15,1,0,1,congestion,1,0.04616614532965457
2026-02-17 15:00:00,CELL_006,98.3643094141596,97.2314687594378,1.683792918423632,38.68169749310853,76.22031192554992,50.32978715521193,15,1,0,0,normal,0,-0.08976307269978229
2026-02-17 15:00:00,CELL_007,98.43030279466416,97.13892452391975,1.2399185297844555,43.73597805533759,71.34989114447082,47.56360221836672,15,1,0,0,normal,0,-0.11577498287456756
2026-02-17 15:00:00,CELL_008,98.66867083864088,97.87633627240206,1.3004356721644128,38.22985505174952,65.97169560142486,49.12580796526352,15,1,0,0,normal,0,-0.09406214157640175
2026-02-17 16:00:00,CELL_001,98.5495664507035,97.60376361589658,1.0489407825889376,50.71414819915763,56.85420777849991,41.13399253003045,16,1,0,0,normal,0,-0.11471031736066462
2026-02-17 16:00:00,CELL_002,98.80936394889716,97.462447844056,1.2369398234155269,53.91306077995588,71.74884116727185,36.893100499120834,16,1,0,0,normal,0,-0.10748915537664055
2026-02-17 16:00:00,CELL_003,98.39665988187998,97.20070669393458,1.07793852492209,42.8030803582193,78.07068279434779,46.30743838283146,16,1,0,0,normal,0,-0.09176641818638237
2026-02-17 16:00:00,CELL_004,98.36965871993104,96.67408395289551,1.2978288932781736,54.96045456821216,71.67381486994431,42.97873068162304,16,1,0,0,normal,0,-0.10677172883487906
2026-02-17 16:00:00,CELL_005,97.85990177171992,96.96028490876944,1.24516187456231,59.59065741046733,64.6637825023345,43.22247034428491,16,1,0,0,normal,0,-0.09995262237512065
2026-02-17 16:00:00,CELL_006,98.69314815720656,97.5118904742954,1.266067531666428,50.83390450405698,61.35134040755778,45.22843979284656,16,1,0,0,normal,0,-0.11442439308341512
2026-02-17 16:00:00,CELL_007,99.0568117581202,97.60080981507888,1.0869076563210138,41.02094739321329,66.88328941094716,43.09024497665613,16,1,0,0,normal,0,-0.08581626747483345
2026-02-17 16:00:00,CELL_008,98.23164992667176,97.25991957519877,1.1902800245851637,43.854884827690654,67.32022189156669,42.82244815296534,16,1,0,0,normal,0,-0.10967449654933087
2026-02-17 17:00:00,CELL_001,98.91641662088205,98.0941379454286,1.1061254599297643,59.520996411491865,53.74141430945918,36.86825498616884,17,1,0,0,normal,0,-0.11319044332780037
2026-02-17 17:00:00,CELL_002,98.79111174895888,97.84842790031745,0.9732054629662032,54.26566015875553,46.25889296791152,39.81923079724449,17,1,0,0,normal,0,-0.10528263687429623
2026-02-17 17:00:00,CELL_003,98.40772907805705,96.94918800807432,1.4228672881116498,53.76119132036189,65.52427503502442,46.78258224743129,17,1,0,0,normal,0,-0.10231921208789058
2026-02-17 17:00:00,CELL_004,98.24337259370624,97.00058569903214,0.9970535712364286,53.4118062157298,53.14852175015555,41.47131178706371,17,1,0,0,normal,0,-0.10125350827588597
2026-02-17 17:00:00,CELL_005,98.0043702522559,97.55492960663452,1.0552126710822207,58.46582437944343,55.00895472830343,32.06175257788658,17,1,0,0,normal,0,-0.09542831184753575
2026-02-17 17:00:00,CELL_006,89.67173063023903,96.98337756843895,2.249085968751067,53.940689085247335,67.44163738880387,39.99690678488247,17,1,0,1,rrc_degradation,1,0.04943031881391213
2026-02-17 17:00:00,CELL_007,99.0919941287383,97.31930235291296,0.9399005662036366,62.330127369724295,50.38310758621833,34.18094438492045,17,1,0,0,normal,0,-0.11311960528285231
2026-02-17 17:00:00,CELL_008,98.9784566338446,97.45713825021755,0.8054819255028499,57.41880793767467,65.04245126391613,41.033897747198544,17,1,0,0,normal,0,-0.1086928290535269
2026-02-17 18:00:00,CELL_001,98.76422892132813,98.14770035429105,0.6466930613139419,67.8083653125245,52.58068771213489,35.80953042277767,18,1,0,0,normal,0,-0.11477165580867782
2026-02-17 18:00:00,CELL_002,98.79113621017626,98.7924908562638,0.6545866609485516,59.24479573478634,54.86265771941567,32.29814786230319,18,1,0,0,normal,0,-0.08736959172522385
2026-02-17 18:00:00,CELL_003,98.5206566678432,96.98409395670676,0.837370738643575,70.15734603786358,52.352948146647485,34.14739029851374,18,1,0,0,normal,0,-0.095228351143887
2026-02-17 18:00:00,CELL_004,98.3655550743619,97.91150772169418,0.8696184995324895,64.33199348630475,49.7289898642031,33.80443375760471,18,1,0,0,normal,0,-0.11626896691894473
2026-02-17 18:00:00,CELL_005,98.61509002862536,97.33467026346774,0.9125001752457136,67.16001231625302,52.13643111510042,38.37336113892052,18,1,0,0,normal,0,-0.11151303684404906
2026-02-17 18:00:00,CELL_006,89.18583943919666,97.6290436108642,2.2357113714522443,47.06045303382961,50.94248713016214,30.35679352260912,18,1,0,1,rrc_degradation,1,0.0573192131694189
2026-02-17 18:00:00,CELL_007,98.93297091423538,97.52191893134786,0.7284850436700371,74.96403763023761,43.01234857260876,33.570059246949754,18,1,0,0,normal,0,-0.1006814708702839
2026-02-17 18:00:00,CELL_008,99.20767265027254,97.6649676922062,0.9252229879682052,68.91226865491964,64.9741484292561,41.6859785520432,18,1,0,0,normal,0,-0.09018891746980184
2026-02-17 19:00:00,CELL_001,99.05826950890408,98.8454470574354,0.4895266571980265,75.14304498591254,41.69518729920066,29.619321170443847,19,1,0,0,normal,0,-0.08965441100543897
2026-02-17 19:00:00,CELL_002,99.2215631281622,98.83372121326452,0.6301238516518156,65.77855341986138,45.36445500973974,35.05566874942354,19,1,0,0,normal,0,-0.08231481160174997
2026-02-17 19:00:00,CELL_003,98.6777229225128,97.87765822850196,0.9426010612053788,66.55544411678876,58.20659549895018,38.747760544409,19,1,0,0,normal,0,-0.10258108578446617
2026-02-17 19:00:00,CELL_004,98.4351244720766,97.28837528067884,0.7920648082902806,70.35261565749036,36.96942579538387,35.59429264861765,19,1,0,0,normal,0,-0.09842813163073483
2026-02-17 19:00:00,CELL_005,99.17292661828684,97.30075838528744,0.6796385442407681,75.9437784793444,46.546449555611225,35.864959487454016,19,1,0,0,normal,0,-0.08759277767097307
2026-02-17 19:00:00,CELL_006,89.4954754852897,97.801511254601,1.8907957818760763,69.60502789024378,51.88836603976081,30.306783206382825,19,1,0,1,rrc_degradation,1,0.03718824085099404
2026-02-17 19:00:00,CELL_007,98.8235253604818,98.25661040145968,0.4519277362319298,69.43370662867234,42.96921483980936,29.680664590455887,19,1,0,0,normal,0,-0.11199623488075922
2026-02-17 19:00:00,CELL_008,99.49013126638596,98.34714294699218,0.6898091163579108,62.61280100038852,51.00425579957136,32.4581893346279,19,1,0,0,normal,0,-0.08939054901261045
2026-02-17 20:00:00,CELL_001,98.9068265844022,98.09854302649858,0.5496876645554535,81.19506149001057,39.8693766235885,29.95703847133962,20,1,0,0,normal,0,-0.10997709937235212
2026-02-17 20:00:00,CELL_002,99.2026344549735,98.89090315008862,0.914134088147564,61.08547752753192,43.32478874669188,27.155746963203093,20,1,0,0,normal,0,-0.07145163438407137
2026-02-17 20:00:00,CELL_003,99.0902411563408,98.12592533854144,0.8479553559878923,73.24796474034328,37.81415599365258,28.36393361824449,20,1,0,0,normal,0,-0.11313670882966576
2026-02-17 20:00:00,CELL_004,98.54014522868648,98.15060235013053,0.6538677689572011,78.2793247852105,32.93977751899418,22.78154198811337,20,1,0,0,normal,0,-0.09712429415182655
2026-02-17 20:00:00,CELL_005,99.11892214709523,98.35445020199867,0.681951216027077,79.50280848966727,34.38488790998342,17.672204925197768,20,1,0,0,normal,0,-0.08442868809597348
2026-02-17 20:00:00,CELL_006,89.63678820827015,97.9836936131958,1.6154166872043787,66.26049511388796,38.30464282432589,26.34595723282339,20,1,0,1,rrc_degradation,1,0.02078720525988953
2026-02-17 20:00:00,CELL_007,98.95447909688122,98.19857536070576,0.5350083549742847,74.6658436927218,42.218996871593234,27.694311455821666,20,1,0,0,normal,0,-0.1156345012668229
2026-02-17 20:00:00,CELL_008,98.91792173255897,98.6320995395977,0.8892216944471809,67.96265266667412,34.178698691628696,31.171083550039157,20,1,0,0,normal,0,-0.08826094926097677
2026-02-17 21:00:00,CELL_001,99.96310172648936,98.7221967012241,0.2825989544681551,77.07720619764143,24.19948713046936,21.706308189151084,21,1,0,0,normal,0,-0.06345778599445134
2026-02-17 21:00:00,CELL_002,99.76141846957756,98.9461022091063,0.1968102755900373,81.69569802370195,28.965647246854665,28.61543018996913,21,1,0,0,normal,0,-0.05874761110811505
2026-02-17 21:00:00,CELL_003,98.59638707788088,98.09092123188532,0.8073805830063497,78.45379377879576,35.97528176152076,33.002574466631344,21,1,0,0,normal,0,-0.10117528798346281
2026-02-17 21:00:00,CELL_004,98.93496034242077,98.15238771736898,0.2682338987917494,80.05004145299615,32.94671228475404,23.15455590703514,21,1,0,0,normal,0,-0.10033839775288528
2026-02-17 21:00:00,CELL_005,98.87869756310856,97.91555888378193,0.7518986037811468,80.4114628787008,33.868458779194704,24.086392003497963,21,1,0,0,normal,0,-0.09951355450352661
2026-02-17 21:00:00,CELL_006,90.53151675324548,97.85417937071767,1.7459103312041269,76.13300520357159,32.06560779024321,23.216108850223893,21,1,0,1,rrc_degradation,1,0.03339727473929477
2026-02-17 21:00:00,CELL_007,99.56350287480451,98.18262302688832,0.570006677273055,76.85755409143064,36.17824170684176,22.578997817680797,21,1,0,0,normal,0,-0.09135405265471103
2026-02-17 21:00:00,CELL_008,99.78937985925118,98.94453484985098,0.2175992927775043,79.67793140605633,30.08099016157776,29.0238345802372,21,1,0,0,normal,0,-0.06156025896209055
2026-02-17 22:00:00,CELL_001,99.46112086243484,99.0738426134882,0.2548616521053026,78.5707779789859,25.651816110392303,19.328863617157253,22,1,0,0,normal,0,-0.06956636878528172
2026-02-17 22:00:00,CELL_002,99.35271747001548,98.43602469337549,0.325241356018825,80.08804037072349,27.47548774177301,27.537458981220503,22,1,0,0,normal,0,-0.08982543183598646
2026-02-17 22:00:00,CELL_003,99.04790821013688,98.37011581686006,0.3257767288662009,82.48076154264133,35.87743149362274,25.341870237156623,22,1,0,0,normal,0,-0.10023276046906232
2026-02-17 22:00:00,CELL_004,99.19639918164964,98.67402976772776,0.2267746786474395,88.62586393580186,28.86024428013237,19.51946079995264,22,1,0,0,normal,0,-0.06148851077507361
2026-02-17 22:00:00,CELL_005,98.82034561166482,98.97364008067774,0.4269784641213766,83.42334058778555,22.180655133284997,26.13716680785796,22,1,0,0,normal,0,-0.06836506179695162
2026-02-17 22:00:00,CELL_006,98.879186508421,98.2375174659568,0.3170183536492619,78.5103651664406,34.500355450260315,19.904212994697595,22,1,0,0,normal,0,-0.0891869635900952
2026-02-17 22:00:00,CELL_007,100.0,98.89640015180768,0.1361359480303969,84.98517104651317,24.724574965068506,19.244255314836547,22,1,0,0,normal,0,-0.03676583036167158
2026-02-17 22:00:00,CELL_008,99.56607708702067,98.58362251950176,0.3668185810075117,78.40244377973592,27.47136046132076,23.082066369821227,22,1,0,0,normal,0,-0.0851163345320311
2026-02-17 23:00:00,CELL_001,99.9415583202008,99.22037656490043,0.0664367832742358,70.80460670257287,25.23209093923358,18.499406548712013,23,1,0,0,normal,0,-0.00747774681906388
2026-02-17 23:00:00,CELL_002,99.73537751894796,98.92325931191134,0.4083873042664429,78.88790099559358,26.480472788150493,20.538610519145443,23,1,0,0,normal,0,-0.058967742391439704
2026-02-17 23:00:00,CELL_003,99.50959474254933,98.82566179200724,0.2959916737596092,82.5698329766353,27.7572932675328,22.88275646866841,23,1,0,0,normal,0,-0.08089832321133511
2026-02-17 23:00:00,CELL_004,98.66222202973184,98.3545787284922,0.1314493506229926,77.34529161643619,17.011877144869104,18.51710861216541,23,1,0,0,normal,0,-0.02091896642361568
2026-02-17 23:00:00,CELL_005,98.72989054031876,98.19077228164798,0.3803026380892687,82.45463500259136,21.1802723275992,23.006845406967727,23,1,0,0,normal,0,-0.07594739003226242
2026-02-17 23:00:00,CELL_006,99.07389567451914,98.38209684489814,0.2738404441908784,73.65570703421933,22.32169859393532,18.94722787431109,23,1,0,0,normal,0,-0.06163877587817068
2026-02-17 23:00:00,CELL_007,99.53565770458384,98.40508750473327,0.1253889941557444,91.26241735812688,12.582877573129895,17.532742377480602,23,1,0,0,normal,0,-0.0025010049381154476
2026-02-17 23:00:00,CELL_008,99.73024374027264,98.53456740057932,0.0412324812883853,87.02152008950046,18.7432268324303,18.032186493248325,23,1,0,0,normal,0,-0.011675905541141951
2026-02-18 00:00:00,CELL_001,99.84347977433164,99.60677273037054,0.1956669989311781,78.16187292857839,31.805218265052943,21.3512582376387,0,2,0,0,normal,0,-0.040918927493930335
2026-02-18 00:00:00,CELL_002,99.32839467166578,99.33012847323684,0.362356778922671,82.26119807258137,34.7156386179209,27.900258883717868,0,2,0,0,normal,0,-0.07172764514247976
2026-02-18 00:00:00,CELL_003,99.2253440068756,98.3956831948752,0.2962938303633109,83.9956017928119,29.05222201652313,19.02136079187806,0,2,0,0,normal,0,-0.09577219899156098
2026-02-18 00:00:00,CELL_004,99.08213248874613,98.09862729864972,0.2908113581604775,86.67114391736801,33.65208890608834,22.70481784400407,0,2,0,0,normal,0,-0.094746814852816
2026-02-18 00:00:00,CELL_005,99.21318951985404,98.2863296154348,0.3352826981774441,85.71451263585672,26.747269502898064,23.038798382414992,0,2,0,0,normal,0,-0.10287913935798937
2026-02-18 00:00:00,CELL_006,98.88481955021518,98.41625783728232,0.376300075829022,85.6326523268897,28.850951983184203,19.79056462419137,0,2,0,0,normal,0,-0.09309727508974563
2026-02-18 00:00:00,CELL_007,99.27886359103184,98.318218026467,0.317692116760438,88.80546604905174,19.82278647884874,25.07295354049599,0,2,0,0,normal,0,-0.0692195360761812
2026-02-18 00:00:00,CELL_008,99.64363309004688,98.77700976045176,0.4275807209280964,95.23798763089104,17.387723949402588,22.22576709420092,0,2,0,0,normal,0,-0.03484718658809849
2026-02-18 01:00:00,CELL_001,99.27226914737498,99.19979284769106,0.4535585223573159,87.6480697167104,18.62243248266123,26.333850695637185,1,2,0,0,normal,0,-0.05042734352774336
2026-02-18 01:00:00,CELL_002,99.55074225759768,99.05059743329544,0.2116254107411492,84.43235068443538,24.60463606988068,21.29896604462359,1,2,0,0,normal,0,-0.0852039379684913
2026-02-18 01:00:00,CELL_003,99.28867499876849,98.38834977560072,0.2976455530340404,86.29344628917136,28.850394041235468,23.460588808349968,1,2,0,0,normal,0,-0.10675754908771762
2026-02-18 01:00:00,CELL_004,99.27731671173149,97.87632476622342,0.2428827437931161,82.78009759850202,25.3078445740918,19.7725850381892,1,2,0,0,normal,0,-0.0831599071115508
2026-02-18 01:00:00,CELL_005,99.2646144598732,97.52748862568632,0.1361849754070963,75.88768169996428,25.080081029045143,15.684445542365932,1,2,0,0,normal,0,-0.05084516574292841
2026-02-18 01:00:00,CELL_006,98.65191784664664,98.32376626969184,0.2635214354102583,77.35393345080948,18.359974863151315,22.95153733647127,1,2,0,0,normal,0,-0.06997134721502013
2026-02-18 01:00:00,CELL_007,99.87606882860214,98.14736263524716,0.4738999307680682,83.7705588811577,22.57517502629857,19.66760382601237,1,2,0,0,normal,0,-0.07288061248912314
2026-02-18 01:00:00,CELL_008,99.52393873255376,99.07995272970838,0.3674443512081393,75.53227124918347,27.17843266880362,15.756063270026791,1,2,0,0,normal,0,-0.06746539956380027
2026-02-18 02:00:00,CELL_001,99.36360405765436,98.90832713809368,0.2171381994922945,87.02195358484059,23.2610398134848,19.825283867355584,2,2,0,0,normal,0,-0.08492501915517536
2026-02-18 02:00:00,CELL_002,99.68716078011867,99.28827254516032,0.1669802717943314,77.33913210853433,25.211562098584608,16.432368039585636,2,2,0,0,normal,0,-0.05062017709997768
2026-02-18 02:00:00,CELL_003,99.42647336797076,98.41500229267724,0.6147644644970653,83.82189506661958,36.67837193392823,28.450219787946462,2,2,0,0,normal,0,-0.10273066676053783
2026-02-18 02:00:00,CELL_004,99.31046984620798,97.88006102000854,0.3122065546284905,86.74233206800503,29.242040465792684,15.566842931520352,2,2,0,0,normal,0,-0.06628292148728637
2026-02-18 02:00:00,CELL_005,98.87613108140243,97.92731413666964,0.1191037625247231,83.19441766965848,32.99675552527059,22.37328425590308,2,2,0,0,normal,0,-0.09417663492043238
2026-02-18 02:00:00,CELL_006,98.7114738729342,98.24945025498268,0.553400198350107,79.0301014741192,30.788704439881236,20.441198171051013,2,2,0,0,normal,0,-0.10680948933531353
2026-02-18 02:00:00,CELL_007,99.22351364498496,98.58092681361587,0.4117947591607604,76.75225821818306,32.53764348207112,24.687420206201868,2,2,0,0,normal,0,-0.12087633879269377
2026-02-18 02:00:00,CELL_008,99.2720206970836,99.27245447267764,0.4611052680058486,84.29278141407055,21.94812826575548,22.45343074682349,2,2,0,0,normal,0,-0.08234455417430542
2026-02-18 03:00:00,CELL_001,100.0,98.20887111923884,0.5529548755671114,73.137666844211,38.98984979704147,27.110461527123466,3,2,0,0,normal,0,-0.09944194190035799
2026-02-18 03:00:00,CELL_002,99.5774691465997,98.06945470475316,0.2743902558821361,79.44703813907441,38.83435230814675,27.25887854495316,3,2,0,0,normal,0,-0.11211569622550838
2026-02-18 03:00:00,CELL_003,99.31714429476985,97.86932553122928,0.4661454085353795,83.50607205894681,29.93506772165096,24.45557814191992,3,2,0,0,normal,0,-0.107708715899212
2026-02-18 03:00:00,CELL_004,98.87950783787548,97.72882035009212,0.7090846136971651,80.62176214689012,25.26156347899473,16.011192535156944,3,2,0,0,normal,0,-0.06568382471677758
2026-02-18 03:00:00,CELL_005,98.83813420437303,97.33506471554456,0.294225685653359,82.67232886179117,23.459886632444025,24.07020712899569,3,2,0,0,normal,0,-0.08382296071945611
2026-02-18 03:00:00,CELL_006,99.25734141668131,97.77256634449456,0.6777016096327981,74.81570826302581,37.62469478426805,26.050657706856946,3,2,0,0,normal,0,-0.11931398864572684
2026-02-18 03:00:00,CELL_007,99.24110909347417,98.42703067325289,0.2362759354306705,84.9473038189893,34.976170555553985,21.70031784227534,3,2,0,0,normal,0,-0.10828841929755573
2026-02-18 03:00:00,CELL_008,99.24266177234,98.7171343643136,0.2263191365586142,75.85761817349103,27.03775927408742,23.46974986208959,3,2,0,0,normal,0,-0.10177828278346696
2026-02-18 04:00:00,CELL_001,99.75362815985352,98.25098640990096,0.5273965214397343,72.33283737997763,45.14612396079112,26.923500088145826,4,2,0,0,normal,0,-0.10399456203098423
2026-02-18 04:00:00,CELL_002,99.3821667014088,98.62898089070676,0.5796608017983619,76.84963844942786,51.54713701217872,26.96040433405663,4,2,0,0,normal,0,-0.0961725422531165
2026-02-18 04:00:00,CELL_003,98.83565345922092,98.02050604676234,0.3832811429055062,74.85562914516137,46.13632994487863,27.581713401492028,4,2,0,0,normal,0,-0.11255667771098599
2026-02-18 04:00:00,CELL_004,98.57914755756607,98.0320413887904,0.2394126502200685,75.21989067198793,27.550485426509795,20.355103531472,4,2,0,0,normal,0,-0.08877688481744389
2026-02-18 04:00:00,CELL_005,98.90139528289272,98.22045439481076,0.5173414296916111,81.7084675029604,34.09045676731824,25.9461735310492,4,2,0,0,normal,0,-0.1270534060298793
2026-02-18 04:00:00,CELL_006,98.57649560006132,97.45633369553984,0.8597309825605461,61.06669149122571,48.19550987615178,27.53899798156497,4,2,0,0,normal,0,-0.10732761542055558
2026-02-18 04:00:00,CELL_007,99.19995325660814,98.54065255091456,0.5310326519761187,73.94376176632257,39.98736720364155,27.692058604170725,4,2,0,0,normal,0,-0.12242824823848447
2026-02-18 04:00:00,CELL_008,99.47094792526576,98.7798684970044,0.5282507129761647,69.38372472962772,34.76937910953163,21.57033940480112,4,2,0,0,normal,0,-0.09537084952319874
2026-02-18 05:00:00,CELL_001,99.24170428533124,98.14157272925492,0.4335247041772158,66.51318255912308,41.41753321086394,33.32520989099249,5,2,0,0,normal,0,-0.11537161301999227
2026-02-18 05:00:00,CELL_002,99.05970875652208,97.89203551906546,0.8357702560387009,66.40353326688218,49.9108913194501,29.972277877779295,5,2,0,0,normal,0,-0.12924983681724073
2026-02-18 05:00:00,CELL_003,98.68482489035888,97.70899260335548,0.7593560933507677,66.5239895189073,55.91169975499294,33.565738082788386,5,2,0,0,normal,0,-0.12592420406953508
2026-02-18 05:00:00,CELL_004,98.75305998762704,97.9706799874086,0.4569355738782157,69.54173994120923,42.25887919331054,31.85403636950738,5,2,0,0,normal,0,-0.12675392006678787
2026-02-18 05:00:00,CELL_005,99.13288269323156,97.77391728961892,0.6585561874206598,78.77095388346845,43.64865467612447,25.749666038339896,5,2,0,0,normal,0,-0.11870832126414599
2026-02-18 05:00:00,CELL_006,98.04465175358098,97.8751669522302,1.0277874706406385,71.10189177548905,48.39140592436749,30.164420900731244,5,2,0,0,normal,0,-0.09867421210393784
2026-02-18 05:00:00,CELL_007,98.80120315968963,98.12139013896288,0.8981656832458947,69.79599663738188,47.8485598152831,27.809253921866155,5,2,0,0,normal,0,-0.12413589032800276
2026-02-18 05:00:00,CELL_008,98.92948170533404,97.89000671401531,0.6809151496441007,70.64187778966658,46.5850966665257,23.874277655262876,5,2,0,0,normal,0,-0.11647157998893892
2026-02-18 06:00:00,CELL_001,99.28911022308796,98.54112503650032,0.7758760625555454,70.05076841477346,37.016376505786965,36.52819576239101,6,2,0,0,normal,0,-0.10737626737132827
2026-02-18 06:00:00,CELL_002,99.22542531156832,98.18472620894734,0.4904320618520066,66.79251641707128,50.28142679583596,29.23647216732558,6,2,0,0,normal,0,-0.11897303740039472
2026-02-18 06:00:00,CELL_003,98.72898558178524,97.9823245313493,0.8321768347501205,53.26121941489403,56.22370479452528,44.53207731580848,6,2,0,0,normal,0,-0.11274722514488339
2026-02-18 06:00:00,CELL_004,98.51660254427988,97.09547940186704,1.1458722504143504,69.49931461005859,53.00925698183182,33.85449344807602,6,2,0,0,normal,0,-0.10332978595911585
2026-02-18 06:00:00,CELL_005,98.50238094547956,97.73272164231628,1.1101115640636467,68.64352725667008,47.06096472301391,30.48123446358743,6,2,0,0,normal,0,-0.1103059745505916
2026-02-18 06:00:00,CELL_006,98.49451303396116,97.26437865798044,0.9989830730778432,57.90448289417889,51.50303796207484,34.78424449796159,6,2,0,0,normal,0,-0.12206123065157115
2026-02-18 06:00:00,CELL_007,99.14013081682496,98.23795721613683,0.6761051709730649,56.65562845149702,58.9042881629769,39.34969296111448,6,2,0,0,normal,0,-0.11098611375311523
2026-02-18 06:00:00,CELL_008,99.0131346555407,97.96061479978007,0.8885804412114259,61.07011005645073,52.98389940641563,38.37122503121636,6,2,0,0,normal,0,-0.12996172076649481
2026-02-18 07:00:00,CELL_001,98.62434302143748,97.73767388601148,1.1540016806335416,56.25465323856618,67.29241464466519,43.06833125418543,7,2,0,0,normal,0,-0.11994085372926938
2026-02-18 07:00:00,CELL_002,98.79057136362634,98.28564722583566,1.0372818744041972,55.81391940377301,60.60300650355239,40.95123948756119,7,2,0,0,normal,0,-0.12252348462936641
2026-02-18 07:00:00,CELL_003,98.63594760474189,97.1524477160191,1.1364003941827523,48.77234968975296,68.24943167330211,44.78065545759494,7,2,0,0,normal,0,-0.11304724782139841
2026-02-18 07:00:00,CELL_004,98.29540213281928,96.88935842124458,1.1105178727048888,56.17104775527242,57.421569022919336,40.31244898604135,7,2,0,0,normal,0,-0.11660708681043574
2026-02-18 07:00:00,CELL_005,98.04284430335925,97.49775642711732,0.7032764452814564,59.07233866342972,55.31396339922815,38.21829051545529,7,2,0,0,normal,0,-0.10857145034376053
2026-02-18 07:00:00,CELL_006,98.18262013318802,96.89559456461426,1.023188716798653,53.57119485931682,59.15501844841499,42.612554895090376,7,2,0,0,normal,0,-0.10872365860634375
2026-02-18 07:00:00,CELL_007,98.85682253624606,97.91592869530156,1.1431837118354238,46.77680484763182,59.28434390987017,37.9496739264127,7,2,0,0,normal,0,-0.11176392381735167
2026-02-18 07:00:00,CELL_008,99.02847368121944,97.22878247708933,1.0692535153915257,55.84407721653277,58.32540566974519,34.58593046143908,7,2,0,0,normal,0,-0.12010424914463702
2026-02-18 08:00:00,CELL_001,98.96626513014714,97.29863092439584,1.348240019135973,47.20041525746472,58.78317920695438,40.06175258167822,8,2,0,0,normal,0,-0.11329622695361657
2026-02-18 08:00:00,CELL_002,98.45285529440694,97.79905124415892,1.232721355788981,46.4258477803027,61.14108519122275,38.69971766751468,8,2,0,0,normal,0,-0.11602938662399304
2026-02-18 08:00:00,CELL_003,98.20133516631472,97.06019332725346,1.4492661986493829,48.916280543966,73.70068483835433,51.000955189941,8,2,0,0,normal,0,-0.11179349406553124
2026-02-18 08:00:00,CELL_004,98.135043643198,97.18051941419137,1.2670908464336157,56.84355678931897,65.31233857789337,38.99387172581059,8,2,0,0,normal,0,-0.11970323372028258
2026-02-18 08:00:00,CELL_005,97.99710219585457,97.54894887008828,1.0869830721463762,57.10613377180944,57.91061823829167,37.55389414405299,8,2,0,0,normal,0,-0.11292210039264905
2026-02-18 08:00:00,CELL_006,98.0117235819687,97.66683790227592,1.1696559987840134,49.28120834786283,62.945028310630654,43.204423337800414,8,2,0,0,normal,0,-0.11776607695034486
2026-02-18 08:00:00,CELL_007,98.3365534758784,97.43623801374676,1.2342574793914858,46.41148754586411,65.27370731532683,44.48218010322033,8,2,0,0,normal,0,-0.12136184001263356
2026-02-18 08:00:00,CELL_008,98.57047045371029,97.4838136911312,1.061544220131352,53.69900318290314,73.17723735328342,38.93496920580817,8,2,0,0,normal,0,-0.12058331135556072
2026-02-18 09:00:00,CELL_001,98.56996698451609,97.44597102215846,0.9589717784836436,52.69379418744143,61.55787633799395,42.64664466735292,9,2,0,0,normal,0,-0.1287177555212633
2026-02-18 09:00:00,CELL_002,98.7851642927423,97.83868851398806,1.1505146900664165,50.119636903363066,67.19195472180256,40.04591140332293,9,2,0,0,normal,0,-0.12611772182657166
2026-02-18 09:00:00,CELL_003,98.1056017729356,97.1551662877072,1.3545717582533805,38.22872014582384,76.22966077408343,50.207771140849,9,2,0,0,normal,0,-0.10319616751025223
2026-02-18 09:00:00,CELL_004,97.99070103571586,97.15453848097296,1.3689184180582714,41.22826611510194,67.3094691600064,47.771032198345615,9,2,0,0,normal,0,-0.10673472634515485
2026-02-18 09:00:00,CELL_005,97.9162985856664,96.92043245032886,1.2880405134898223,49.349223629619694,59.217201133036056,41.77309527898228,9,2,0,0,normal,0,-0.1092247652090439
2026-02-18 09:00:00,CELL_006,97.85550918441515,97.44194743735434,1.2648987486287755,42.56986333544485,72.2686564392554,46.52655525625338,9,2,0,0,normal,0,-0.10505996890665653
2026-02-18 09:00:00,CELL_007,98.64428369761583,98.00492256935756,1.2335871782566117,52.52708373887294,74.3708397718242,41.924063258856,9,2,0,0,normal,0,-0.11882828082139452
2026-02-18 09:00:00,CELL_008,99.1425681552585,97.89393881079236,1.041978329751734,46.205323178561606,68.15460862223937,44.83278817074176,9,2,0,0,normal,0,-0.09679355488129521
2026-02-18 10:00:00,CELL_001,97.9857446943254,97.522534193603,1.490124247908024,46.27913044190077,75.52633877910246,41.76910890889114,10,2,0,0,normal,0,-0.11065668061105222
2026-02-18 10:00:00,CELL_002,98.85774065586725,97.20988778535757,1.276296150205772,37.98500388469751,76.78312460541204,45.241557695317546,10,2,0,0,normal,0,-0.10678917568236052
2026-02-18 10:00:00,CELL_003,98.15658523001802,96.49654465252593,1.4216121940278996,39.89649498441569,72.44552324112912,50.11795807033349,10,2,0,0,normal,0,-0.10851897970252056
2026-02-18 10:00:00,CELL_004,98.06025396602077,97.0110694477426,1.475359479978216,36.594875261794726,75.78520661698806,50.2522055154071,10,2,0,0,normal,0,-0.10396392624809675
2026-02-18 10:00:00,CELL_005,98.2839846838108,96.7649027803318,1.5338101141174767,47.543525690615375,79.68499469926796,45.2099495297327,10,2,0,0,normal,0,-0.11033777439087711
2026-02-18 10:00:00,CELL_006,97.6457690912456,96.2837316171791,1.1832600978506602,40.46056114690899,73.39227880935773,45.09626131006972,10,2,0,0,normal,0,-0.0799395073796012
2026-02-18 10:00:00,CELL_007,98.41093530250356,97.2735620964699,0.9823508755564334,42.36140186294287,71.3653211553371,47.883674459753,10,2,0,0,normal,0,-0.11116773949358272
2026-02-18 10:00:00,CELL_008,98.40811183461297,97.4639698139583,1.3270351442380417,49.34710259021828,76.28827966163917,46.155094426694646,10,2,0,0,normal,0,-0.12376647389041767
2026-02-18 11:00:00,CELL_001,98.12032535978216,97.27379613065084,1.2131255438124666,37.92449855518315,79.2618985693766,52.23545259285445,11,2,0,0,normal,0,-0.09185105774056379
2026-02-18 11:00:00,CELL_002,98.97092021699056,96.66474124845928,1.3978210480979438,44.0152320143004,70.41206414198354,45.17208851075856,11,2,0,0,normal,0,-0.11013739363532826
2026-02-18 11:00:00,CELL_003,98.43138947888887,97.27117344179122,1.440852344872357,46.89511620485646,75.95674531553074,51.2718321172119,11,2,0,0,normal,0,-0.11836500206393114
2026-02-18 11:00:00,CELL_004,97.79366395653278,96.62030149780831,1.4120833999877156,44.58320567223485,76.91271913471026,46.63440147625102,11,2,0,0,normal,0,-0.11369382713548176
2026-02-18 11:00:00,CELL_005,97.96994564873424,96.7481600658291,1.5469747044400382,41.90768335782376,90.44818326003691,49.20345856086551,11,2,0,0,normal,0,-0.0810881946934765
2026-02-18 11:00:00,CELL_006,97.63222788961076,96.41402055801508,1.3816518728557066,34.24297763578366,81.25223442909325,49.54434957435888,11,2,0,0,normal,0,-0.07139281097519057
2026-02-18 11:00:00,CELL_007,98.15777167989296,97.5777878464321,1.5742263126907774,35.200353723409144,77.79904015336679,54.72138705152568,11,2,0,0,normal,0,-0.07214013397092112
2026-02-18 11:00:00,CELL_008,98.4886816067817,96.81023400601444,1.6581249189821747,34.90141697737797,79.94158522289071,49.87621447972443,11,2,0,0,normal,0,-0.08643151008264349
2026-02-18 12:00:00,CELL_001,98.45598749337256,97.3497399220144,1.4334591238689784,43.50350306060292,77.58102134184715,50.40249924798753,12,2,0,0,normal,0,-0.12051528084266999
2026-02-18 12:00:00,CELL_002,98.5562775088318,96.84958237119731,1.2695718394559157,40.82945765370529,83.26048274181124,51.49000637954192,12,2,0,0,normal,0,-0.09737108938079675
2026-02-18 12:00:00,CELL_003,98.35655583654903,97.4070188876046,1.5031785127983728,46.10285146172544,82.83244856073836,53.21047560323762,12,2,0,0,normal,0,-0.08950629503185797
2026-02-18 12:00:00,CELL_004,97.98187842148128,96.50297978523412,1.4208364209467406,68.92133417554548,69.68087142978301,49.56748643286288,12,2,0,0,normal,0,-0.08485127482506838
2026-02-18 12:00:00,CELL_005,97.81438544023108,96.35602300828076,1.521097180870945,40.63501195805575,75.57145786561331,46.33075817397013,12,2,0,0,normal,0,-0.10009191539719736
2026-02-18 12:00:00,CELL_006,98.3479092799741,97.01040002927496,1.6185209235266,48.8700075326938,75.07524955229627,49.44723017569661,12,2,0,0,normal,0,-0.11952734796059844
2026-02-18 12:00:00,CELL_007,98.57126903281956,97.10468828790296,1.3959740824399465,41.24371479324117,72.65692821412586,50.400911027450455,12,2,0,0,normal,0,-0.12203685488553395
2026-02-18 12:00:00,CELL_008,98.37093080357252,96.91722239629568,1.596046706959453,40.66732456025666,83.95405660640286,52.0560421108393,12,2,0,0,normal,0,-0.09359236270363103
2026-02-18 13:00:00,CELL_001,98.178645751739,97.30078428623706,1.5456348728727674,54.47445675503991,70.68739912055388,51.01756979686407,13,2,0,0,normal,0,-0.10676981921758105
2026-02-18 13:00:00,CELL_002,98.53991273229964,97.41501644305406,1.4678986474776523,42.653948486255096,86.07780213827549,52.72721672865643,13,2,0,0,normal,0,-0.0835806255966442
2026-02-18 13:00:00,CELL_003,98.26301098233432,96.77955060570751,1.5594795555184149,41.50894415398592,83.25536507704223,49.25864527223641,13,2,0,0,normal,0,-0.09915330290574687
2026-02-18 13:00:00,CELL_004,97.60822301180004,96.75853633360887,1.5240477016075928,39.75623941591903,66.73862201502233,47.74403153774214,13,2,0,0,normal,0,-0.09122942244783577
2026-02-18 13:00:00,CELL_005,97.27362963078473,96.4621658633014,1.388587738133695,42.07827382489609,69.60381321665564,45.5793510748723,13,2,0,0,normal,0,-0.0790475358799485
2026-02-18 13:00:00,CELL_006,98.021729381998,96.20287383605404,1.5165561691617282,39.80486546437149,83.47643249025187,48.34394400138402,13,2,0,0,normal,0,-0.08440958651949931
2026-02-18 13:00:00,CELL_007,98.38649240727143,96.81384595588648,1.3078104362886367,39.738921529694046,82.91965944890003,49.12391747929944,13,2,0,0,normal,0,-0.10446931035855556
2026-02-18 13:00:00,CELL_008,98.24082970441668,96.6862630840329,1.523404189200767,45.508465000050734,82.94847670438125,51.90191770680293,13,2,0,0,normal,0,-0.0977216651531399
2026-02-18 14:00:00,CELL_001,98.50268273459226,97.8231467551391,1.0302490768928176,42.05782832546777,80.43549087705692,46.145918557480734,14,2,0,0,normal,0,-0.09284239476773071
2026-02-18 14:00:00,CELL_002,97.90363297673026,97.41638285694064,1.2980987142049558,45.89532808949074,76.75269309756109,50.64588195827207,14,2,0,0,normal,0,-0.10297519622766887
2026-02-18 14:00:00,CELL_003,97.82556323126803,96.60921455072295,1.5975892090139343,38.72803624706109,78.90203856563687,53.96687488258394,14,2,0,0,normal,0,-0.08177960627894987
2026-02-18 14:00:00,CELL_004,97.9486476679704,96.92508672122612,1.594106432121635,48.07870031757689,72.78991866615051,44.98082371043571,14,2,0,0,normal,0,-0.11840483999271495
2026-02-18 14:00:00,CELL_005,97.85056501591558,97.41764764455492,1.3693765369040032,48.35208878399117,64.223969417903,39.984257209483,14,2,0,0,normal,0,-0.11060173757405345
2026-02-18 14:00:00,CELL_006,98.0363272001264,96.310804102002,1.5821524594169034,38.46364935582599,76.62853977252645,42.55521692791373,14,2,0,0,normal,0,-0.09794874401278403
2026-02-18 14:00:00,CELL_007,98.41719554592596,97.32756862766522,1.2248414591671644,48.91699246315095,74.8982956892189,46.06343549633424,14,2,0,0,normal,0,-0.12987436736787078
2026-02-18 14:00:00,CELL_008,98.79300925302864,97.12950918628532,1.4925615097882152,38.75006982736275,77.22596336781767,50.25907053613015,14,2,0,0,normal,0,-0.10249175932886184
2026-02-18 15:00:00,CELL_001,98.33066834149427,97.45625832116228,1.230497972639216,47.5397588103726,78.28778248024757,45.131146989504735,15,2,0,0,normal,0,-0.11916399396716654
2026-02-18 15:00:00,CELL_002,99.36345353742628,98.0658188833258,1.2093199183802552,43.03742163863257,74.95466363336475,44.77847840933204,15,2,0,0,normal,0,-0.07961818254769903
2026-02-18 15:00:00,CELL_003,98.10463691644247,97.48467754746366,1.736713724468585,42.52114151184419,79.43256316155326,49.00546762882316,15,2,0,0,normal,0,-0.08186901808072639
2026-02-18 15:00:00,CELL_004,97.94267280557747,96.77088875546548,1.3899970111240914,30.208047149893183,80.02915387931968,45.00807260188143,15,2,0,0,normal,0,-0.08189810340425285
2026-02-18 15:00:00,CELL_005,98.17154921738134,96.27921735287352,1.2786875820932593,55.2163822072786,64.082139501091,45.251417642390685,15,2,0,0,normal,0,-0.10294056161845128
2026-02-18 15:00:00,CELL_006,97.88484546236248,96.75729709617237,1.1963685884778232,46.68307776721127,77.39420442080832,44.83679411909843,15,2,0,0,normal,0,-0.10710586735309002
2026-02-18 15:00:00,CELL_007,98.22473359687842,98.10857309253468,1.106867997274904,46.63424974081163,73.30373745033074,40.09937739196964,15,2,0,0,normal,0,-0.10028612901894146
2026-02-18 15:00:00,CELL_008,98.40910880470445,97.62482023163194,1.202647761337647,42.745171198788505,72.05084979847722,47.91807279865278,15,2,0,0,normal,0,-0.11591122306744
2026-02-18 16:00:00,CELL_001,98.53367840757852,97.43343519984631,1.0468230968175232,46.75543639897182,69.83909463312841,41.80311064563797,16,2,0,0,normal,0,-0.12200159585432979
2026-02-18 16:00:00,CELL_002,99.14166902205758,97.68173576682908,1.349098134196567,52.45039776148567,70.76310191124661,42.1434393527688,16,2,0,0,normal,0,-0.10985066053564557
2026-02-18 16:00:00,CELL_003,98.20331372529743,97.32196674285646,1.3313704410377358,50.68409148035412,76.02507380870583,38.55063840252544,16,2,0,0,normal,0,-0.1142823193957494
2026-02-18 16:00:00,CELL_004,97.77634430153368,97.02388947035648,1.257330894991595,50.96344009475676,56.438187552713934,38.18668589852162,16,2,0,0,normal,0,-0.08997504866123723
2026-02-18 16:00:00,CELL_005,98.28449894845612,97.25272653200824,1.4881064796931915,54.14614119727608,61.0259837261192,41.71822783362727,16,2,0,0,normal,0,-0.11339112299037551
2026-02-18 16:00:00,CELL_006,98.01475411145948,97.01974788489602,1.272729405131451,51.704109982416405,78.15482859183615,45.543878175085496,16,2,0,0,normal,0,-0.11064941678784546
2026-02-18 16:00:00,CELL_007,98.74718722531176,97.65989337579258,1.177388419440888,58.11190269272095,71.71942083131475,42.4148224903218,16,2,0,0,normal,0,-0.11726259796938271
2026-02-18 16:00:00,CELL_008,98.66873793506568,97.0835521011534,1.262864143415381,53.19217443498816,58.49295805945341,44.02302472304293,16,2,0,0,normal,0,-0.12068843033563564
2026-02-18 17:00:00,CELL_001,99.11593101769483,97.50808811903562,0.8526381592921172,57.85345773857143,54.73601052039263,41.76673433517833,17,2,0,0,normal,0,-0.11825684881489879
2026-02-18 17:00:00,CELL_002,99.16802841671156,97.61641945210752,1.0767287519598403,63.579693615237325,52.884552296342086,36.91600110007784,17,2,0,0,normal,0,-0.11814666408065694
2026-02-18 17:00:00,CELL_003,98.77562979101312,97.31536986773344,1.2610918703423604,52.24291210568228,65.43194945427825,44.36687461937351,17,2,0,0,normal,0,-0.12275928639698575
2026-02-18 17:00:00,CELL_004,98.34152908886672,97.74854138657442,0.8153263058994933,54.94013117745451,45.642514296528375,35.50803622947412,17,2,0,0,normal,0,-0.11143412012047227
2026-02-18 17:00:00,CELL_005,98.46176139969133,97.46630858266234,1.0779167921003223,60.46607633494819,59.99451879563333,32.66512225490335,17,2,0,0,normal,0,-0.11131906130647262
2026-02-18 17:00:00,CELL_006,98.64694706849906,96.7867725852654,1.5432596977698565,69.85562700534751,58.030591152458186,41.40637142756047,17,2,0,0,normal,0,-0.082628180368573
2026-02-18 17:00:00,CELL_007,98.80102855053158,98.42887883796004,1.028027127571915,60.26616975531009,68.32778558974377,40.11839960253023,17,2,0,0,normal,0,-0.1023641835643399
2026-02-18 17:00:00,CELL_008,98.56465135003128,98.16150204239092,0.7370387494966106,56.63149553462216,64.18501322222178,36.00997401952549,17,2,0,0,normal,0,-0.11531044020557035
2026-02-18 18:00:00,CELL_001,99.13042067426414,98.16483196319962,0.849802805612726,65.47021678531878,50.87653994593438,33.41781471658588,18,2,0,0,normal,0,-0.12654547997419463
2026-02-18 18:00:00,CELL_002,99.0955029967653,98.06875109021374,1.0262717751643338,56.75454016867992,45.52255044308243,36.318151286326646,18,2,0,0,normal,0,-0.11197328335053258
2026-02-18 18:00:00,CELL_003,98.55169302080064,98.0716768615665,0.722188814360381,56.77401849285983,53.19736161159666,33.13946465493995,18,2,0,0,normal,0,-0.12073668433279006
2026-02-18 18:00:00,CELL_004,98.30136399387202,97.98052962502116,0.9778502727905382,66.47423143264471,52.12400622062036,28.902751529569947,18,2,0,0,normal,0,-0.10246633925612253
2026-02-18 18:00:00,CELL_005,98.2458296868199,97.26386115996506,0.8140892808153268,70.19339570610894,58.45501042080379,35.26070233950694,18,2,0,0,normal,0,-0.09958220941629231
2026-02-18 18:00:00,CELL_006,98.39857081626496,97.6557351793534,1.1735432311268903,61.30028439314209,54.26068850078397,31.12342851972292,18,2,0,0,normal,0,-0.10267189635794766
2026-02-18 18:00:00,CELL_007,98.56932450910112,98.9857081730803,0.6423928190542854,62.505648144154165,45.97313355531951,34.29373902927318,18,2,0,0,normal,0,-0.08893323922277002
2026-02-18 18:00:00,CELL_008,98.86732554451258,96.9789068552179,0.9055174751147425,56.60443667864814,59.17900169310592,36.71141783056676,18,2,0,0,normal,0,-0.11695930096246354
2026-02-18 19:00:00,CELL_001,99.23143351299838,97.47117086911382,0.794824682764616,70.34178589823033,44.08021294289596,36.66959816840964,19,2,0,0,normal,0,-0.10805565837221592
2026-02-18 19:00:00,CELL_002,98.84112857918808,98.90903383730222,0.3600117000263152,83.2970853028999,35.7497968364082,30.31106803689339,19,2,0,0,normal,0,-0.08948581138392081
2026-02-18 19:00:00,CELL_003,99.06701917119209,98.248002810934,0.7611955318501412,70.97865474596918,51.33115082868231,35.97766430606909,19,2,0,0,normal,0,-0.1154951481048751
2026-02-18 19:00:00,CELL_004,98.92475057851428,98.05980551469254,0.7386082847612385,69.31976083690591,43.03902940603114,33.92019537641691,19,2,0,0,normal,0,-0.12411925106391053
2026-02-18 19:00:00,CELL_005,98.65136850319048,97.4599716977647,0.6492999153608453,71.40149879552699,41.67048998160692,28.189520173720037,19,2,0,0,normal,0,-0.11068967229508608
2026-02-18 19:00:00,CELL_006,98.47538594471584,97.95573533854532,1.288547497563984,60.19332063650548,48.636257513066056,30.757833743706424,19,2,0,0,normal,0,-0.09230798315801064
2026-02-18 19:00:00,CELL_007,99.56553308455072,97.92923040104986,0.8361847498568414,74.4943881169242,49.506091938399294,34.836227601327835,19,2,0,0,normal,0,-0.09485393938132225
2026-02-18 19:00:00,CELL_008,99.06089514389488,97.65906793424372,0.6550935278628354,72.41809960340967,47.23848568275943,29.811587921688535,19,2,0,0,normal,0,-0.11729650870958203
2026-02-18 20:00:00,CELL_001,99.63978147219088,98.54020241453844,0.4205391589203363,71.25125487070473,37.967727984721066,27.05943294421244,20,2,0,0,normal,0,-0.10317243769476941
2026-02-18 20:00:00,CELL_002,99.41313471479744,97.89788841778046,0.3607251540574538,68.53640845965772,39.56312957624168,27.28103319209708,20,2,0,0,normal,0,-0.10580894174913846
2026-02-18 20:00:00,CELL_003,98.73301687473028,97.85101522646691,0.655477368725284,70.38402204483982,45.921690514954605,33.05387309525222,20,2,0,0,normal,0,-0.12030869844155151
2026-02-18 20:00:00,CELL_004,98.46551406839232,97.28095615676273,0.3058819202258349,74.4970267959525,31.26073596550101,31.75767209837835,20,2,0,0,normal,0,-0.08020343936611446
2026-02-18 20:00:00,CELL_005,98.59485720808742,97.91639742143032,0.4769580133943656,78.9288076040684,30.333232608054363,28.444005996479717,20,2,0,0,normal,0,-0.10754569341061082
2026-02-18 20:00:00,CELL_006,98.83034988455124,97.54917666218016,0.9287819436912812,61.84186395287405,36.88733569743811,25.7991053054904,20,2,0,0,normal,0,-0.10022304444205493
2026-02-18 20:00:00,CELL_007,99.568180880467,97.7201097396693,0.5660301076678478,80.09837977459686,41.12328865753296,27.28792295081829,20,2,0,0,normal,0,-0.09650189485147898
2026-02-18 20:00:00,CELL_008,99.74432095593892,97.64964597840068,0.2974093669314119,72.81070825251092,46.110696979635925,21.322555492758383,20,2,0,0,normal,0,-0.06380688666038387
2026-02-18 21:00:00,CELL_001,99.636059325252,98.67645966119532,0.3754872323467784,80.9765415005738,33.85202205671543,19.54313025738177,21,2,0,0,normal,0,-0.08413802777634966
2026-02-18 21:00:00,CELL_002,99.4982339053868,98.81794880343016,0.4612647460301793,86.13822998097011,28.76978771395192,26.263897086476813,21,2,0,0,normal,0,-0.08625779777817194
2026-02-18 21:00:00,CELL_003,98.86319877582794,98.22110294332712,0.4332144465164593,70.72330060223732,41.61740236371718,28.5832913206796,21,2,0,0,normal,0,-0.10867752076564646
2026-02-18 21:00:00,CELL_004,99.24315890349284,98.59121399287318,0.4328226718779231,78.55846601465878,22.95910064865905,15.712858574999222,21,2,0,0,normal,0,-0.0610936460501707
2026-02-18 21:00:00,CELL_005,98.91103055806065,98.22471153669474,0.6830969954776601,80.16348100516794,25.982170573554235,24.072351406892004,21,2,0,0,normal,0,-0.09662546668380495
2026-02-18 21:00:00,CELL_006,98.55941067343522,97.92338626431184,0.4607852923763916,79.62542383934341,29.294783412990977,21.868107939371654,21,2,0,0,normal,0,-0.09577992656411488
2026-02-18 21:00:00,CELL_007,99.37363823090232,98.4815756649156,0.3619021279670603,77.43858163960276,34.780294009821525,27.101868095990486,21,2,0,0,normal,0,-0.1087767264091658
2026-02-18 21:00:00,CELL_008,99.61534613090284,98.48448007302936,0.3487563567174355,76.09719035093832,35.80936137741889,25.038379069002428,21,2,0,0,normal,0,-0.10278488537776403
2026-02-18 22:00:00,CELL_001,100.0,98.47314950764388,3.3681262752751,55.077101422879565,54.408014184600376,54.940342532053776,22,2,0,1,congestion,1,0.050927582868616095
2026-02-18 22:00:00,CELL_002,99.18947283560064,98.33304228850432,0.3883614081964445,75.15790185495118,36.88300369419612,19.65731373385742,22,2,0,0,normal,0,-0.09040385213344432
2026-02-18 22:00:00,CELL_003,99.33281784133403,98.67572668990294,0.2788782205217577,84.49932626327058,32.000404357266554,23.56129248422513,22,2,0,0,normal,0,-0.0944428471853837
2026-02-18 22:00:00,CELL_004,99.26726971258084,98.18039429513192,0.4432798199529927,72.95228699547435,30.395144555919742,21.620580229229308,22,2,0,0,normal,0,-0.09962056078602727
2026-02-18 22:00:00,CELL_005,98.8419773594602,98.45700587442748,0.0,82.45908978367295,26.80315771630332,23.001688634969643,22,2,0,0,normal,0,-0.0702592671324988
2026-02-18 22:00:00,CELL_006,98.77039809295108,98.23778481293914,0.5750534592627606,74.77852162773985,32.86908841873414,18.14549045107774,22,2,0,0,normal,0,-0.08226019696877573
2026-02-18 22:00:00,CELL_007,99.5862869240556,98.08902662725032,0.1263535912647913,81.17326200620889,36.13457950615683,30.569815662619305,22,2,0,0,normal,0,-0.07928299474221345
2026-02-18 22:00:00,CELL_008,99.45393503070048,98.6044375335662,0.2626394414041423,79.04035273664925,33.42461657788435,23.373872793675517,22,2,0,0,normal,0,-0.09751434585040036
2026-02-18 23:00:00,CELL_001,99.53574949083114,98.62582126288032,3.3512504882696743,52.05341146215793,57.6726916053686,53.37095604534039,23,2,0,1,congestion,1,0.03969516861109612
2026-02-18 23:00:00,CELL_002,99.74648821918946,98.97015555807612,0.0,83.12576055827112,34.74237425233998,23.620116162483956,23,2,0,0,normal,0,-0.047022703848157765
2026-02-18 23:00:00,CELL_003,99.63793487281498,98.53407065190152,0.309710541037262,88.21486294236804,21.557288418930614,24.390765112594963,23,2,0,0,normal,0,-0.06952235359867903
2026-02-18 23:00:00,CELL_004,98.37700948361277,98.33089988167173,0.4283358716490001,83.52882431449429,28.54736521017839,14.113879081008784,23,2,0,0,normal,0,-0.04036635258589505
2026-02-18 23:00:00,CELL_005,99.29300585812352,98.3103110053724,0.350258716067396,89.70466901192552,26.76752372517689,20.741644362013027,23,2,0,0,normal,0,-0.07129671730232562
2026-02-18 23:00:00,CELL_006,98.69152993880596,98.09311469689698,0.3553360716149797,85.45923623637431,24.63226720618929,19.92014421533768,23,2,0,0,normal,0,-0.07929800356782557
2026-02-18 23:00:00,CELL_007,99.4931033699634,98.73332265247154,0.5148137242839723,94.77607986535732,29.764621100162096,25.01703713418173,23,2,0,0,normal,0,-0.049225630145101285
2026-02-18 23:00:00,CELL_008,99.61353756071156,99.26294434946055,0.0,71.6029299362839,23.687907432241783,22.74584872350743,23,2,0,0,normal,0,-0.031164917842629536
2026-02-19 00:00:00,CELL_001,99.54330556177804,99.2340944419618,3.1875785666593965,53.58486029791798,59.17383099817532,48.74283400234957,0,3,0,1,congestion,1,0.03332401090364101
2026-02-19 00:00:00,CELL_002,99.92339433205774,99.13715096512252,0.3179491087308261,81.68457966269798,28.59010476836109,22.21546808155251,0,3,0,0,normal,0,-0.06669222667986147
2026-02-19 00:00:00,CELL_003,99.08231644846134,97.87125423615868,0.3607712082046227,74.17150059082653,30.03711356715718,22.373206368724265,0,3,0,0,normal,0,-0.09807140589720026
2026-02-19 00:00:00,CELL_004,99.14451355377732,98.19513508305192,0.350155070058136,81.44738967485179,23.641038661855205,22.13228287818723,0,3,0,0,normal,0,-0.1038751302418886
2026-02-19 00:00:00,CELL_005,99.1182826711982,98.39985835144768,0.3294773821816779,82.86519168770755,25.403703209256545,21.700513486363075,0,3,0,0,normal,0,-0.10350923141731017
2026-02-19 00:00:00,CELL_006,98.25332206797071,97.45331107616911,0.3082214305408023,83.39830086523699,31.82392545719196,24.08787166249596,0,3,0,0,normal,0,-0.05335005005086829
2026-02-19 00:00:00,CELL_007,99.50304179942178,99.13643091785475,0.5955294412909871,88.71415410471005,23.39324642659323,18.528070905790628,0,3,0,0,normal,0,-0.05402112454675545
2026-02-19 00:00:00,CELL_008,99.3879384055183,98.86570578644104,0.1341148283059878,86.74498493929023,29.6714534404312,24.75480192308169,0,3,0,0,normal,0,-0.07214006337225937
2026-02-19 01:00:00,CELL_001,99.32543698981208,99.03146341858616,3.5172466525746464,50.00796194248706,63.16799866830142,60.12439423215101,1,3,0,1,congestion,1,0.045274573357607206
2026-02-19 01:00:00,CELL_002,99.70475512816652,99.08411195773888,0.5690274233381027,76.01659662759683,23.699832409625746,18.335173617245584,1,3,0,0,normal,0,-0.0629211582684987
2026-02-19 01:00:00,CELL_003,98.54421506731867,98.10413756968929,0.777099540499403,80.0693326732131,22.20688965727589,24.999220819122257,1,3,0,0,normal,0,-0.08671303352355747
2026-02-19 01:00:00,CELL_004,99.1106486033178,98.04627966960076,0.4279268305267,82.91572429667151,20.08709100397716,22.830379399486063,1,3,0,0,normal,0,-0.09434437817262298
2026-02-19 01:00:00,CELL_005,98.98097790481168,98.53902624251052,0.4253633909597278,92.21908589876074,24.008132625726507,23.39718332284513,1,3,0,0,normal,0,-0.07657170942609215
2026-02-19 01:00:00,CELL_006,98.52069844436468,98.08116159870744,0.6859259536477438,87.10015453861091,25.73196420843179,20.25946982096559,1,3,0,0,normal,0,-0.07193976136530378
2026-02-19 01:00:00,CELL_007,99.74501007873376,99.10013940382716,0.1214758102710175,85.34964322294623,32.43691401068589,20.22097631974924,1,3,0,0,normal,0,-0.06499663482869372
2026-02-19 01:00:00,CELL_008,99.28861789265724,98.31200605977472,0.3734720962148433,77.6276775192071,30.63367206807052,23.77199877434504,1,3,0,0,normal,0,-0.11910379181526126
2026-02-19 02:00:00,CELL_001,99.47637901744956,98.88570505878164,0.3212265535590813,86.23362208647208,30.892989516755687,23.78668036709099,2,3,0,0,normal,0,-0.10463312247775325
2026-02-19 02:00:00,CELL_002,99.61462727014202,99.22612737944752,0.6357983985640951,82.99246798315897,33.66557091387274,26.87352066132926,2,3,0,0,normal,0,-0.07923090282397383
2026-02-19 02:00:00,CELL_003,98.75571335010264,97.89991467292766,0.501813545656961,78.40764169841236,34.53780149787709,27.06169755130149,2,3,0,0,normal,0,-0.11822073265009592
2026-02-19 02:00:00,CELL_004,98.60328952361624,97.45385738465936,0.3903534745613594,83.28932223456131,30.90042747440652,19.99201522001793,2,3,0,0,normal,0,-0.08336354675162849
2026-02-19 02:00:00,CELL_005,99.3458570491166,98.49882561541165,0.4061564227694898,84.5283568990593,31.956574067717963,26.550526705126885,2,3,0,0,normal,0,-0.1159304662158025
2026-02-19 02:00:00,CELL_006,98.79208169135484,97.90073801889076,0.7013098857649627,78.63442084691302,33.69550565777656,24.28639748614433,2,3,0,0,normal,0,-0.1181114784067756
2026-02-19 02:00:00,CELL_007,99.30619240963898,98.51489739241762,0.2342216369028154,78.23629920525374,31.97127054833591,27.05605319033945,2,3,0,0,normal,0,-0.11693838381023297
2026-02-19 02:00:00,CELL_008,99.04769821067528,98.69312864329116,0.3274528100413302,73.51899591143788,35.17550961522896,26.47635576587821,2,3,0,0,normal,0,-0.11676407348243906
2026-02-19 03:00:00,CELL_001,99.6567390086981,98.70518428635496,0.5042571335058443,77.5775477678036,38.93474960017645,27.478816235883965,3,3,0,0,normal,0,-0.10886304089194204
2026-02-19 03:00:00,CELL_002,99.44023299812442,98.55907929648812,0.436730947300316,76.10747560105914,36.509367666247,24.703143468106106,3,3,0,0,normal,0,-0.12338462034997322
2026-02-19 03:00:00,CELL_003,99.11626378894329,98.39035145271934,0.830111456034393,77.96552683582715,35.51242075518863,31.4775204546756,3,3,0,0,normal,0,-0.12254498543605286
2026-02-19 03:00:00,CELL_004,98.8530979063246,98.3127304857417,0.2599726782288589,78.90857124977839,22.161298348923285,22.156781890005007,3,3,0,0,normal,0,-0.10700782001582704
2026-02-19 03:00:00,CELL_005,98.93477698084816,98.86189694067252,0.5666082934487686,85.03767533053083,28.33299842212405,23.374396554987143,3,3,0,0,normal,0,-0.09973382425154753
2026-02-19 03:00:00,CELL_006,99.05483717887311,97.53414758831424,0.8020471719721678,75.15942391117619,40.30622118947308,27.65416361521723,3,3,0,0,normal,0,-0.11993613496065686
2026-02-19 03:00:00,CELL_007,99.54953342341832,99.28547662564635,0.3009110805721178,74.61050900067605,28.15340420156207,19.85267315203521,3,3,0,0,normal,0,-0.08510048310966872
2026-02-19 03:00:00,CELL_008,99.1896714842386,98.37467467198096,0.2753932896654124,81.54632487602487,26.01762936271185,23.48815272832552,3,3,0,0,normal,0,-0.11726580119316221
2026-02-19 04:00:00,CELL_001,99.64470045029664,98.4866179134238,0.4198913935430119,67.83254513235762,40.5066302240806,28.771478460369927,4,3,0,0,normal,0,-0.10685650035664485
2026-02-19 04:00:00,CELL_002,99.2669870984013,98.66280790126652,0.6405196697704231,75.75177587517197,44.66306771674658,21.40654150754669,4,3,0,0,normal,0,-0.10024975960457594
2026-02-19 04:00:00,CELL_003,98.54882267445385,97.61692705753828,0.8781074407834908,74.20469316797538,43.7797932727411,25.98622477270349,4,3,0,0,normal,0,-0.11529985585234359
2026-02-19 04:00:00,CELL_004,98.616089612006,97.43892353652554,0.6969751974749938,75.87783889966597,39.57947934501078,24.498914905691574,4,3,0,0,normal,0,-0.11011280239199
2026-02-19 04:00:00,CELL_005,98.44941178812242,98.35290709914584,0.5786876282113477,80.14710863421358,38.45907951437581,27.113208451922027,4,3,0,0,normal,0,-0.11838589590271098
2026-02-19 04:00:00,CELL_006,98.7812094007528,98.17460751259551,0.4622613580466198,74.44688744493867,43.873828927914445,27.025709931338728,4,3,0,0,normal,0,-0.12855835893255657
2026-02-19 04:00:00,CELL_007,98.83815035896195,98.50748920782932,0.6295476255576282,74.59466426160174,41.25177758797079,30.85118045009658,4,3,0,0,normal,0,-0.12483409727449774
2026-02-19 04:00:00,CELL_008,99.50676781208048,98.3226928004806,0.6786325708734146,60.620612774422185,35.04898385174906,29.34181673007914,4,3,0,0,normal,0,-0.11055215432627996
2026-02-19 05:00:00,CELL_001,99.5644003588918,98.89613084410064,0.4673643185594211,74.35297104125222,45.60138922638775,24.01370328241745,5,3,0,0,normal,0,-0.10164260161391775
2026-02-19 05:00:00,CELL_002,99.40671526729771,98.47922457154888,0.5310597481060694,66.5150885767784,45.14846267310805,34.03536224718306,5,3,0,0,normal,0,-0.11297465190048617
2026-02-19 05:00:00,CELL_003,98.50712381638562,97.80778595607087,0.7523300021053756,61.0120135661083,45.04581674639903,35.379292779959485,5,3,0,0,normal,0,-0.12576309726820922
2026-02-19 05:00:00,CELL_004,98.31163992465368,97.81265115459732,0.6360260776513635,67.56845567159938,49.77296233200306,31.02495085853409,5,3,0,0,normal,0,-0.11438219100159652
2026-02-19 05:00:00,CELL_005,98.8377794887666,97.64998315557496,0.7837094049616884,64.47995078291727,47.56932150242483,27.45720732410104,5,3,0,0,normal,0,-0.12723603675995365
2026-02-19 05:00:00,CELL_006,98.51415157640274,97.32476307880108,0.8319741870563259,60.815832378717126,47.379500892610615,33.02262102579786,5,3,0,0,normal,0,-0.11896832885399772
2026-02-19 05:00:00,CELL_007,98.78090682735656,98.44169583434996,0.67729027632114,71.01844586719086,44.17213861464437,30.382033940269352,5,3,0,0,normal,0,-0.12992044232137484
2026-02-19 05:00:00,CELL_008,99.13112594399831,98.13888344638036,0.9703337594147166,79.79619589028562,42.75478053282518,39.33653614833979,5,3,0,0,normal,0,-0.10859887833623483
2026-02-19 06:00:00,CELL_001,98.68563232514808,98.21911349806948,0.6999710236858733,60.6714911343807,50.31352685412635,31.462498946945523,6,3,0,0,normal,0,-0.13178736787935053
2026-02-19 06:00:00,CELL_002,99.38260678647676,97.62461770346113,0.8655022568222499,56.16846589699365,58.859042338508885,38.03794177739473,6,3,0,0,normal,0,-0.11319953144225126
2026-02-19 06:00:00,CELL_003,98.67126583411309,98.29860470568428,0.909185168767109,54.23059562305545,59.08860489561205,32.65263140109188,6,3,0,0,normal,0,-0.11421451281060208
2026-02-19 06:00:00,CELL_004,98.26335843107428,97.30336994059836,0.744348322048296,68.07568306996632,50.703172419973214,36.176160585273735,6,3,0,0,normal,0,-0.11594217226384268
2026-02-19 06:00:00,CELL_005,98.61683914819224,97.83795828383876,0.9561186740415052,69.86430195447922,46.24859768309243,24.755853249885263,6,3,0,0,normal,0,-0.11581656193467266
2026-02-19 06:00:00,CELL_006,98.60944530100032,97.71636673926892,1.023380838151723,67.84880839651447,57.20378800678915,34.199652841255336,6,3,0,0,normal,0,-0.12388731635203504
2026-02-19 06:00:00,CELL_007,98.98270942972452,97.48002771421127,0.922806507220541,60.48680695211961,52.57884031855653,37.22012793810681,6,3,0,0,normal,0,-0.13541059330289706
2026-02-19 06:00:00,CELL_008,98.95704500800107,98.3532561209703,0.8228068035663633,64.97941207882987,49.18130817757965,38.66554437430879,6,3,0,0,normal,0,-0.12546894940188524
2026-02-19 07:00:00,CELL_001,99.1338512084156,97.25886561483412,0.7673878358601881,52.29874608209482,57.65624591244943,42.21657735333952,7,3,0,0,normal,0,-0.10762774677948506
2026-02-19 07:00:00,CELL_002,98.95599854431237,97.83544185371404,0.8128268489160814,63.07398228773096,62.12312253196429,34.64814502926026,7,3,0,0,normal,0,-0.1255776366197756
2026-02-19 07:00:00,CELL_003,97.83257945952673,97.822269317972,1.0615864809831148,58.48112994470144,58.94003246499527,38.10680983242589,7,3,0,0,normal,0,-0.10855296860835978
2026-02-19 07:00:00,CELL_004,98.53203215326728,97.6796652249624,1.039479350254562,71.97496169686245,53.10480691322189,36.05310989485646,7,3,0,0,normal,0,-0.11892644748010595
2026-02-19 07:00:00,CELL_005,98.18345138758342,97.32605866006632,1.3339407324525725,56.671282003051694,57.46767161039911,38.87877443475225,7,3,0,0,normal,0,-0.10825804179802084
2026-02-19 07:00:00,CELL_006,98.69500386278172,96.41995331075144,0.9299656442639554,58.17258939721114,57.36676955824017,38.97769013956477,7,3,0,0,normal,0,-0.10522331995076506
2026-02-19 07:00:00,CELL_007,98.4952981619516,98.04179863947957,0.8669786922861973,50.47900755685313,53.19031139479597,37.678022713474526,7,3,0,0,normal,0,-0.11976599705239482
2026-02-19 07:00:00,CELL_008,98.59956834618124,98.20913842980832,1.0616943613793248,43.27144702547989,64.51997313002559,42.60188078909619,7,3,0,0,normal,0,-0.09585465062965065
2026-02-19 08:00:00,CELL_001,98.37412219138552,98.29581610530636,0.77361444914476,55.31054931622205,68.0575925941272,37.27040139081237,8,3,0,0,normal,0,-0.10306243228526557
2026-02-19 08:00:00,CELL_002,98.59118934417796,96.7709366921118,0.9261605548783108,52.43349997478004,68.25971207926098,43.48853865675504,8,3,0,0,normal,0,-0.10927319807162089
2026-02-19 08:00:00,CELL_003,98.19200085171629,96.4424704689523,1.260525732167058,41.79782337197938,74.0568035538054,46.145383500640975,8,3,0,0,normal,0,-0.09908991285750185
2026-02-19 08:00:00,CELL_004,98.21458482654658,97.7080985911884,0.7338417483591075,56.49763187099551,54.77358056645846,43.436654350119255,8,3,0,0,normal,0,-0.1152201449767225
2026-02-19 08:00:00,CELL_005,98.0338313090588,97.1327332829008,1.27539615586291,55.58615795081758,65.54081299180281,38.83538799224212,8,3,0,0,normal,0,-0.11894478966075905
2026-02-19 08:00:00,CELL_006,98.16456368172518,95.93972487485928,1.3577915871243806,50.546259029205416,73.17418352590038,47.42512800764356,8,3,0,0,normal,0,-0.09197583979365487
2026-02-19 08:00:00,CELL_007,98.92201641023487,97.26237440934192,1.1129375030568132,47.3451941017654,55.25985764624927,39.97715030199973,8,3,0,0,normal,0,-0.12473579429650833
2026-02-19 08:00:00,CELL_008,98.55735275691076,97.80880008379344,0.9211892989589718,44.45222339368569,71.33588903631866,40.39826895580313,8,3,0,0,normal,0,-0.10838565361543007
2026-02-19 09:00:00,CELL_001,98.88854585490972,97.60028672617882,1.106442731653032,49.4850545219956,73.01526145615112,37.07213661451757,9,3,0,0,normal,0,-0.1130359827086177
2026-02-19 09:00:00,CELL_002,98.2769746638756,97.52847838479512,1.3906816495378014,41.70953379182236,80.42994098228787,49.84899006213906,9,3,0,0,normal,0,-0.09902395638869033
2026-02-19 09:00:00,CELL_003,97.86245707964372,96.43811116070108,1.2716071756205325,43.75573025237854,77.53870051704232,48.63249462628231,9,3,0,0,normal,0,-0.09908950250867005
2026-02-19 09:00:00,CELL_004,97.94377955986111,96.90144406192272,1.1348708717062317,57.09216384133185,66.1235736817137,40.2302266652616,9,3,0,0,normal,0,-0.11755928962920414
2026-02-19 09:00:00,CELL_005,98.14092199438394,96.49886924660402,1.5056421982455277,43.305971670232765,73.47449662087891,43.484198920015615,9,3,0,0,normal,0,-0.10937348497393995
2026-02-19 09:00:00,CELL_006,97.78067502517712,97.01869849862116,1.17352980578375,45.06433669317467,72.07622719379687,45.68703222827031,9,3,0,0,normal,0,-0.10643292386740599
2026-02-19 09:00:00,CELL_007,98.69310785248668,97.4816883108526,1.12603951727537,42.6052025580455,69.40424398297827,43.80333088005964,9,3,0,0,normal,0,-0.12463655295688614
2026-02-19 09:00:00,CELL_008,98.82271169194794,96.9916250035514,1.1848484033870104,44.92490141910864,73.1093718059632,51.79335672545068,9,3,0,0,normal,0,-0.10430872179406092
2026-02-19 10:00:00,CELL_001,98.43023810373634,97.0516803940854,1.416765324715205,36.73396001095824,74.95211883773244,47.53193375242797,10,3,0,0,normal,0,-0.11650350465407772
2026-02-19 10:00:00,CELL_002,98.67415768748052,96.32186259688086,1.3755984196759452,43.77228720116664,77.41357880251624,48.98379791464393,10,3,0,0,normal,0,-0.0992274226798564
2026-02-19 10:00:00,CELL_003,97.71486937690938,96.51788355792162,1.415836839347553,39.340095506346586,79.24222888989529,53.43500443556596,10,3,0,0,normal,0,-0.08167631484827792
2026-02-19 10:00:00,CELL_004,97.5650348674943,96.405010064208,1.428130355659718,43.17993548348733,71.02860378513249,47.34215455862187,10,3,0,0,normal,0,-0.08755220457446083
2026-02-19 10:00:00,CELL_005,98.19213601550108,96.82291997262494,1.3457988548976956,42.34038509297116,75.17347468656375,45.88254620619596,10,3,0,0,normal,0,-0.12355538215763795
2026-02-19 10:00:00,CELL_006,97.78703909114996,95.96196411070538,1.3502434219059456,34.596543671111164,80.7722811612838,52.473397762168105,10,3,0,0,normal,0,-0.052203201142030475
2026-02-19 10:00:00,CELL_007,97.97835096186832,97.60002416313188,1.240817393871941,43.07085775997056,77.12601024371268,40.639508900231,10,3,0,0,normal,0,-0.11355851392530081
2026-02-19 10:00:00,CELL_008,98.54623544385623,97.15461120472136,1.0522465243858847,41.67569076210811,75.48907612984762,54.42804008836178,10,3,0,0,normal,0,-0.09529696408281596
2026-02-19 11:00:00,CELL_001,98.72898110359309,96.8659739080562,1.2092530615288422,49.118683932152514,73.3779941483342,47.0088906204253,11,3,0,0,normal,0,-0.11952871185883318
2026-02-19 11:00:00,CELL_002,98.64280527638267,97.49259381513356,1.4589111939351032,32.088456736476395,77.42258729765973,57.00767063674974,11,3,0,0,normal,0,-0.07049932344849785
2026-02-19 11:00:00,CELL_003,97.88911819658004,96.3805060151578,1.535994970953072,40.81221952602038,78.9193595735513,48.961470651217375,11,3,0,0,normal,0,-0.09792455937162997
2026-02-19 11:00:00,CELL_004,98.16700920128336,96.48887786398517,1.5690451098550546,48.80846769601348,73.30522307309623,39.48583452944897,11,3,0,0,normal,0,-0.10835540067948712
2026-02-19 11:00:00,CELL_005,97.75411597248714,95.97889454757606,1.4401527628976327,35.03267851615219,68.6147161781155,49.1915374374423,11,3,0,0,normal,0,-0.06721804431788486
2026-02-19 11:00:00,CELL_006,98.15105090814376,96.07287400310727,1.780280092710108,35.08152152017833,82.0273583263466,49.2928099896165,11,3,0,0,normal,0,-0.052058738382019354
2026-02-19 11:00:00,CELL_007,98.30074192515156,96.93226197645112,1.6945705546761711,43.62743675416953,80.78059959466373,48.06785389940519,11,3,0,0,normal,0,-0.10890465009412226
2026-02-19 11:00:00,CELL_008,98.73211998466354,97.15044963746992,1.0271109402972716,48.97685023701803,75.50436605594463,52.89856416244255,11,3,0,0,normal,0,-0.09841291179730172
2026-02-19 12:00:00,CELL_001,98.13536798624882,97.31593293396406,1.239270592266861,43.52624764697295,80.37203786832123,49.96254607893041,12,3,0,0,normal,0,-0.11421402530475849
2026-02-19 12:00:00,CELL_002,98.56791791443148,97.75559046599597,1.4995688601863748,40.53893336393783,71.59124179539384,47.4469572383926,12,3,0,0,normal,0,-0.11113085358662855
2026-02-19 12:00:00,CELL_003,97.8223620751172,96.21082927432197,1.5320354472644166,48.25616985853429,77.44774796273548,49.59784569140897,12,3,0,0,normal,0,-0.09415610862480933
2026-02-19 12:00:00,CELL_004,98.27677801734475,96.74551566291316,1.4414641962216197,40.97317942311051,68.7152949469677,55.23004586629174,12,3,0,0,normal,0,-0.10695110230705329
2026-02-19 12:00:00,CELL_005,97.97525598112335,96.90923474471472,1.7560756249998557,37.71373279032116,81.35711257188397,48.13731260989889,12,3,0,0,normal,0,-0.09140653357973638
2026-02-19 12:00:00,CELL_006,97.97607689256004,96.12337535895897,1.911793959267174,47.49299081346785,76.5790092680335,49.369579851904106,12,3,0,0,normal,0,-0.08033576870784759
2026-02-19 12:00:00,CELL_007,98.59017400639968,96.73395763647925,1.7881504144599416,46.15011356900872,78.9250512741293,53.51094801967704,12,3,0,0,normal,0,-0.08313102016417157
2026-02-19 12:00:00,CELL_008,98.63474609423253,96.68147133742752,1.3300824343345965,50.79862323001004,82.69700775278383,48.0945577375999,12,3,0,0,normal,0,-0.10050967507818442
2026-02-19 13:00:00,CELL_001,98.86808054568942,97.29656560132332,1.1630799596294084,41.1478952383065,76.14308233885144,49.07119765296967,13,3,0,0,normal,0,-0.11246735006254466
2026-02-19 13:00:00,CELL_002,98.53618314751752,97.52872178067344,1.3160440826342508,47.709770680882464,65.44861089751893,40.33909395307153,13,3,0,0,normal,0,-0.13559267341855608
2026-02-19 13:00:00,CELL_003,98.20703436088264,96.78587018748073,1.5200776885055265,55.19140806810914,85.18078470760307,50.63451278701456,13,3,0,0,normal,0,-0.08436433080317407
2026-02-19 13:00:00,CELL_004,97.7909867156826,96.37382973065598,1.7703897581814734,41.8014647951241,70.4647196428411,42.484909354986456,13,3,0,0,normal,0,-0.06816485893938828
2026-02-19 13:00:00,CELL_005,97.9577235575044,96.74826928406442,1.5510714309867923,39.74463440452826,75.96257376842475,51.15679895234325,13,3,0,0,normal,0,-0.11717033334592336
2026-02-19 13:00:00,CELL_006,97.6092588865862,97.13799978882103,1.6820895634421198,49.37119223420093,81.34335527999527,53.46458738068306,13,3,0,0,normal,0,-0.07041208072262733
2026-02-19 13:00:00,CELL_007,98.18052423181132,96.8210567931914,1.3043139515508182,45.12985947155635,78.9389495026229,44.37676807752303,13,3,0,0,normal,0,-0.1181030495237248
2026-02-19 13:00:00,CELL_008,98.66897558245437,97.19990316585243,1.429276898783606,36.88913901466834,78.17529136509603,40.49771290967583,13,3,0,0,normal,0,-0.11186508372557497
2026-02-19 14:00:00,CELL_001,98.22502573343142,97.91249835184284,1.201000661698504,37.58289277579348,74.34705969158784,48.39893959800072,14,3,0,0,normal,0,-0.1013244411897895
2026-02-19 14:00:00,CELL_002,98.54621348460272,97.40550810791532,1.2489699088501425,39.102958031675705,82.60815242088827,45.76709703244116,14,3,0,0,normal,0,-0.10886755374828916
2026-02-19 14:00:00,CELL_003,98.38879600305528,97.03644949868035,1.4731159149905524,31.83281294300696,80.05045133740897,47.41451344569063,14,3,0,0,normal,0,-0.09801817576182886
2026-02-19 14:00:00,CELL_004,98.0374753312985,96.88965316551578,1.0434287144348768,46.38839390508898,67.85863944772612,46.43065328515277,14,3,0,0,normal,0,-0.11283584202834407
2026-02-19 14:00:00,CELL_005,97.8050608612378,96.74594835652144,1.3184165405515953,43.35670302861695,68.30459987290725,45.63811036032368,14,3,0,0,normal,0,-0.11073089722059382
2026-02-19 14:00:00,CELL_006,97.88282635419478,96.75115273881508,1.4400092635332689,36.47507710060022,82.45628043008948,46.97142767768545,14,3,0,0,normal,0,-0.09001490891609931
2026-02-19 14:00:00,CELL_007,98.54682329861346,97.35175027887207,1.2013085902920129,51.307941243273966,72.4455498807818,47.36714522991439,14,3,0,0,normal,0,-0.13521786508714023
2026-02-19 14:00:00,CELL_008,98.64045663401792,97.37861806637746,1.4197270024659847,38.92700706447072,78.69486788769176,48.30877257270373,14,3,0,0,normal,0,-0.11539006417554448
2026-02-19 15:00:00,CELL_001,98.46423789111743,97.30060272680778,1.1761409818741757,46.04937632037381,72.96602454115036,46.26037660521113,15,3,0,0,normal,0,-0.12869680983588866
2026-02-19 15:00:00,CELL_002,98.48556022776876,97.81243380966116,1.293640936873036,48.899463938759936,72.73193167770944,39.55356887854855,15,3,0,0,normal,0,-0.12257750936009454
2026-02-19 15:00:00,CELL_003,98.10440446227442,97.28234652312652,1.5053316337159988,48.88878835638818,70.07179905892498,45.1846187451365,15,3,0,0,normal,0,-0.1216987902293159
2026-02-19 15:00:00,CELL_004,98.81981694591234,96.75462191341666,1.2164306057717276,61.99572156173328,65.1385588029142,41.34215753714504,15,3,0,0,normal,0,-0.11578540926865355
2026-02-19 15:00:00,CELL_005,98.06917896623746,96.7381096760529,1.303804968648941,48.20869499827242,72.17525896929735,44.25550135047583,15,3,0,0,normal,0,-0.12132615310382039
2026-02-19 15:00:00,CELL_006,98.38472191797706,96.22163841747026,1.2776493716932449,43.72201546852311,67.06570685738083,45.88606246505703,15,3,0,0,normal,0,-0.09996031191957133
2026-02-19 15:00:00,CELL_007,98.33858031371524,97.96511838073071,1.3230114272348366,46.87627636959893,70.22991900997576,46.249927109824704,15,3,0,0,normal,0,-0.11592426208703577
2026-02-19 15:00:00,CELL_008,98.41827007996504,96.67560490907688,1.4077830860208538,43.848457726520586,77.03111921151742,51.71151722092227,15,3,0,0,normal,0,-0.11731558401364833
2026-02-19 16:00:00,CELL_001,98.62085857066089,97.48713291181086,1.3150174353557935,53.50782847543944,67.56504977695022,43.094896134429966,16,3,0,0,normal,0,-0.13042882605113948
2026-02-19 16:00:00,CELL_002,98.61919997556916,97.50468791936548,1.0519681926070477,56.06479785994413,62.07334449573593,48.4175632387534,16,3,0,0,normal,0,-0.11865447660958817
2026-02-19 16:00:00,CELL_003,98.16373518629224,96.9582511336283,1.2204083601419289,47.5850983117134,68.23863597784755,47.77073788058323,16,3,0,0,normal,0,-0.11495781604279742
2026-02-19 16:00:00,CELL_004,98.33508298167216,97.01416864591272,1.2991871856347206,57.64212069378278,63.21534922901195,41.44822627075632,16,3,0,0,normal,0,-0.12287806016675251
2026-02-19 16:00:00,CELL_005,98.11513922439072,97.38981898193622,1.2709070681419603,55.99188083420477,61.55618225702907,45.17795335371646,16,3,0,0,normal,0,-0.11780698495795561
2026-02-19 16:00:00,CELL_006,98.3823711865778,96.86386895776155,1.2876318425190163,56.1910537512424,60.76663274538194,42.37335888608768,16,3,0,0,normal,0,-0.11709877359512055
2026-02-19 16:00:00,CELL_007,98.46153243289363,97.2027948857469,0.751438412231469,51.88071547160798,68.07087901193495,40.00504483259117,16,3,0,0,normal,0,-0.11824229704064854
2026-02-19 16:00:00,CELL_008,98.8318273514214,97.26500850458297,1.2782342235080113,40.362963112922486,70.72548719570233,43.15400872012375,16,3,0,0,normal,0,-0.11443828224820418
2026-02-19 17:00:00,CELL_001,98.45451147904647,98.12779556155576,1.1256818471489447,57.15451675434648,64.01095492450675,34.38388101150581,17,3,0,0,normal,0,-0.11302046693897061
2026-02-19 17:00:00,CELL_002,98.57083183038692,97.2460208371559,1.0329283224809689,54.23813773216546,59.82469494302584,41.41080508696536,17,3,0,0,normal,0,-0.12878939443346515
2026-02-19 17:00:00,CELL_003,98.30218627960062,97.16860784653238,1.3747267661818112,57.09201845001966,66.02666669814221,40.45130428851874,17,3,0,0,normal,0,-0.11719890002043709
2026-02-19 17:00:00,CELL_004,98.66856807489783,97.97977109446649,0.7962819496808822,64.10898533744802,56.29551639122412,32.10785250029983,17,3,0,0,normal,0,-0.12919256159899228
2026-02-19 17:00:00,CELL_005,98.66623173215125,97.96039023454304,1.1799236146606449,62.082190752949046,65.48112371504695,37.478672602915154,17,3,0,0,normal,0,-0.12037702058140709
2026-02-19 17:00:00,CELL_006,98.34731280113004,97.01129560943944,1.287009345914341,51.28684651294109,55.74712800374893,38.93309374116404,17,3,0,0,normal,0,-0.10713502991130924
2026-02-19 17:00:00,CELL_007,98.85383685443227,97.80840464032087,1.2545444677229485,57.23961889579755,60.64911010989478,41.71191306894607,17,3,0,0,normal,0,-0.11979922649780345
2026-02-19 17:00:00,CELL_008,99.01948000380662,97.37805614773306,0.8645738056448661,55.37100037784199,59.54238351702593,41.21424250312565,17,3,0,0,normal,0,-0.12129846806337535
2026-02-19 18:00:00,CELL_001,99.09961276342396,98.41246281653616,0.9383066904433688,61.631912886106186,52.10449146386852,35.882081315509495,18,3,0,0,normal,0,-0.12029152847265218
2026-02-19 18:00:00,CELL_002,98.82019687697156,98.03144207646103,0.673329522786542,70.95550590024166,55.93418236642624,41.073868899723536,18,3,0,0,normal,0,-0.10655968121854226
2026-02-19 18:00:00,CELL_003,98.2288872282984,97.5385558905259,0.7886578062720035,60.39642908958763,64.51219325960243,43.14068722688785,18,3,0,0,normal,0,-0.10407840406589913
2026-02-19 18:00:00,CELL_004,98.29884156320544,97.21331573649783,0.8713962203121375,59.55992900231889,47.5840042225752,32.156628533818456,18,3,0,0,normal,0,-0.10943355009819766
2026-02-19 18:00:00,CELL_005,98.28394501518672,97.58357899880107,0.7946427395307609,65.78844905069128,53.87631433169737,34.531238418964094,18,3,0,0,normal,0,-0.11872608292546083
2026-02-19 18:00:00,CELL_006,98.16294844762294,96.9708100039792,0.9200074701037456,55.295975464516594,50.54019624858509,31.048376471459104,18,3,0,0,normal,0,-0.09716339009066366
2026-02-19 18:00:00,CELL_007,98.61552529429515,97.74344341108343,0.511445600218229,57.0557080712218,52.25504578349867,33.26839087258233,18,3,0,0,normal,0,-0.11585896079471525
2026-02-19 18:00:00,CELL_008,98.86366437161556,98.03431665885428,0.7713433117145531,50.75845196334028,50.016829872632165,36.24323809690636,18,3,0,0,normal,0,-0.11718066585763309
2026-02-19 19:00:00,CELL_001,99.64846691284696,98.32908777554016,0.8389138663812343,57.94635295794207,49.563019003254574,33.22385691556609,19,3,0,0,normal,0,-0.0934622501602807
2026-02-19 19:00:00,CELL_002,99.35298884553484,98.02507829101108,0.4352358905327522,74.64904313782765,41.99120343459101,30.3501632937532,19,3,0,0,normal,0,-0.11373155045414074
2026-02-19 19:00:00,CELL_003,98.46747700298734,97.8016916155024,0.8805906218117527,73.29865543002944,45.49827163632841,34.32198347931247,19,3,0,0,normal,0,-0.11767121553668997
2026-02-19 19:00:00,CELL_004,98.4571285948668,97.81616761767712,0.6427586381353112,72.29381657552308,48.16199206829137,26.707987983134228,19,3,0,0,normal,0,-0.1093687947285194
2026-02-19 19:00:00,CELL_005,99.0601327370272,98.47319771639376,0.738611147422584,75.08964346917598,39.898921922760906,30.346872074777306,19,3,0,0,normal,0,-0.12097001217816866
2026-02-19 19:00:00,CELL_006,98.2807194431057,97.46666728619896,0.9359755392916412,61.061382042362624,51.35270755352617,31.63429252348965,19,3,0,0,normal,0,-0.1104858151947678
2026-02-19 19:00:00,CELL_007,99.11563261916584,97.75378804061612,0.4859320382895685,74.44057037045441,44.46322441517637,30.034763875991967,19,3,0,0,normal,0,-0.12292960527031277
2026-02-19 19:00:00,CELL_008,98.98128873805642,98.23251217573504,0.9774962882071966,67.80259762310769,49.970846790534544,34.839198534513905,19,3,0,0,normal,0,-0.12266039082338437
2026-02-19 20:00:00,CELL_001,100.0,98.75341944680228,0.3493805591804826,72.20776965114771,34.13162130042444,23.51497691332361,20,3,0,0,normal,0,-0.0806650767363582
2026-02-19 20:00:00,CELL_002,99.31844579119098,98.56704572139188,0.4106966802187923,77.21785311413909,44.867856301485496,24.56394166146136,20,3,0,0,normal,0,-0.10494681108214543
2026-02-19 20:00:00,CELL_003,98.5502396656827,98.3813226368003,0.6833588330387155,74.12347354536878,37.88387836954757,23.558307610496332,20,3,0,0,normal,0,-0.10822732687386905
2026-02-19 20:00:00,CELL_004,99.06648709002592,98.09709110587691,0.7454255665300956,80.8678665339146,30.639404477630883,24.40826096800152,20,3,0,0,normal,0,-0.11127120495762066
2026-02-19 20:00:00,CELL_005,98.90323576701674,98.36313787436548,0.4955774084262148,82.32882194514137,32.06235061248408,29.47988492674713,20,3,0,0,normal,0,-0.11733545212512547
2026-02-19 20:00:00,CELL_006,98.61335982803108,97.34936437687168,0.782372586956336,69.10860191184099,42.37296168104268,30.643994346888643,20,3,0,0,normal,0,-0.11154984372596233
2026-02-19 20:00:00,CELL_007,99.51415956901276,98.8694525427193,0.3302182915684409,74.19341274103422,35.221077879754084,29.48433594923377,20,3,0,0,normal,0,-0.10196122332634833
2026-02-19 20:00:00,CELL_008,99.72148718932252,99.1507650833914,0.5899983220083336,70.13825491315365,46.21722621846888,24.360151944045224,20,3,0,0,normal,0,-0.06528726794170081
2026-02-19 21:00:00,CELL_001,99.4415071932763,98.58727972429234,0.2599985063751266,74.7158021982136,37.29361094544204,21.32878967158273,21,3,0,0,normal,0,-0.0916463849147302
2026-02-19 21:00:00,CELL_002,99.23873609434192,98.66431771245418,0.5542656617063151,76.73133796303651,46.68031393624924,21.50597580530451,21,3,0,0,normal,0,-0.08358907324939585
2026-02-19 21:00:00,CELL_003,98.76811239299454,98.45653449766094,0.3700538289458258,73.45817980733217,33.764096891569594,26.32042792077517,21,3,0,0,normal,0,-0.11363405996971482
2026-02-19 21:00:00,CELL_004,98.9752177349974,98.56686011198286,0.2499604033413261,92.615158589842,27.788187957404176,16.70017647834071,21,3,0,0,normal,0,-0.04508195990094477
2026-02-19 21:00:00,CELL_005,98.56381040798486,98.00143166845204,0.3571176955936634,85.11160527194347,21.858456785395457,20.703075268741163,21,3,0,0,normal,0,-0.07875976215283448
2026-02-19 21:00:00,CELL_006,99.23570195249302,98.48367473110504,0.436390798481493,87.73232994421083,36.264140279459234,29.779440473337207,21,3,0,0,normal,0,-0.09620253074751073
2026-02-19 21:00:00,CELL_007,99.19723670477168,98.53702975641237,0.5365467850597956,78.4895295658732,32.29273792274362,16.20364349871594,21,3,0,0,normal,0,-0.08246472892509721
2026-02-19 21:00:00,CELL_008,99.777310971602,98.72258915312572,0.4988443186483602,78.6689871854545,27.73776674814089,19.487295466137752,21,3,0,0,normal,0,-0.07858173279904612
2026-02-19 22:00:00,CELL_001,99.8660746944699,98.9368521957028,0.1076365256948131,85.77543272236136,35.161847222998915,19.35742188824582,22,3,0,0,normal,0,-0.04785318093687574
2026-02-19 22:00:00,CELL_002,99.25257886921558,98.68374386783223,0.2780773879553188,80.57286577750315,25.24408533554706,20.90659384531897,22,3,0,0,normal,0,-0.08981910046237013
2026-02-19 22:00:00,CELL_003,99.43372598357332,98.06205364627051,0.4927185592842044,79.74064464644523,40.59076936513725,28.165841334017628,22,3,0,0,normal,0,-0.10428581188659913
2026-02-19 22:00:00,CELL_004,98.96811237985226,98.59194019544212,0.6888863424644575,82.99307893138312,33.329738747971064,23.34425362046636,22,3,0,0,normal,0,-0.09530189420490354
2026-02-19 22:00:00,CELL_005,98.48983014810888,98.50340947261267,0.5335731373291283,85.24571701039602,29.960569542623524,21.339552358669145,22,3,0,0,normal,0,-0.07383968978704314
2026-02-19 22:00:00,CELL_006,98.9571818141418,97.9576027702265,0.5972143053049321,86.42288934330057,34.6717848641314,25.055258305498487,22,3,0,0,normal,0,-0.09814659899090644
2026-02-19 22:00:00,CELL_007,99.3653644635829,99.3655428009822,0.4185816911915493,83.5475812601303,32.74254935966173,14.318062401659605,22,3,0,0,normal,0,-0.03194529322112538
2026-02-19 22:00:00,CELL_008,99.47929621893074,99.03151062180382,0.3345843715155728,79.05250218346515,33.78704595707682,17.339686247449325,22,3,0,0,normal,0,-0.06773407098834217
2026-02-19 23:00:00,CELL_001,99.70873796589206,99.35846111530728,0.4100330587186924,81.50900162694475,24.127816418430506,18.015375672454123,23,3,0,0,normal,0,-0.03894129161368853
2026-02-19 23:00:00,CELL_002,99.84469683140826,98.7271297789164,0.4720894242720909,81.7641863912922,27.67930058170494,22.532625946504407,23,3,0,0,normal,0,-0.08117775773972996
2026-02-19 23:00:00,CELL_003,99.07093601893492,97.87065705439268,0.3979088081982358,83.86037430789054,21.638954002185617,22.421861540753717,23,3,0,0,normal,0,-0.08561300578622094
2026-02-19 23:00:00,CELL_004,99.08849455527384,98.53838716837022,0.0582477174325993,91.1272121197297,23.966717701624003,21.96209501303264,23,3,0,0,normal,0,-0.05401068901484557
2026-02-19 23:00:00,CELL_005,98.98176914427772,98.47044476152604,0.2975850929758207,89.64551804475975,26.25994114282382,19.675141285012234,23,3,0,0,normal,0,-0.07037718356627543
2026-02-19 23:00:00,CELL_006,98.84338931503598,97.4913705290532,0.6745731507813209,76.00381733945366,38.05121119371989,19.08478689300792,23,3,0,0,normal,0,-0.06994183416136868
2026-02-19 23:00:00,CELL_007,99.77711015881904,98.43175237336132,0.2088228600835594,93.81048710680156,23.208467199427428,24.76213893151057,23,3,0,0,normal,0,-0.03766571156577114
2026-02-19 23:00:00,CELL_008,99.65300719602672,98.77855179965852,0.3153167800163304,77.26990480331426,33.3270684376776,20.85982310936644,23,3,0,0,normal,0,-0.0864041140840881
2026-02-20 00:00:00,CELL_001,99.77543510510198,99.16957572331744,0.1277783703856431,93.39337336686285,21.60946428552366,22.260258390507293,0,4,0,0,normal,0,-0.012093571748637566
2026-02-20 00:00:00,CELL_002,99.88039065423575,98.12702009200886,0.2587619717317028,86.58829717497329,29.69235841870565,20.92558441786588,0,4,0,0,normal,0,-0.06338555920889472
2026-02-20 00:00:00,CELL_003,98.46794560106468,98.9848579872348,0.5057690131743618,80.59409939761822,30.977366278836133,21.73215950532505,0,4,0,0,normal,0,-0.06726341181047646
2026-02-20 00:00:00,CELL_004,99.415191003984,98.42684540036618,0.4067686948910952,85.86693607240876,28.798533770610398,18.956174022056583,0,4,0,0,normal,0,-0.08576339168865543
2026-02-20 00:00:00,CELL_005,99.36732747697754,98.05182368862576,0.2468792484686413,88.4664292490337,26.32851872117258,19.69087825492833,0,4,0,0,normal,0,-0.06787583113168355
2026-02-20 00:00:00,CELL_006,98.73175933649088,98.19381757522312,0.5031825314147083,73.97530946883867,21.57455779441004,23.27540681645209,0,4,0,0,normal,0,-0.07621036427711159
2026-02-20 00:00:00,CELL_007,99.11028475961392,99.49200643031824,0.2374470510908234,80.84723555942499,22.57272523494591,23.425738070004044,0,4,0,0,normal,0,-0.04792988312324309
2026-02-20 00:00:00,CELL_008,99.75457123089792,98.7436931005488,0.210619141611135,82.13024592199338,29.946797334135653,15.853197122691345,0,4,0,0,normal,0,-0.05038421777652724
2026-02-20 01:00:00,CELL_001,99.53622305484068,98.84803711981236,0.0511078001695596,74.35601891721237,23.718706848385235,18.880235868612612,1,4,0,0,normal,0,-0.05737951261702268
2026-02-20 01:00:00,CELL_002,99.3254244376,98.77463743376664,0.3293228657919392,80.42402319799724,25.42521819955396,17.594284607023212,1,4,0,0,normal,0,-0.08834426514003663
2026-02-20 01:00:00,CELL_003,99.09312771389044,98.27487696826825,0.0694200213472983,80.75241717620476,25.42498294870479,18.4241065806714,1,4,0,0,normal,0,-0.07871676356382762
2026-02-20 01:00:00,CELL_004,98.75242888444927,99.21635703352108,0.2601094546867927,89.58107970905918,21.909037702128437,21.06572346979371,1,4,0,0,normal,0,-0.05555485405838573
2026-02-20 01:00:00,CELL_005,99.34157589131004,98.19121670563264,0.2109671183046324,77.59017078712779,20.7431261432413,18.529722593517583,1,4,0,0,normal,0,-0.07592519732735331
2026-02-20 01:00:00,CELL_006,99.1667343890775,98.40440681697264,0.2401794159980646,81.6860405130466,30.128816656262757,24.37104596124881,1,4,0,0,normal,0,-0.10840851110432137
2026-02-20 01:00:00,CELL_007,99.86327822186088,99.160930543104,0.1045777228609596,85.39816728450913,30.67437803569005,23.054956349986835,1,4,0,0,normal,0,-0.051113995306741766
2026-02-20 01:00:00,CELL_008,99.65817109844262,98.6970877045273,0.3690001250675749,80.68781475070531,27.568195280627556,26.36965505916889,1,4,0,0,normal,0,-0.0950011029302496
2026-02-20 02:00:00,CELL_001,99.640255472998,99.33519910033272,0.2044357734526175,89.33478506022914,23.35608748581086,18.911656064345703,2,4,0,0,normal,0,-0.045236694763250096
2026-02-20 02:00:00,CELL_002,99.46493540883372,98.5527873669038,0.3879385408304952,73.14835569552213,29.360168332073545,26.480166920870325,2,4,0,0,normal,0,-0.1078687164223589
2026-02-20 02:00:00,CELL_003,98.81061232597264,98.59263731305757,0.4577523950929603,86.97736486221055,27.435318874835616,26.07484695388126,2,4,0,0,normal,0,-0.09226165182854135
2026-02-20 02:00:00,CELL_004,99.023603193354,98.53178464966904,0.4147522444053326,74.5474914886142,21.189976487567492,21.73163031694635,2,4,0,0,normal,0,-0.09788986857941517
2026-02-20 02:00:00,CELL_005,99.0085991722249,98.08392828644035,0.3739338019030021,81.62730893690103,31.182255997131723,19.99224902593341,2,4,0,0,normal,0,-0.1105466527440967
2026-02-20 02:00:00,CELL_006,99.0993940156638,97.74421416175768,0.5536270261671122,76.82931487633333,34.02807611050261,25.026961791307357,2,4,0,0,normal,0,-0.11126297087150905
2026-02-20 02:00:00,CELL_007,99.11564947313288,98.58986147089654,0.5194909998453696,82.11919490681247,25.72293790485472,30.36585400511342,2,4,0,0,normal,0,-0.09966408488197792
2026-02-20 02:00:00,CELL_008,99.31279033063662,98.77772295903792,0.3685206070264409,79.0753629341649,28.17577447996892,25.23663689619132,2,4,0,0,normal,0,-0.10952796929796099
2026-02-20 03:00:00,CELL_001,99.63100084698252,97.8918902225644,0.3281494445398206,78.10028756139705,28.9230960815266,22.017177179391272,3,4,0,0,normal,0,-0.10075169656247185
2026-02-20 03:00:00,CELL_002,99.2259884922698,98.52214949066978,0.2630189978565606,72.821617690536,34.492242375893575,27.96145137026412,3,4,0,0,normal,0,-0.11508536330634805
2026-02-20 03:00:00,CELL_003,99.05837718771151,97.54961969182436,0.4595778145618002,83.78590919732385,44.28856085716826,25.849220075640183,3,4,0,0,normal,0,-0.10155374433203074
2026-02-20 03:00:00,CELL_004,98.7114287814608,98.23205432401068,0.3460221289746053,76.86979767342696,32.0671626596584,18.40556197489817,3,4,0,0,normal,0,-0.09757926672529899
2026-02-20 03:00:00,CELL_005,98.76645091308892,98.24419553571364,0.306131748438412,72.86288993762719,25.07187322104733,27.16824513061675,3,4,0,0,normal,0,-0.10289639226695935
2026-02-20 03:00:00,CELL_006,98.62663328599876,98.04668274750767,0.5330317756957414,74.64287379854649,41.94663128905511,28.067158521376747,3,4,0,0,normal,0,-0.11851050795786278
2026-02-20 03:00:00,CELL_007,99.4743470105408,98.92913307891124,0.2683155684431333,76.51332311316838,33.21807793401342,27.00316144619421,3,4,0,0,normal,0,-0.10499084069161757
2026-02-20 03:00:00,CELL_008,99.74826289328036,98.4901120589236,0.5454865841583991,65.94076018992453,34.12515914101715,23.33533281313155,3,4,0,0,normal,0,-0.07597070056545219
2026-02-20 04:00:00,CELL_001,99.27230717264057,99.31825166308217,0.4839113313224893,80.53071680358197,34.233443510028096,29.20070204121984,4,4,0,0,normal,0,-0.0948628715478505
2026-02-20 04:00:00,CELL_002,99.26865852634997,98.67376416155165,0.5742210341734587,67.66805833979598,37.53432151546655,27.7310972730681,4,4,0,0,normal,0,-0.11158504642485872
2026-02-20 04:00:00,CELL_003,98.94587814898588,98.0881568868154,0.7825583484572968,66.5845718218983,39.41693634964266,25.642225108729587,4,4,0,0,normal,0,-0.12161835873161969
2026-02-20 04:00:00,CELL_004,98.7757420365866,98.28908220756723,0.8228607159929416,76.15097752530973,31.97951450594234,22.089750647836503,4,4,0,0,normal,0,-0.11022826487263016
2026-02-20 04:00:00,CELL_005,98.71012112699024,97.90669468300726,0.4229736668394352,67.6548881705661,32.84363816307355,23.82537886161407,4,4,0,0,normal,0,-0.10622875442880081
2026-02-20 04:00:00,CELL_006,98.58362397140088,97.7724256988962,0.5505295958296303,68.26758298532748,44.57407016932974,23.2214839261194,4,4,0,0,normal,0,-0.10238088310824317
2026-02-20 04:00:00,CELL_007,99.39224650479498,98.8887307694903,0.3796024100272097,82.2401715431088,30.24316293139056,24.878475807597336,4,4,0,0,normal,0,-0.11084236299454919
2026-02-20 04:00:00,CELL_008,99.16894332807011,97.95987412377087,0.4360952182274665,70.85984278252043,32.26100554439487,29.289311245705456,4,4,0,0,normal,0,-0.12483039365157028
2026-02-20 05:00:00,CELL_001,99.25049451073257,97.78235929214198,0.6283460125289474,71.11727414388902,36.83318370555779,29.56028564073396,5,4,0,0,normal,0,-0.12889023970684316
2026-02-20 05:00:00,CELL_002,99.39570433899512,99.01497203234962,0.4775661150190526,77.52261734130647,49.22020420426512,28.864932065728365,5,4,0,0,normal,0,-0.09624940279499927
2026-02-20 05:00:00,CELL_003,98.8124599048246,97.88799227621185,0.4973516676336456,69.69066830053268,50.53099967128784,33.65180133283868,5,4,0,0,normal,0,-0.12297240586602493
2026-02-20 05:00:00,CELL_004,98.97604111896058,98.17419207817812,0.5665318717311377,71.10687130674208,29.69159606516389,25.23411359853719,5,4,0,0,normal,0,-0.11882956513379767
2026-02-20 05:00:00,CELL_005,98.78303710779124,97.9738723635985,0.5024416034890302,71.10357495867932,39.37647823509904,22.946109802147987,5,4,0,0,normal,0,-0.11561809882929219
2026-02-20 05:00:00,CELL_006,98.41562926430996,97.4182556410319,0.6435440663315652,64.95014142360247,43.66623601702606,34.196272367361864,5,4,0,0,normal,0,-0.10879141761160477
2026-02-20 05:00:00,CELL_007,99.13027816308046,98.9714098377343,0.5226857761170812,63.81334975016055,46.4132620107505,25.39810595376222,5,4,0,0,normal,0,-0.09382768201121827
2026-02-20 05:00:00,CELL_008,99.5305846445256,98.278349921777,0.6403196995526292,82.75256166756175,43.13307821222861,29.265714352233005,5,4,0,0,normal,0,-0.10784167210820944
2026-02-20 06:00:00,CELL_001,99.14435139014984,97.99359873797354,0.5773854406477024,72.25695068597564,47.601261884206046,31.75613158669706,6,4,0,0,normal,0,-0.1285582104714017
2026-02-20 06:00:00,CELL_002,99.41591739187297,97.85362598310095,0.8599389166492729,64.27919808247809,54.522152729731694,31.51192363538138,6,4,0,0,normal,0,-0.11779689863624626
2026-02-20 06:00:00,CELL_003,98.47115153728332,97.42917815765384,1.4571932329062085,52.82564221982648,64.9241709469982,37.97994132317376,6,4,0,0,normal,0,-0.10089044981742235
2026-02-20 06:00:00,CELL_004,98.44824834640067,98.25229426000207,0.8949119387713848,64.07392188128689,52.72521649689138,34.38100933897792,6,4,0,0,normal,0,-0.11881036380683913
2026-02-20 06:00:00,CELL_005,98.82462790624814,97.76298165136323,0.6897540532039049,66.31804872138976,44.72753518423584,32.4042114703242,6,4,0,0,normal,0,-0.13020775846309168
2026-02-20 06:00:00,CELL_006,98.05754274804148,97.19551535631942,0.8872600556090574,63.00917703998945,61.42624886662984,34.05574429043313,6,4,0,0,normal,0,-0.09759683130790509
2026-02-20 06:00:00,CELL_007,99.10480060009282,97.49955776876234,1.0136776217575236,68.65629110036257,51.62947663218737,35.59277077452188,6,4,0,0,normal,0,-0.12054061489664719
2026-02-20 06:00:00,CELL_008,99.16829560026908,98.18932863117894,0.5399481665946851,65.81495800505034,50.01870666168212,39.337012279943615,6,4,0,0,normal,0,-0.1112509915171927
2026-02-20 07:00:00,CELL_001,99.02113740127112,97.68212656738451,1.1488833320664955,51.7065251345576,66.93392152508679,40.574426865682405,7,4,0,0,normal,0,-0.12054056699659188
2026-02-20 07:00:00,CELL_002,98.76128016061128,97.90621019316292,0.7445166600196469,55.02538229215264,57.36259382158725,41.98153523821912,7,4,0,0,normal,0,-0.12225329681213526
2026-02-20 07:00:00,CELL_003,98.32773659334786,98.34136675001324,1.0178962856527254,45.08550787597366,60.097618950686346,38.871495337188485,7,4,0,0,normal,0,-0.08656472357970652
2026-02-20 07:00:00,CELL_004,98.748812513977,97.08523697897655,0.8434904146986084,60.13064862018127,60.90824130512144,35.43395695655039,7,4,0,0,normal,0,-0.11577845336311193
2026-02-20 07:00:00,CELL_005,98.54174543825364,97.82589172783098,0.853566391720065,59.08628338398578,50.910802913065694,38.91533776224215,7,4,0,0,normal,0,-0.13075754454866112
2026-02-20 07:00:00,CELL_006,97.7688049254356,97.01699470074384,1.2145555647076909,52.09405262923652,69.96614100960528,36.81567619890443,7,4,0,0,normal,0,-0.08536374732237123
2026-02-20 07:00:00,CELL_007,98.6484036613802,97.54110571980188,0.9788948815291048,56.748800317565625,56.45747827633093,36.69862791328824,7,4,0,0,normal,0,-0.1289025679794858
2026-02-20 07:00:00,CELL_008,98.89289651791552,97.777348193131,0.6788919696738899,56.02221334873108,58.45779275494309,38.925429188044205,7,4,0,0,normal,0,-0.12604325159553437
2026-02-20 08:00:00,CELL_001,98.58292635480778,97.69752620861225,0.9152580173507096,49.45890129804032,58.09430442794307,43.908178720359984,8,4,0,0,normal,0,-0.11761072589513694
2026-02-20 08:00:00,CELL_002,98.91603150542558,97.66202796613526,1.130072356710695,51.97432281593831,67.53845468436396,42.009965014163264,8,4,0,0,normal,0,-0.12680385046578502
2026-02-20 08:00:00,CELL_003,97.88183716125644,96.80299320344216,1.5404144314846744,46.59403730094742,65.4616904581688,44.9699100319711,8,4,0,0,normal,0,-0.09452075807409999
2026-02-20 08:00:00,CELL_004,98.00635970212632,96.99391149002888,1.2502507183624898,45.13977467659236,65.37512341932121,43.03455453840944,8,4,0,0,normal,0,-0.11185991666111184
2026-02-20 08:00:00,CELL_005,98.47658893231244,97.3270151482998,1.192476861646029,46.14193286828906,61.4387693638164,43.71262685735545,8,4,0,0,normal,0,-0.11872591476485522
2026-02-20 08:00:00,CELL_006,98.2980003341336,95.89318808835608,1.4490549153236232,50.066197730175965,70.74662944179822,40.3148137398452,8,4,0,0,normal,0,-0.08192541593816743
2026-02-20 08:00:00,CELL_007,98.60682855319908,97.2169150590518,0.8953867768669445,51.69915449691561,64.40248307770534,42.18063931660021,8,4,0,0,normal,0,-0.1191813839543146
2026-02-20 08:00:00,CELL_008,98.61482521894852,97.37949083056331,1.3373900662597369,48.67614635872788,69.87273448351739,46.895746055197975,8,4,0,0,normal,0,-0.11413410845716088
2026-02-20 09:00:00,CELL_001,98.67922729459514,97.86505598092492,1.145017147875128,56.15496669899778,75.01303592911518,41.71752131176196,9,4,0,0,normal,0,-0.11399558413265026
2026-02-20 09:00:00,CELL_002,98.9231265957597,97.97172829503008,1.1617079465673443,52.59188527136863,69.71468297379523,35.33583583663344,9,4,0,0,normal,0,-0.11208158540424523
2026-02-20 09:00:00,CELL_003,98.10929220233892,97.13433390674024,1.4333980318159418,37.27023912207292,81.52890523042011,47.0465213583653,9,4,0,0,normal,0,-0.08394108967002395
2026-02-20 09:00:00,CELL_004,98.2028903099356,96.4400434986528,1.328557240069664,41.62238684783027,66.23279199040147,41.75913899885409,9,4,0,0,normal,0,-0.09258616823811344
2026-02-20 09:00:00,CELL_005,98.35407016816283,96.82708750418796,0.8799878619044604,57.34662590062928,67.57529258865225,37.4358399103588,9,4,0,0,normal,0,-0.10376891039404623
2026-02-20 09:00:00,CELL_006,97.5290054687296,96.52721676085208,1.6260564966547335,43.448566327475376,85.41188933016772,48.70163568731103,9,4,0,0,normal,0,-0.038197011095251865
2026-02-20 09:00:00,CELL_007,98.55807174515442,97.14604096906804,1.1438201345646215,50.98645629552972,76.93945039979302,38.53571966011247,9,4,0,0,normal,0,-0.11334071161664683
2026-02-20 09:00:00,CELL_008,98.67974519137192,97.47154078020678,1.1849250016881547,42.80903302353885,67.21273423917587,48.26935854175107,9,4,0,0,normal,0,-0.10831986525869364
2026-02-20 10:00:00,CELL_001,99.07629316451788,97.00183772616352,1.3652957584487249,44.96675267726911,75.27920002372394,50.25708760170044,10,4,0,0,normal,0,-0.09711526582975039
2026-02-20 10:00:00,CELL_002,98.53877353432928,97.00724622033007,1.338006866302854,39.39297034058779,72.5360758449512,43.05412059696194,10,4,0,0,normal,0,-0.11900007491835157
2026-02-20 10:00:00,CELL_003,98.34439545366848,96.97279566465784,1.3592671281430666,32.111233860999015,75.66581523020592,47.26327324404628,10,4,0,0,normal,0,-0.09309043295062147
2026-02-20 10:00:00,CELL_004,98.23425730607973,96.64157216232162,1.3579082376823888,46.57153094201536,74.66135357627225,48.0540448623937,10,4,0,0,normal,0,-0.10979822400833028
2026-02-20 10:00:00,CELL_005,98.16763712901876,97.42129940836492,1.3289578546809178,40.177597873921066,79.0430354995577,50.86339460119568,10,4,0,0,normal,0,-0.09720657486108242
2026-02-20 10:00:00,CELL_006,98.06526724999908,96.882751017378,1.5643274759998516,45.412914552948585,77.47846119337184,46.64664468654956,10,4,0,0,normal,0,-0.10775402766286524
2026-02-20 10:00:00,CELL_007,98.347353788694,96.80615827984948,1.0894758678070249,51.56424357742416,72.71787064750627,41.00078143848096,10,4,0,0,normal,0,-0.1152539743771106
2026-02-20 10:00:00,CELL_008,98.76422823345912,97.09940974769398,1.417353880296642,50.07105496177409,75.27267105003189,44.61799368113948,10,4,0,0,normal,0,-0.11556280541422931
2026-02-20 11:00:00,CELL_001,98.7417293445564,97.241982692529,1.3135839281263657,41.10779236812105,84.12232234249623,50.63148889676451,11,4,0,0,normal,0,-0.08803427094684185
2026-02-20 11:00:00,CELL_002,98.78609330308868,96.87618473933122,1.1702957081455077,34.879799594827205,71.15052556707316,51.2082317024927,11,4,0,0,normal,0,-0.08445755200671096
2026-02-20 11:00:00,CELL_003,98.54308257733337,96.5521406589509,1.521834239530298,36.09129763887733,73.34326818171589,52.41923528678528,11,4,0,0,normal,0,-0.07762599396609221
2026-02-20 11:00:00,CELL_004,97.77085011838594,96.19428188569488,1.4662189310480953,37.31682426315399,69.30984112505392,53.28940775652492,11,4,0,0,normal,0,-0.05683041129182548
2026-02-20 11:00:00,CELL_005,97.37404176475994,96.44863848611251,1.4127756026325544,46.40015817974153,77.9978789536943,53.54129840530431,11,4,0,0,normal,0,-0.06964820815333206
2026-02-20 11:00:00,CELL_006,97.2338930191401,96.37382952213788,1.670454986427962,40.9680247218014,76.50338269705638,51.8217749885851,11,4,0,0,normal,0,-0.044658212542796005
2026-02-20 11:00:00,CELL_007,98.4328931922043,96.72170805381975,1.0204433696955924,40.89250313667287,75.6232897893109,46.61843710363706,11,4,0,0,normal,0,-0.09464513480320408
2026-02-20 11:00:00,CELL_008,98.68078782016612,97.26464134682683,1.274480107599112,42.528165385262525,79.30067443742132,43.203985313182805,11,4,0,0,normal,0,-0.10968670023367494
2026-02-20 12:00:00,CELL_001,98.82979434651092,97.01101798885124,1.282669147302018,47.74070749068002,75.45350321514518,48.47410990710326,12,4,0,0,normal,0,-0.11720343066480488
2026-02-20 12:00:00,CELL_002,98.3950028506096,96.88825895601822,1.4767214960545858,45.25771255593138,80.50547108304934,48.97425888338501,12,4,0,0,normal,0,-0.10831891529272725
2026-02-20 12:00:00,CELL_003,98.03016647455806,97.0716485974979,1.6364359554665415,34.86113041043073,84.1046488593768,49.6585165566128,12,4,0,0,normal,0,-0.06820716464079013
2026-02-20 12:00:00,CELL_004,97.8114833592724,96.74301078739512,1.4412542763652394,43.126108152493806,71.06569476750767,52.69114868368818,12,4,0,0,normal,0,-0.10083999082440548
2026-02-20 12:00:00,CELL_005,97.68264702714023,96.50606191864796,1.6336439597455528,39.297769352243535,78.65112175234847,46.15089801008097,12,4,0,0,normal,0,-0.07745062649107443
2026-02-20 12:00:00,CELL_006,97.96751065508997,96.84676472227538,1.7347067184131555,42.9326857346935,82.87062712963217,45.917724355436896,12,4,0,0,normal,0,-0.07627707326810607
2026-02-20 12:00:00,CELL_007,98.14835618275222,97.1960351229396,1.352496414302906,32.40987966387489,79.52720936066464,49.51275320693203,12,4,0,0,normal,0,-0.08813354255917105
2026-02-20 12:00:00,CELL_008,98.65909116888136,97.19431420626614,1.386818981893409,33.25900639010881,81.79723270691285,53.725064367335165,12,4,0,0,normal,0,-0.0748500637096558
2026-02-20 13:00:00,CELL_001,98.45682226645442,97.25401364917802,1.4986073461719864,34.840223789527826,83.41810090826647,57.502701493802846,13,4,0,0,normal,0,-0.06396792658372313
2026-02-20 13:00:00,CELL_002,98.58578180216838,96.38330328548837,1.503466434400491,33.2513854497828,75.13200146882095,46.59362632703981,13,4,0,0,normal,0,-0.07698163579214712
2026-02-20 13:00:00,CELL_003,98.05726182006364,96.7321519784588,1.2491614186113718,36.76656573468304,75.92229306489763,53.75683983654768,13,4,0,0,normal,0,-0.09676090171749702
2026-02-20 13:00:00,CELL_004,97.86951551579824,96.42670676128654,1.515666984079708,47.79373065780055,76.09379841270847,49.50261307486446,13,4,0,0,normal,0,-0.09424220793567523
2026-02-20 13:00:00,CELL_005,97.60729264672965,96.81740683760282,1.4467518445769385,39.37089748450988,75.8255602266332,48.23843018002268,13,4,0,0,normal,0,-0.0938171207944597
2026-02-20 13:00:00,CELL_006,97.69343061236096,96.0389833708112,1.7308032841306114,47.81762933016326,81.23499685032209,50.185525873748674,13,4,0,0,normal,0,-0.05067258468056901
2026-02-20 13:00:00,CELL_007,98.3998840364556,96.80954486253826,1.5104023215007036,42.57870032382417,72.36749653249298,46.20919488920016,13,4,0,0,normal,0,-0.11714492324948944
2026-02-20 13:00:00,CELL_008,97.7459577089091,97.21599623686475,1.4734678447542071,40.75653293528103,78.97711542923307,52.3267393142956,13,4,0,0,normal,0,-0.09065501520214342
2026-02-20 14:00:00,CELL_001,98.67584618969671,97.34536775402856,1.1363146698619886,48.41054795189411,68.99181683167697,43.211019221472334,14,4,0,0,normal,0,-0.13197068650944965
2026-02-20 14:00:00,CELL_002,98.3583054397374,97.19799917759345,1.2361090117216254,40.84207463916569,75.68927242216698,49.54188722682152,14,4,0,0,normal,0,-0.11803784915944598
2026-02-20 14:00:00,CELL_003,98.24131924034614,97.13582164132043,1.5607573269267798,34.36613483483247,75.69314038441685,46.77276808707624,14,4,0,0,normal,0,-0.09709796955300865
2026-02-20 14:00:00,CELL_004,97.54945412736475,96.95078492674712,1.2663684750265811,44.35628758056383,75.12362573434501,39.67813307034865,14,4,0,0,normal,0,-0.0932071855728972
2026-02-20 14:00:00,CELL_005,97.64806765399456,97.7184421968129,1.396106391543069,46.447580092552286,79.253406624592,43.4525606731572,14,4,0,0,normal,0,-0.090614341851463
2026-02-20 14:00:00,CELL_006,97.90368006063711,95.9648517904152,1.5079249270390522,39.20864482657008,81.29046808543649,46.61307851411532,14,4,0,0,normal,0,-0.0672074106563727
2026-02-20 14:00:00,CELL_007,98.1452304950206,97.1085082090726,1.3138303949834924,40.65792457661662,80.17296398436311,48.740497778087686,14,4,0,0,normal,0,-0.1063580785894635
2026-02-20 14:00:00,CELL_008,97.94890946937451,97.49979037057471,1.4066296448847255,40.22567724272021,75.955144826853,53.37004514848945,14,4,0,0,normal,0,-0.09592650407345871
2026-02-20 15:00:00,CELL_001,98.8843579268216,97.45786865295288,1.1690537564414565,43.91619792028367,75.16961347794833,44.36182825290023,15,4,0,0,normal,0,-0.11557078834994272
2026-02-20 15:00:00,CELL_002,98.83009627109364,97.13893377498349,1.3321320764743607,44.65209254771926,71.77996680041024,41.972701156079495,15,4,0,0,normal,0,-0.11891219664457742
2026-02-20 15:00:00,CELL_003,98.54295481414276,97.5959714014174,1.40026024603436,41.02355387775003,84.23173721705805,42.81781393983693,15,4,0,0,normal,0,-0.09360975283795497
2026-02-20 15:00:00,CELL_004,98.23233860637872,96.5581412465582,1.3097449551880185,44.04888362101738,74.91314471849313,47.78490025889724,15,4,0,0,normal,0,-0.10553473350080628
2026-02-20 15:00:00,CELL_005,98.1295449778228,97.11582308696076,1.225792309204372,49.287945396766446,59.57077947407342,48.20531115132157,15,4,0,0,normal,0,-0.10424414173533042
2026-02-20 15:00:00,CELL_006,97.90409692403544,96.23687926648928,1.2877813297401617,49.86359892945863,69.9803667346659,44.72279896672982,15,4,0,0,normal,0,-0.09020808386022866
2026-02-20 15:00:00,CELL_007,98.7618838536094,97.3622113964178,1.1249953417635896,45.04874739205659,75.74476525416875,42.452464357089006,15,4,0,0,normal,0,-0.1132338715467987
2026-02-20 15:00:00,CELL_008,98.205800003988,97.61639886065792,1.163336805680665,53.07763718659982,73.11033827301524,42.82124466439288,15,4,0,0,normal,0,-0.12140220404815621
2026-02-20 16:00:00,CELL_001,99.21498730916954,97.51955429561274,1.119009345047559,53.37199523591159,63.53610600856658,36.9474782730857,16,4,0,0,normal,0,-0.10970736365404138
2026-02-20 16:00:00,CELL_002,98.90949822148804,97.75198982617133,1.1081536551606073,53.28360666542886,62.76338111810559,39.95257393813018,16,4,0,0,normal,0,-0.13030370570105282
2026-02-20 16:00:00,CELL_003,98.2225049925903,97.22406617635431,1.314208912276156,45.974310815775645,61.70037844134586,44.08594007695124,16,4,0,0,normal,0,-0.11394886276298694
2026-02-20 16:00:00,CELL_004,98.22366878175076,97.3321241321437,1.2354212840610854,47.394562480901605,64.49871084809158,44.67907966319334,16,4,0,0,normal,0,-0.11736318935350953
2026-02-20 16:00:00,CELL_005,97.81982374462348,96.83095127525708,0.9119399990401144,53.8921379088021,65.79786818911558,36.82977395822082,16,4,0,0,normal,0,-0.07967841025278655
2026-02-20 16:00:00,CELL_006,97.8313124648546,96.78272862032529,1.6897322274566204,41.23755703636047,80.69522908989995,50.011509877422014,16,4,0,0,normal,0,-0.06490661134208908
2026-02-20 16:00:00,CELL_007,98.62753727082334,97.1904026979514,0.9535430935514044,52.51947469771893,70.48726692341695,39.71047050807741,16,4,0,0,normal,0,-0.11821495623186029
2026-02-20 16:00:00,CELL_008,98.7637105989181,96.79103351410868,1.2170431473076635,41.394505662275336,74.20707924447557,48.66483410969597,16,4,0,0,normal,0,-0.09613110800828767
2026-02-20 17:00:00,CELL_001,98.3029015006426,97.48232380755638,1.3778830824800226,53.11469191892359,66.62564176749207,44.355187850273744,17,4,0,0,normal,0,-0.10864091241320789
2026-02-20 17:00:00,CELL_002,99.13103800595005,96.87548661021592,1.0383148544395389,52.1322252552681,63.06084815489181,40.25975463011292,17,4,0,0,normal,0,-0.10439654223821865
2026-02-20 17:00:00,CELL_003,98.6298582408292,97.24181713402116,1.1166823371168926,55.64173583099231,58.15259684571628,46.39215913524323,17,4,0,0,normal,0,-0.11316308680221937
2026-02-20 17:00:00,CELL_004,97.96087629420131,97.30880998728722,0.9282685037467684,69.96340249082728,53.44958845596919,35.82454309026644,17,4,0,0,normal,0,-0.09262886894323275
2026-02-20 17:00:00,CELL_005,98.09102791465332,96.69972951603503,1.1390312240957443,59.87593269944124,60.76712116549614,36.474421462374856,17,4,0,0,normal,0,-0.09169736279414697
2026-02-20 17:00:00,CELL_006,97.8147691213444,97.08611869140512,1.3352033560219494,51.09475088053834,67.15019485168064,43.21975732357688,17,4,0,0,normal,0,-0.09830034174607327
2026-02-20 17:00:00,CELL_007,98.59994806090644,98.2435818536541,1.0276454488425608,61.76554137921857,53.98277807745202,39.2302397566724,17,4,0,0,normal,0,-0.11618735341884373
2026-02-20 17:00:00,CELL_008,99.04589228523898,97.98485979174131,1.1396599621545267,53.23174044717902,62.709162779239264,45.86560939690778,17,4,0,0,normal,0,-0.10907329203832117
2026-02-20 18:00:00,CELL_001,98.81719818197054,98.29427598980412,0.8053236121093517,58.57429827988072,43.42767897102623,37.68396174287811,18,4,0,0,normal,0,-0.10470468257388693
2026-02-20 18:00:00,CELL_002,99.56322765626072,98.09808233963231,0.862390304176454,66.19751501894908,57.05624518603001,39.37140665593601,18,4,0,0,normal,0,-0.09120312481427861
2026-02-20 18:00:00,CELL_003,98.4161115549046,97.95593706806991,0.8641347480087452,62.92339736578443,53.7709044554686,38.28915886555744,18,4,0,0,normal,0,-0.11434605631569172
2026-02-20 18:00:00,CELL_004,98.33306643109356,97.8844310753436,0.606033468276228,68.61469156679603,39.89184366795646,31.61010217139845,18,4,0,0,normal,0,-0.10478067355671344
2026-02-20 18:00:00,CELL_005,98.47427640793865,96.93443021567693,0.9607971930498516,57.80304507882372,49.158206970814426,35.72826936505265,18,4,0,0,normal,0,-0.10642317685779151
2026-02-20 18:00:00,CELL_006,98.25892820855884,96.7517560862248,1.221236423502819,55.01350795731592,53.86992068233827,38.39809823433186,18,4,0,0,normal,0,-0.09044589514535528
2026-02-20 18:00:00,CELL_007,98.56150939250068,97.51699774083532,0.9696633204755462,59.73390699494866,53.02698072798906,33.19255874184726,18,4,0,0,normal,0,-0.11813971638396548
2026-02-20 18:00:00,CELL_008,99.23793712591412,98.43720174210252,0.8143318218093271,57.99130848267801,51.85885576103444,33.78679495497783,18,4,0,0,normal,0,-0.10494589040963392
2026-02-20 19:00:00,CELL_001,99.5388658133898,98.62220045586834,0.7199626215373216,64.63545784699271,41.55015688955538,35.990006303483995,19,4,0,0,normal,0,-0.08504678753927758
2026-02-20 19:00:00,CELL_002,99.39600654891058,98.12244976087348,0.9577136648377934,54.32363167903063,46.96141066674853,37.78931873951032,19,4,0,0,normal,0,-0.09189500982194942
2026-02-20 19:00:00,CELL_003,98.91558539299888,98.39368117303351,0.5716398119693425,69.18044934819078,44.96377585096407,41.05965161243945,19,4,0,0,normal,0,-0.0971253064049668
2026-02-20 19:00:00,CELL_004,98.96210678202866,97.72691501575072,0.9318118815357088,68.66189458144002,42.3773655148588,27.51439678097084,19,4,0,0,normal,0,-0.1129489452348778
2026-02-20 19:00:00,CELL_005,98.2086336319542,97.70117864399086,0.8797753391051544,71.47450235567462,41.56181674838384,28.557588559622697,19,4,0,0,normal,0,-0.0989792543443816
2026-02-20 19:00:00,CELL_006,98.87030800909868,97.58669064344087,0.673673897137533,66.62442675464591,49.09468502353745,29.568243868260662,19,4,0,0,normal,0,-0.11790195948991555
2026-02-20 19:00:00,CELL_007,99.21827364151328,98.54382289077984,0.5727952075523272,72.620663625029,36.403948308331096,25.68129956322447,19,4,0,0,normal,0,-0.11228392648705338
2026-02-20 19:00:00,CELL_008,99.37166458185038,98.64155139273451,0.7252498773258917,60.10734887095186,49.74235632131916,32.25754656100956,19,4,0,0,normal,0,-0.09014245225158268
2026-02-20 20:00:00,CELL_001,99.26755365179312,98.27040906592876,0.6034156919435456,79.98267762426747,41.7777523414336,31.5203041513035,20,4,0,0,normal,0,-0.11104403673353319
2026-02-20 20:00:00,CELL_002,99.53351265770658,98.31956881018034,0.4945791752059349,78.93770892194445,47.343271698733645,21.863556074263546,20,4,0,0,normal,0,-0.08256837830174557
2026-02-20 20:00:00,CELL_003,99.285419899756,97.9101809914226,0.6298593563133068,74.56419830626369,32.741060365757875,27.16856363242644,20,4,0,0,normal,0,-0.11373251963022635
2026-02-20 20:00:00,CELL_004,98.6306319833923,97.72501451629392,0.7414527097814381,70.311507260035,35.487064696085106,30.470778432118696,20,4,0,0,normal,0,-0.11199186306650338
2026-02-20 20:00:00,CELL_005,98.648397687271,98.12861012357878,0.9730742392393964,70.41263292185153,36.95090303652814,23.63218215784641,20,4,0,0,normal,0,-0.09906870591209721
2026-02-20 20:00:00,CELL_006,98.78371124296798,97.59829249569358,0.970517203748763,74.90947349133714,45.58159605804845,28.924791201130937,20,4,0,0,normal,0,-0.10547161591842863
2026-02-20 20:00:00,CELL_007,99.37818146610994,98.188199214026,0.4788193983655371,81.50951564712275,36.06126523893129,32.94639141361042,20,4,0,0,normal,0,-0.10412410157381369
2026-02-20 20:00:00,CELL_008,99.35583074408945,98.92021903326982,0.6159121980916373,66.5253696895348,42.23821030704386,31.21730212664944,20,4,0,0,normal,0,-0.08608143400337553
2026-02-20 21:00:00,CELL_001,99.30630852914156,98.3819322958786,0.2253541775618144,82.81312169465441,29.295072064321552,23.81902809545848,21,4,0,0,normal,0,-0.09608180321009258
2026-02-20 21:00:00,CELL_002,99.40945793211804,99.07159856818328,0.3003170994665433,82.3093041803616,35.74229889308247,24.051249099746887,21,4,0,0,normal,0,-0.09320854443120064
2026-02-20 21:00:00,CELL_003,98.75959207488604,98.12009370525386,0.5895150174144982,75.91197152672892,29.869245771031064,25.890583630403945,21,4,0,0,normal,0,-0.10856581816519006
2026-02-20 21:00:00,CELL_004,99.32211001679208,97.5659063154335,0.1349779096895623,80.16118499257048,25.934001470100878,19.757152398362035,21,4,0,0,normal,0,-0.062430981452408996
2026-02-20 21:00:00,CELL_005,99.05824429014454,97.63390516873856,0.2738249692562846,74.36765726968761,28.174875515428425,23.227962316190485,21,4,0,0,normal,0,-0.09275555700078619
2026-02-20 21:00:00,CELL_006,98.52861844716035,97.9122084369586,0.4045665854630573,73.99681851769783,29.49657278284176,22.350727358603617,21,4,0,0,normal,0,-0.08812715111631708
2026-02-20 21:00:00,CELL_007,99.25534875274856,98.72038809822622,0.0899229272966931,88.56908338439044,23.6457537237692,24.199705675846463,21,4,0,0,normal,0,-0.05851546409453623
2026-02-20 21:00:00,CELL_008,99.69860496724952,98.88592302039302,0.3055307011756685,78.31416193047983,28.43151123419118,26.169445871725934,21,4,0,0,normal,0,-0.0847273319891263
2026-02-20 22:00:00,CELL_001,99.29199485864564,99.097656562872,0.2723758505353709,82.99258207528753,28.923538548267526,20.033757092914666,22,4,0,0,normal,0,-0.07717175095924605
2026-02-20 22:00:00,CELL_002,99.05662356250627,98.61448137884598,0.5706011093217249,88.03680302385115,23.744520746609854,16.990662765519353,22,4,0,0,normal,0,-0.04946809427483678
2026-02-20 22:00:00,CELL_003,98.8817821447056,98.41116847976738,0.6580039570511196,70.44227576890272,43.71729310155495,20.448811516186552,22,4,0,0,normal,0,-0.07726028403632934
2026-02-20 22:00:00,CELL_004,98.91575693086432,97.81179090776496,0.2446987671310982,80.10414923810626,23.51171069420652,17.143677279870534,22,4,0,0,normal,0,-0.055145570329995675
2026-02-20 22:00:00,CELL_005,98.64925563937096,98.29414483152804,0.1883227270387697,78.43033000062242,30.64629279934434,29.12824124743724,22,4,0,0,normal,0,-0.08335299333885937
2026-02-20 22:00:00,CELL_006,98.77791428815644,97.89323004805593,0.3977878278346994,85.46059288939223,33.82453854768656,17.181876654631907,22,4,0,0,normal,0,-0.06016630475139012
2026-02-20 22:00:00,CELL_007,99.50459336686858,98.68820898110565,0.3318808724183329,75.91830190050214,27.11249042406622,24.378017199998546,22,4,0,0,normal,0,-0.09036050575176097
2026-02-20 22:00:00,CELL_008,99.91966446942988,98.84420727444288,0.0774100612928676,89.74902806082088,30.282941029809365,28.882968048785127,22,4,0,0,normal,0,-0.028895319401073816
2026-02-20 23:00:00,CELL_001,99.5119601310239,98.93933794383972,0.2053921654675564,86.21561729256446,19.531448774159017,14.986490682517804,23,4,0,0,normal,0,-0.018316794425116245
2026-02-20 23:00:00,CELL_002,100.0,99.08323748438087,0.1786769483658347,89.48193704077167,23.09458554208496,16.810284594163775,23,4,0,0,normal,0,-0.005627697781705465
2026-02-20 23:00:00,CELL_003,99.43853153968406,98.40871029142802,0.4360351275134246,77.56645642016584,30.16908595315544,23.529555843621903,23,4,0,0,normal,0,-0.09626348726905865
2026-02-20 23:00:00,CELL_004,98.58418171502151,98.48889802180726,0.616828267956133,82.10162283876697,27.896509307224587,18.984068988409813,23,4,0,0,normal,0,-0.056780148437851785
2026-02-20 23:00:00,CELL_005,99.23299562050587,97.8741707191474,0.4390959111497577,89.07243996794746,28.78293463197189,19.23199823810747,23,4,0,0,normal,0,-0.05420429705257829
2026-02-20 23:00:00,CELL_006,98.8983202252604,98.35356950905584,0.200616682973167,83.96979908750053,25.555973866511167,20.786225528739955,23,4,0,0,normal,0,-0.07337598504506576
2026-02-20 23:00:00,CELL_007,99.82410149781876,98.58903102240927,0.3086184849799093,88.08195723363194,26.330702726547823,19.85499610055863,23,4,0,0,normal,0,-0.055608793357426356
2026-02-20 23:00:00,CELL_008,99.54025149282285,98.71764295130036,0.193494012768066,83.917988405344,22.85774222488341,22.99462866946348,23,4,0,0,normal,0,-0.07336867893807736
2026-02-21 00:00:00,CELL_001,99.30012198555396,99.241388653305,0.2580948197739302,83.52878747181771,28.392696850666677,26.107620605545375,0,5,1,0,normal,0,-0.02818644275012261
2026-02-21 00:00:00,CELL_002,100.0,98.70113737443658,0.2960472309817825,85.20265796125558,21.619390431695106,15.334220932861648,0,5,1,0,normal,0,-0.007429070785903491
2026-02-21 00:00:00,CELL_003,99.30918158078958,98.05386355200366,0.5582950027226882,83.47340559450562,33.506313999588826,23.869079110649917,0,5,1,0,normal,0,-0.059421962961124175
2026-02-21 00:00:00,CELL_004,98.4541842017555,97.83457030342196,0.4115437253669123,90.58099837089674,19.12067324328287,20.17328775655016,0,5,1,0,normal,1,0.006888902395460916
2026-02-21 00:00:00,CELL_005,98.83237752860504,98.01037923752293,0.2825924487820557,76.99815152768275,26.78675912787462,19.37878390694304,0,5,1,0,normal,0,-0.0397957081462591
2026-02-21 00:00:00,CELL_006,99.1029162258682,97.4748076679169,0.3612064396712763,83.92353040697782,22.07984946045958,16.745691700794424,0,5,1,0,normal,0,-0.024391589571414296
2026-02-21 00:00:00,CELL_007,99.8935442517503,99.14050028580236,0.239353157447642,83.42542001492879,22.03928946410812,22.26322655182509,0,5,1,0,normal,0,-0.01057032499233268
2026-02-21 00:00:00,CELL_008,99.79008269442082,98.43150243983322,0.0,87.5903610775209,26.339678517272475,19.371351119868137,0,5,1,0,normal,0,-0.006970337227014567
2026-02-21 01:00:00,CELL_001,100.0,98.63368528173002,0.2273333465893973,91.78291692913992,20.069906740925965,21.4069342344454,1,5,1,0,normal,0,-0.005940916209310032
2026-02-21 01:00:00,CELL_002,99.75517676896288,99.5575957748831,0.1786125178534419,81.79325409801146,27.549825599720588,17.396801803638777,1,5,1,0,normal,0,-0.006650908843220615
2026-02-21 01:00:00,CELL_003,99.54865084146329,98.77890749614797,0.4929775306885324,76.20148700674768,24.451099293765857,18.77773640538639,1,5,1,0,normal,0,-0.048296099070611054
2026-02-21 01:00:00,CELL_004,99.50873471630828,98.61845037844692,0.1268553129867352,90.05808797765359,18.13633310854884,19.33261885703877,1,5,1,0,normal,0,-0.009883925693166096
2026-02-21 01:00:00,CELL_005,99.10183323938178,98.55503284241604,0.1853715759293685,88.25498920720558,26.54854220129058,16.65332188443265,1,5,1,0,normal,0,-0.03969162326482789
2026-02-21 01:00:00,CELL_006,98.49891344101452,97.43056191929576,0.4675891465617943,77.04379578524002,27.64482291037787,21.690051733995023,1,5,1,0,normal,0,-0.044444255117048304
2026-02-21 01:00:00,CELL_007,100.0,99.23288880728774,0.1925983717400152,80.48365989958798,27.21461428112572,19.986016025112367,1,5,1,0,normal,0,-0.013063805438710552
2026-02-21 01:00:00,CELL_008,99.45733054301546,99.02834519960636,0.0861997365796997,82.02381770763982,22.677239187407608,22.55751631852066,1,5,1,0,normal,0,-0.03824162848331736
2026-02-21 02:00:00,CELL_001,99.54303379951848,98.17480344166722,0.3688835842269081,80.17055608991701,31.88747655429963,21.07591663279966,2,5,1,0,normal,0,-0.0781394067451745
2026-02-21 02:00:00,CELL_002,99.42540444392274,98.92899555165008,0.0,87.19215762983683,30.298058388354043,16.420365935205503,2,5,1,0,normal,0,-0.011399461626558582
2026-02-21 02:00:00,CELL_003,99.4059793944361,98.68099347153895,0.0963992851740823,81.00406942486126,30.548415875360348,21.984533987872137,2,5,1,0,normal,0,-0.06431250845456127
2026-02-21 02:00:00,CELL_004,98.77871191915342,98.1317870530618,0.0494097527564749,90.04135658048311,20.047655168461525,15.167477942777856,2,5,1,0,normal,1,0.01303237658527745
2026-02-21 02:00:00,CELL_005,98.75737010293427,98.07225167978136,0.2908314437867642,86.69776482285377,28.04127022723595,21.155286491745983,2,5,1,0,normal,0,-0.06189264775067399
2026-02-21 02:00:00,CELL_006,99.06480260127115,97.93241118722923,0.5063314493528627,70.30840189055971,34.475467257184235,25.19719880819483,2,5,1,0,normal,0,-0.0907946721741612
2026-02-21 02:00:00,CELL_007,99.2267412659204,98.75028557082462,0.3190337322129675,85.68359312028133,33.800892995574344,18.2765224553782,2,5,1,0,normal,0,-0.06187324809422695
2026-02-21 02:00:00,CELL_008,99.84900118079292,98.77024835270714,0.2426556375411367,76.39022577151755,26.629920993194656,17.335006024199004,2,5,1,0,normal,0,-0.03752319625575329
2026-02-21 03:00:00,CELL_001,99.37830804646022,98.37728494100716,0.4210556839921719,76.48726204158541,39.32379402458146,30.432136279686787,3,5,1,0,normal,0,-0.08225141405961994
2026-02-21 03:00:00,CELL_002,99.85310461344952,98.96102547300288,0.3267776388646006,80.1367158011919,31.27983044181207,27.283933986715788,3,5,1,0,normal,0,-0.05609532845211912
2026-02-21 03:00:00,CELL_003,99.04831731628238,98.2385226296361,0.0868686302657399,77.52968813758086,35.88486576674331,23.69747598004889,3,5,1,0,normal,0,-0.07046407345460282
2026-02-21 03:00:00,CELL_004,98.67974983509968,98.04328341828923,0.2359332369793823,72.62034685358083,35.879629569358684,22.64247599231549,3,5,1,0,normal,0,-0.06793959939108879
2026-02-21 03:00:00,CELL_005,99.05297957256676,98.65102760251554,0.334745559781042,81.83612035627867,32.82478299899649,25.008202448086884,3,5,1,0,normal,0,-0.08506693887959144
2026-02-21 03:00:00,CELL_006,99.53418507577824,98.305350119052,0.5039658661006926,75.87308978483576,32.465872671243794,21.66556208948701,3,5,1,0,normal,0,-0.08175726268988381
2026-02-21 03:00:00,CELL_007,99.37715408857352,99.16821754834778,0.5117231548273183,74.08938470618587,33.873440063988134,29.463876244423226,3,5,1,0,normal,0,-0.06544932303528173
2026-02-21 03:00:00,CELL_008,98.92984582121106,98.11052782875088,0.762046522115825,70.85932928633308,41.44437963497351,33.01753155216294,3,5,1,0,normal,0,-0.08959516974128612
2026-02-21 04:00:00,CELL_001,99.60027127948366,98.38629759958984,0.4161106720420092,83.32531838127694,31.263263363366946,22.01826134267559,4,5,1,0,normal,0,-0.08205306990043365
2026-02-21 04:00:00,CELL_002,99.63237913882266,98.7090888880123,0.6921132011534527,77.35194660561032,32.25881027892097,25.4947852472973,4,5,1,0,normal,0,-0.0744540956563906
2026-02-21 04:00:00,CELL_003,99.50863490051856,98.11489595980348,0.870586185669703,75.58965014569932,36.17770549436605,27.730886115320565,4,5,1,0,normal,0,-0.0807628982165231
2026-02-21 04:00:00,CELL_004,98.63997147022256,98.007387227498,0.5853412347616879,67.98165310383106,37.72197932543976,33.58402224193387,4,5,1,0,normal,0,-0.08844737313607715
2026-02-21 04:00:00,CELL_005,98.8206223849476,97.923284334425,0.7293352233698298,81.08077564371204,28.18453575210049,21.616158891241128,4,5,1,0,normal,0,-0.07174689383508198
2026-02-21 04:00:00,CELL_006,98.76647090971342,97.9758940289428,0.4475799916152366,78.00374101476322,30.335553367589466,23.31056262358097,4,5,1,0,normal,0,-0.08416267370824121
2026-02-21 04:00:00,CELL_007,99.12737692706617,98.24913100179585,0.5217735005479962,65.70999153204755,43.15525154676983,23.098491959946053,4,5,1,0,normal,0,-0.0792812603646284
2026-02-21 04:00:00,CELL_008,99.20687436510325,98.93279482987695,0.4316071866305288,77.37019503131282,36.23918751541397,24.28570572897734,4,5,1,0,normal,0,-0.08002204538058855
2026-02-21 05:00:00,CELL_001,99.6195747876849,98.51554964981932,0.2974086648511312,70.9234246617081,39.782205941081806,28.013011378709603,5,5,1,0,normal,0,-0.07772478125604465
2026-02-21 05:00:00,CELL_002,98.88735709179176,98.95753508617004,0.363385639041368,77.5990892521578,39.28640803863446,21.168630103249875,5,5,1,0,normal,0,-0.06403822788042551
2026-02-21 05:00:00,CELL_003,98.7126072446732,97.47093689315383,0.6921947209350341,54.95176910539851,54.07655295855938,41.55125887437104,5,5,1,0,normal,0,-0.08242945182396277
2026-02-21 05:00:00,CELL_004,98.79266768453331,98.27980459035317,0.6972812990993967,80.29641956275788,38.6521488635304,26.90408190973362,5,5,1,0,normal,0,-0.09333153016861562
2026-02-21 05:00:00,CELL_005,98.99322839653506,98.48636292094332,0.8297294319051952,77.65291634497731,26.05494145915553,25.538239136525053,5,5,1,0,normal,0,-0.07552892295674352
2026-02-21 05:00:00,CELL_006,98.47568224638536,97.89337151838308,0.9041653371411624,62.19565690360479,48.24252268743439,33.01379363935836,5,5,1,0,normal,0,-0.08797752716781992
2026-02-21 05:00:00,CELL_007,98.9079348721079,98.34814955966412,0.5569713636630358,68.22931871065482,43.88490816782177,32.04827234836445,5,5,1,0,normal,0,-0.09127895777835027
2026-02-21 05:00:00,CELL_008,99.20828797766954,98.08457021517208,0.4960526715705042,77.65995437000251,42.054108558409055,27.83821021884171,5,5,1,0,normal,0,-0.09450180430433919
2026-02-21 06:00:00,CELL_001,99.40657156563095,98.00689631153884,0.6424858269351978,74.77089167557378,48.06994646622506,31.49748209506795,6,5,1,0,normal,0,-0.0836332847233967
2026-02-21 06:00:00,CELL_002,99.13777968362294,98.16667926208058,0.9766123308958704,63.936620851338205,47.872052440047575,34.347882914187245,6,5,1,0,normal,0,-0.08733490798939458
2026-02-21 06:00:00,CELL_003,97.90015778893492,97.26796228707002,0.7447099258682155,61.60318052129573,56.4565529277953,34.526895920674285,6,5,1,0,normal,0,-0.055361452797823785
2026-02-21 06:00:00,CELL_004,98.3146592590634,97.14114498926116,0.5344245843402751,71.4500377086445,46.23580159551414,32.37143011834749,6,5,1,0,normal,0,-0.06707012676234947
2026-02-21 06:00:00,CELL_005,98.4357392840528,98.43392365481137,0.5497633467325191,71.0908720021177,47.28112575908028,29.75145903722245,6,5,1,0,normal,0,-0.0749184743459328
2026-02-21 06:00:00,CELL_006,98.79653060457215,97.79969342868134,1.1012791545616178,70.14385409727402,47.23400749146312,26.908933878160045,6,5,1,0,normal,0,-0.07634305293449023
2026-02-21 06:00:00,CELL_007,99.2142944460172,98.08864856635132,0.7711563730249336,66.38075155515068,46.15027982949718,25.93033210674689,6,5,1,0,normal,0,-0.08695339070859975
2026-02-21 06:00:00,CELL_008,99.17742915265376,98.37372070375956,0.6681971820762859,69.9145012695936,48.690382532212496,30.00976284242305,6,5,1,0,normal,0,-0.08987785343207799
2026-02-21 07:00:00,CELL_001,99.14642781630658,98.05103227525731,1.1911741470247514,48.371743848274185,58.25968147890664,41.23333082164686,7,5,1,0,normal,0,-0.06870328661333902
2026-02-21 07:00:00,CELL_002,99.14577607500426,97.62803636769092,0.9110160553337322,64.97104773358791,49.28404919452528,34.26561197967521,7,5,1,0,normal,0,-0.0907473200977828
2026-02-21 07:00:00,CELL_003,98.38737830472138,97.16814258121138,1.0706244005107153,55.52619388546299,69.29874561161014,41.30042638578327,7,5,1,0,normal,0,-0.07586927499991042
2026-02-21 07:00:00,CELL_004,98.71910988863492,96.92418251326244,1.013104954900155,60.91076509055902,53.37363746174009,30.34958294495611,7,5,1,0,normal,0,-0.06849689349406812
2026-02-21 07:00:00,CELL_005,98.70785025567604,97.37530317726866,0.5768196723980117,65.42646474777897,50.01399272733088,25.945990225705508,7,5,1,0,normal,0,-0.07362981785742234
2026-02-21 07:00:00,CELL_006,97.93827019689756,96.27904350495464,1.0231664782391192,49.25622077233641,64.4955711890715,37.01641294618975,7,5,1,0,normal,0,-0.045269538433565626
2026-02-21 07:00:00,CELL_007,98.5326067925462,98.34847319058449,1.0214352589277087,63.92062157105515,51.73008587896396,36.38675387682589,7,5,1,0,normal,0,-0.07799195020321237
2026-02-21 07:00:00,CELL_008,98.78123678912688,98.00519240770345,0.826041084090162,62.947592360458565,46.92049541033706,34.3223504572185,7,5,1,0,normal,0,-0.09673690219318481
2026-02-21 08:00:00,CELL_001,98.80031168997168,97.81082487145127,0.9503696184027648,67.17228957779488,52.7141292476352,37.12656010095439,8,5,1,0,normal,0,-0.09014157627107205
2026-02-21 08:00:00,CELL_002,98.46784039205168,97.91999552736269,0.8619589975430403,57.309163716932034,63.2788154486374,39.40901063377067,8,5,1,0,normal,0,-0.08906698265817709
2026-02-21 08:00:00,CELL_003,98.33467275222596,97.358992519083,0.871670141824878,44.06264116030162,71.18608949835843,39.73076524756031,8,5,1,0,normal,0,-0.06728288499114754
2026-02-21 08:00:00,CELL_004,98.4845202084904,97.3277578309642,0.7877671156167565,66.94484986052467,53.52235696624651,36.40343856249743,8,5,1,0,normal,0,-0.08915731714305425
2026-02-21 08:00:00,CELL_005,98.60658354051196,98.23843748592812,0.8583729332821756,52.91086529353537,47.96676254073712,37.34865189698156,8,5,1,0,normal,0,-0.07803589809359751
2026-02-21 08:00:00,CELL_006,98.53004453365097,96.7936601342018,0.9921989344644468,48.88919003079467,62.6251786612118,39.24573055768655,8,5,1,0,normal,0,-0.07663343912955639
2026-02-21 08:00:00,CELL_007,99.25781376438002,97.770032094788,0.979179978472502,55.92618515512076,64.71151892862586,44.53780515847637,8,5,1,0,normal,0,-0.07051716144323655
2026-02-21 08:00:00,CELL_008,99.37722177171516,98.04812861576627,0.9868045023188778,43.66782788868108,68.55523764120899,37.83144574737794,8,5,1,0,normal,0,-0.04973836484210237
2026-02-21 09:00:00,CELL_001,98.63136443562024,97.58605562665508,1.151602152661032,47.70350322209725,60.4566425043732,39.26929556542824,9,5,1,0,normal,0,-0.09209246819377187
2026-02-21 09:00:00,CELL_002,98.4978025838796,97.70981212678734,0.933363764878364,56.33870502164577,71.60931418254843,44.56529293807896,9,5,1,0,normal,0,-0.07847092761079816
2026-02-21 09:00:00,CELL_003,98.44799503382004,96.5126607322608,1.2653106985332814,40.61030147045354,72.96817755655098,48.36233267009016,9,5,1,0,normal,0,-0.04789611322792742
2026-02-21 09:00:00,CELL_004,98.52763319566296,97.5579574789504,0.8276145304550433,58.90753996622116,57.8864846192528,43.59359245295437,9,5,1,0,normal,0,-0.08731707684549112
2026-02-21 09:00:00,CELL_005,98.22801773701754,97.08488939336492,1.0656210580549232,53.27009907526375,63.58440727963011,47.119010298930746,9,5,1,0,normal,0,-0.07700044237463155
2026-02-21 09:00:00,CELL_006,97.84070507959562,97.60728473730522,1.2357637293034938,47.28281591448323,66.26937045208352,42.4219128532032,9,5,1,0,normal,0,-0.0726665476263944
2026-02-21 09:00:00,CELL_007,98.43127114643364,97.91122743216556,1.1651930636587524,55.63474322125964,71.84916858017303,37.92160275458885,9,5,1,0,normal,0,-0.07959831090711605
2026-02-21 09:00:00,CELL_008,99.07992529255536,98.01114075169929,1.5762067702232454,49.77333553467759,70.04781382767975,44.3796735980874,9,5,1,0,normal,0,-0.06261361561314627
2026-02-21 10:00:00,CELL_001,98.81472551267716,97.46351634047424,1.5225223377495125,45.227254726123206,73.52657428722704,45.9328968078437,10,5,1,0,normal,0,-0.06653952616311476
2026-02-21 10:00:00,CELL_002,99.0064968117915,96.49928185610771,0.963109315043284,58.30472391610594,71.19372762301427,47.27880190820002,10,5,1,0,normal,0,-0.04418065215055489
2026-02-21 10:00:00,CELL_003,98.0128346756841,96.6952098275949,1.303884639005621,40.889801944651005,82.9060821358747,49.63112364743997,10,5,1,0,normal,0,-0.03044512487037898
2026-02-21 10:00:00,CELL_004,97.49983629716884,96.80841361752368,1.2791889218674248,40.27906859640217,72.96795605018717,45.65918135795865,10,5,1,0,normal,0,-0.04022554682598756
2026-02-21 10:00:00,CELL_005,97.99644749569666,96.73614037556284,1.1345147464212957,54.59723318769563,71.56945936111028,39.35201091550634,10,5,1,0,normal,0,-0.07177727656020105
2026-02-21 10:00:00,CELL_006,98.61801636630504,96.54677485015588,1.3573775729743955,42.44664292621373,73.63648492286318,45.17450220602962,10,5,1,0,normal,0,-0.061812364518226304
2026-02-21 10:00:00,CELL_007,98.2772181867906,97.41310780061812,1.2139232059630107,41.54792239962134,71.51150677501934,47.86140642905428,10,5,1,0,normal,0,-0.07308917335513071
2026-02-21 10:00:00,CELL_008,98.57543005857544,97.7752903554653,1.174869852769875,54.48204299105397,56.85959913470316,42.49406686308975,10,5,1,0,normal,0,-0.09391269740527391
2026-02-21 11:00:00,CELL_001,98.5735484612764,97.60097071916871,0.9510504716964936,40.10050240444883,62.06789048521855,46.779556918717056,11,5,1,0,normal,0,-0.06860191906100088
2026-02-21 11:00:00,CELL_002,98.6858998283778,96.87906057516813,1.1517784877129955,50.16797255615604,72.93931709303146,44.37713310993758,11,5,1,0,normal,0,-0.07868942468434326
2026-02-21 11:00:00,CELL_003,98.48038183434664,96.99436739560298,1.3310909792612295,46.91979812594548,64.00380610367897,46.26089255530592,11,5,1,0,normal,0,-0.08677840376650164
2026-02-21 11:00:00,CELL_004,98.19973039927036,97.3304421214788,1.5454886171669788,39.72633941516263,68.06296871996248,39.037262140904815,11,5,1,0,normal,0,-0.05932883682037143
2026-02-21 11:00:00,CELL_005,97.98634946336448,96.7465848839665,1.2932284593582877,50.367151869941466,69.87010718044074,45.26683381436298,11,5,1,0,normal,0,-0.07875166894954644
2026-02-21 11:00:00,CELL_006,97.46946454905375,97.20279656785,1.2157370270915344,51.58819547951013,83.04239379360776,50.26406889742501,11,5,1,0,normal,0,-0.032323006639454976
2026-02-21 11:00:00,CELL_007,98.54420278769142,97.0862150652674,1.1035077446469823,46.40420431111835,64.46642895277796,43.72298157463738,11,5,1,0,normal,0,-0.09245719127516888
2026-02-21 11:00:00,CELL_008,98.47306127390677,96.96859596035846,1.3418177488646164,42.02315038439799,79.66244020347433,45.29287957791106,11,5,1,0,normal,0,-0.06726965606468494
2026-02-21 12:00:00,CELL_001,98.61938696083332,97.39719308639596,1.0734894929708938,44.09912562924366,72.59203331138153,45.6636179716833,12,5,1,0,normal,0,-0.08210134892832638
2026-02-21 12:00:00,CELL_002,98.43916728704912,97.7235932186044,1.041452336159113,50.12142391044734,70.21708708039517,45.80401121979389,12,5,1,0,normal,0,-0.08738567026861921
2026-02-21 12:00:00,CELL_003,98.35358008859,97.39438168358387,1.3996523953554068,45.57715677195393,80.50788026191856,41.112322684684834,12,5,1,0,normal,0,-0.07178286028595554
2026-02-21 12:00:00,CELL_004,98.06570310963572,96.1772301006397,1.5636852825326504,46.72427667212653,65.35733916241963,47.39532702764741,12,5,1,0,normal,0,-0.04877625648172046
2026-02-21 12:00:00,CELL_005,97.90302876628846,96.97047609704464,1.0810165640678373,63.5160357157631,68.43072748053542,44.29991470421403,12,5,1,0,normal,0,-0.055873112818524584
2026-02-21 12:00:00,CELL_006,97.76399689655558,95.8782768423586,1.1799585990856012,49.87335646958124,70.56177404956469,47.91122805592312,12,5,1,0,normal,0,-0.03897522172959822
2026-02-21 12:00:00,CELL_007,98.63710400137336,97.21105056059857,1.29135602503854,39.5505576117976,65.32158414905625,44.66607315427981,12,5,1,0,normal,0,-0.07970222568319313
2026-02-21 12:00:00,CELL_008,98.38991892383255,97.21021626300325,1.3718405889349918,47.19120267524107,76.01089382806748,46.59080213417771,12,5,1,0,normal,0,-0.08298753921586222
2026-02-21 13:00:00,CELL_001,98.6741675759023,97.51506804063278,1.5430015220232884,39.44205465934692,73.27376708463824,49.23128715511302,13,5,1,0,normal,0,-0.05671618398191458
2026-02-21 13:00:00,CELL_002,98.4870940894235,97.94034218002176,1.4100707468075382,45.5418353936406,66.58214617974028,44.80397399861218,13,5,1,0,normal,0,-0.0829801730431175
2026-02-21 13:00:00,CELL_003,98.02812323225912,96.96297929406752,1.2420548636665645,49.8703290613273,68.4577280461878,46.01788614481407,13,5,1,0,normal,0,-0.08264347520232151
2026-02-21 13:00:00,CELL_004,98.05503425636624,96.70438084962473,1.1900289807194453,39.63978590353285,67.48150005399181,45.47695833885766,13,5,1,0,normal,0,-0.06483731319469355
2026-02-21 13:00:00,CELL_005,98.14825828072524,97.41995913889455,1.066566189202775,48.61935104218842,73.25333447136796,43.10384912822605,13,5,1,0,normal,0,-0.08517389353731702
2026-02-21 13:00:00,CELL_006,98.00587756599062,96.24210344606232,1.6163949956387034,41.20465181088143,73.83354694205362,49.34167274761679,13,5,1,0,normal,0,-0.03394551141955027
2026-02-21 13:00:00,CELL_007,98.94779439218554,97.85490758917092,0.8808825471849837,54.8016417591364,65.53112695455448,34.53079565768652,13,5,1,0,normal,0,-0.0885700516991631
2026-02-21 13:00:00,CELL_008,98.74209419987837,97.5488728509728,1.0354247722822063,49.41019219635822,76.42478467909382,46.531184518222986,13,5,1,0,normal,0,-0.07590151146397855
2026-02-21 14:00:00,CELL_001,98.942173582698,97.31497951813662,1.121588273414865,48.03038098727608,69.18826667335523,39.48433640021554,14,5,1,0,normal,0,-0.08733096018212472
2026-02-21 14:00:00,CELL_002,98.40564734201072,97.49147782121756,0.998085952447344,46.87069212725422,70.89620041755286,45.79462140117853,14,5,1,0,normal,0,-0.08445469901599478
2026-02-21 14:00:00,CELL_003,98.23347668849637,96.62195705786831,1.244054329898857,41.31210178734637,70.83576488670998,44.59862827889432,14,5,1,0,normal,0,-0.06826896143483413
2026-02-21 14:00:00,CELL_004,98.1059505240666,97.18933772551917,1.1214256241434322,62.460635564116345,58.646034735644,36.57688012784077,14,5,1,0,normal,0,-0.076959023782329
2026-02-21 14:00:00,CELL_005,98.33744061941374,97.5168323232334,1.0314157073847714,52.2379484407318,63.32928491755025,37.02502595537195,14,5,1,0,normal,0,-0.09924646120919944
2026-02-21 14:00:00,CELL_006,98.19391982966862,96.75671293268977,1.0516178632550686,53.14104089804516,67.07387579529953,42.25275168871609,14,5,1,0,normal,0,-0.0857470050262163
2026-02-21 14:00:00,CELL_007,98.72715884007364,97.12565907110896,1.0462465301149917,54.02207183881524,68.72987542791367,45.425053998865,14,5,1,0,normal,0,-0.08457325633671425
2026-02-21 14:00:00,CELL_008,98.3293663542932,97.36628086803113,1.2500057902051194,47.23602659438304,68.7762526996142,41.86254885832703,14,5,1,0,normal,0,-0.09226977427539257
2026-02-21 15:00:00,CELL_001,98.37197272619969,98.18902857131224,1.0077910228922389,53.02639493539219,62.03154606785139,40.77925111063273,15,5,1,0,normal,0,-0.09426172103759578
2026-02-21 15:00:00,CELL_002,98.87654448686048,98.03129988158445,0.8900991768630284,50.64931987778042,65.41950293836368,36.07196608812714,15,5,1,0,normal,0,-0.08118485780263313
2026-02-21 15:00:00,CELL_003,98.13227774282862,97.07102849820974,1.2842697107289172,40.92487815809422,70.92498138479276,43.905358091515794,15,5,1,0,normal,0,-0.06858638998294053
2026-02-21 15:00:00,CELL_004,97.75860307721176,96.62849549173662,1.1091991280685671,55.55476008191482,65.9599725380965,44.53832703269196,15,5,1,0,normal,0,-0.053029254094269396
2026-02-21 15:00:00,CELL_005,98.57956148732836,97.52211972727564,1.4110933427873618,52.11120211803237,62.30068178548845,41.28304218934088,15,5,1,0,normal,0,-0.0935185522069013
2026-02-21 15:00:00,CELL_006,97.92348218504512,97.10009773889789,1.292789205995135,49.90751271462037,63.97494026009981,48.20502997868109,15,5,1,0,normal,0,-0.0708986481406671
2026-02-21 15:00:00,CELL_007,98.83645500965238,97.9951565988242,1.137074221249195,48.43201952117459,72.34906137135508,40.76963553759786,15,5,1,0,normal,0,-0.08226542441343415
2026-02-21 15:00:00,CELL_008,99.01441637235442,97.87512783365412,1.2571681582883771,47.18699114686486,70.82914452576006,45.47720942327513,15,5,1,0,normal,0,-0.07110262052136795
2026-02-21 16:00:00,CELL_001,99.12338987090038,97.80890995025828,0.7359873379354451,63.31355127304797,56.041039387109656,35.776739834278644,16,5,1,0,normal,0,-0.09158819301961352
2026-02-21 16:00:00,CELL_002,99.1774268159082,97.98376656924624,1.1200215883426694,43.21692652227077,54.13377920543131,39.04154703803973,16,5,1,0,normal,0,-0.0668445119921221
2026-02-21 16:00:00,CELL_003,98.36103180748714,96.92913180903678,1.4135330690264245,48.86669800587722,69.06557955873507,40.82318017353515,16,5,1,0,normal,0,-0.06854988883968738
2026-02-21 16:00:00,CELL_004,97.97474177008078,96.8801533570889,0.7150631523488131,58.13929414220739,55.68417564470165,38.03432701568329,16,5,1,0,normal,0,-0.06772242546193158
2026-02-21 16:00:00,CELL_005,98.59140768836076,96.72474008790824,1.0491894599045437,52.25878725636624,58.87557148211034,43.71085201845786,16,5,1,0,normal,0,-0.07931463359844748
2026-02-21 16:00:00,CELL_006,98.4873027057866,96.55522998207655,0.9997886429307036,47.93224928036625,61.36633546887877,38.53146716047434,16,5,1,0,normal,0,-0.07440969371345874
2026-02-21 16:00:00,CELL_007,99.08315435723664,97.83644595319788,1.150986686971558,52.73040649555827,60.26023859473515,38.64945867691051,16,5,1,0,normal,0,-0.09214579815312873
2026-02-21 16:00:00,CELL_008,99.0961382447372,97.61031338407568,1.053244936726605,47.75657564122649,65.99840011187419,39.57073823169371,16,5,1,0,normal,0,-0.08159101827829357
2026-02-21 17:00:00,CELL_001,99.0352592799676,97.65613609017628,0.8340355906566755,65.14961630777537,53.457750032876014,36.16654281979931,17,5,1,0,normal,0,-0.08809625296681511
2026-02-21 17:00:00,CELL_002,99.26455016275024,97.92984986341176,0.871648220313894,54.308333799636856,55.918061715233904,38.512799206139256,17,5,1,0,normal,0,-0.08000193166507891
2026-02-21 17:00:00,CELL_003,98.44202737144936,97.804530473465,1.1747760088877537,54.39332562918876,55.681256849066685,40.60645197132103,17,5,1,0,normal,0,-0.07991104214831729
2026-02-21 17:00:00,CELL_004,98.65770291875069,97.0263392828743,0.9028823147775864,54.42417597066738,53.88030159013699,30.29755522901189,17,5,1,0,normal,0,-0.07228454160734737
2026-02-21 17:00:00,CELL_005,98.31011874103191,97.68096871764853,0.7513932831053609,64.65406474262126,47.51522443186549,30.46719909371866,17,5,1,0,normal,0,-0.0799605202197396
2026-02-21 17:00:00,CELL_006,98.1000707256396,97.3327296367243,1.1620599123979505,59.757673924444106,53.24374322710746,36.566927472865096,17,5,1,0,normal,0,-0.07044646022163725
2026-02-21 17:00:00,CELL_007,98.74797945204185,97.529771843554,0.9528799162753624,55.87211570998437,50.72484021066557,38.55897051495852,17,5,1,0,normal,0,-0.09112436916187217
2026-02-21 17:00:00,CELL_008,99.08941052881995,98.06209412825268,1.1100310627672154,63.588074857237686,54.24528686557911,35.49838263011177,17,5,1,0,normal,0,-0.08164756040533988
2026-02-21 18:00:00,CELL_001,99.38062368401128,98.34610740618494,0.7384811692618694,69.77756888770307,46.82567191326175,31.26835093965432,18,5,1,0,normal,0,-0.07591556593386733
2026-02-21 18:00:00,CELL_002,98.9836444905454,98.13738218635568,0.7941250871639098,64.40043632316146,53.561883448837925,30.27872772975666,18,5,1,0,normal,0,-0.08402232850835206
2026-02-21 18:00:00,CELL_003,98.70672845682012,97.5690804563702,0.8508310578144699,58.11546372507164,58.92156866085823,37.60884595732452,18,5,1,0,normal,0,-0.0840599378685214
2026-02-21 18:00:00,CELL_004,98.632572477253,97.4817948323698,0.8842392565470494,63.61924896796684,51.63284949784947,29.367423947194,18,5,1,0,normal,0,-0.07792770859536513
2026-02-21 18:00:00,CELL_005,98.65998555219954,97.15108455244764,0.5321124882182164,63.79448986305996,39.87508909740588,31.370784718455077,18,5,1,0,normal,0,-0.06399590159182911
2026-02-21 18:00:00,CELL_006,98.07563685259348,97.2980214603938,0.7846015518716742,57.42992786664277,51.58274217613265,36.82943302792234,18,5,1,0,normal,0,-0.07174025384790123
2026-02-21 18:00:00,CELL_007,99.57271070592064,98.35965869353588,0.6720028553737291,74.29372701608396,43.638480337718335,30.0825257742498,18,5,1,0,normal,0,-0.06911129029746088
2026-02-21 18:00:00,CELL_008,99.15643528090268,98.49261547800528,0.6349762442149095,73.33689577187127,39.39661380072511,34.28769068264323,18,5,1,0,normal,0,-0.0784469945153834
2026-02-21 19:00:00,CELL_001,99.56446965568796,98.23208477683728,0.3261605584034551,69.00449403787196,39.11984596172028,29.08216037427665,19,5,1,0,normal,0,-0.06612163786914094
2026-02-21 19:00:00,CELL_002,99.15424255149436,98.35381989093464,0.7085338943792994,67.18458732096794,43.33289889943519,37.48111662084001,19,5,1,0,normal,0,-0.07071554624575499
2026-02-21 19:00:00,CELL_003,98.86447912535272,97.10530287390549,0.9129092547958064,76.26981390097306,39.83060388581021,33.21983657502777,19,5,1,0,normal,0,-0.06271959159962859
2026-02-21 19:00:00,CELL_004,98.6324161312538,97.43336932631284,0.4681977093187845,58.556828117977474,41.2503606863913,26.52887249265982,19,5,1,0,normal,0,-0.06391973079666008
2026-02-21 19:00:00,CELL_005,98.65670483900826,98.17185116136788,0.6077028084923922,60.631750746464135,35.33178465800527,25.43865458006229,19,5,1,0,normal,0,-0.07485485298998978
2026-02-21 19:00:00,CELL_006,98.2503847258058,97.93675168921874,0.6331570134860154,72.18868738848394,54.48661722232977,28.328392811460308,19,5,1,0,normal,0,-0.06251069057778097
2026-02-21 19:00:00,CELL_007,99.1967521723128,98.03130357974854,0.8258657903174148,74.12627370343642,41.77557180630421,26.01394498221136,19,5,1,0,normal,0,-0.08061339158395148
2026-02-21 19:00:00,CELL_008,98.84484779603392,98.4578769617845,0.6509131271424966,73.6295694874092,40.98845558720484,32.90695559069562,19,5,1,0,normal,0,-0.08084650693888457
2026-02-21 20:00:00,CELL_001,99.81973636077548,98.83414632711666,0.4217725117996995,71.8603528927021,37.55425294280376,29.08704905132977,20,5,1,0,normal,0,-0.04750352708011085
2026-02-21 20:00:00,CELL_002,99.58339497174866,98.78463404083509,0.2052748778564037,79.0770369039862,33.947293391312094,21.392359400468067,20,5,1,0,normal,0,-0.04819792408237267
2026-02-21 20:00:00,CELL_003,98.93424931887505,99.40569412104442,0.7309323377768562,74.04452876484989,35.19793353497868,31.37491724833244,20,5,1,0,normal,0,-0.04380225379558267
2026-02-21 20:00:00,CELL_004,98.71272968247538,98.40059621013113,0.7102239203647854,84.23196437932727,34.62212527413135,24.988611424405903,20,5,1,0,normal,0,-0.0626216684064339
2026-02-21 20:00:00,CELL_005,99.18769059888852,97.9385481922357,0.6280805653464392,76.44653399478506,22.822451174619644,23.469815752421148,20,5,1,0,normal,0,-0.058446651395585025
2026-02-21 20:00:00,CELL_006,98.70492177570088,97.72993381046024,0.4874004784446989,67.0177242804728,40.56157508461376,24.77973096244591,20,5,1,0,normal,0,-0.07076608371691645
2026-02-21 20:00:00,CELL_007,99.58220717156568,98.05781132327864,0.2879386171564301,81.24703575742379,34.850289882087694,29.158973590376977,20,5,1,0,normal,0,-0.06039930784770303
2026-02-21 20:00:00,CELL_008,98.87551166416974,98.06059230493052,0.6497200137757203,71.36401759507787,38.35234473237493,34.6731128053887,20,5,1,0,normal,0,-0.08000662843722783
2026-02-21 21:00:00,CELL_001,99.9099888677652,99.6054429821997,0.2386186144630927,91.0277931961302,22.482617157381554,24.052076989115065,21,5,1,0,normal,1,0.01910168100843146
2026-02-21 21:00:00,CELL_002,99.81112367126696,98.68039147995007,0.4289901855429983,77.08140345694845,29.41122041815956,23.58831279826525,21,5,1,0,normal,0,-0.05280428968546719
2026-02-21 21:00:00,CELL_003,99.5463751947246,98.25545514852716,0.3532900772365889,72.55836772586746,43.98829823212867,28.17755707161937,21,5,1,0,normal,0,-0.05541928347870151
2026-02-21 21:00:00,CELL_004,99.1439989829904,98.21169293590933,0.6056462001304745,82.39608061677627,24.893612193602017,22.369084924804444,21,5,1,0,normal,0,-0.053973153396909834
2026-02-21 21:00:00,CELL_005,98.68650125262788,98.25480851425166,0.5926750481631979,78.737698079233,32.712853260323335,25.41323742915374,21,5,1,0,normal,0,-0.06499770360189677
2026-02-21 21:00:00,CELL_006,98.79943028584168,97.67505691758396,0.3877733057130831,76.93176132174376,28.683829788312806,23.13547642060771,21,5,1,0,normal,0,-0.056307020073769753
2026-02-21 21:00:00,CELL_007,99.31976888448888,98.64032044749186,0.4833007208763848,78.13325206913318,39.42471131363097,25.975336496918025,21,5,1,0,normal,0,-0.06795711224823031
2026-02-21 21:00:00,CELL_008,99.19703024994728,99.16919771200264,0.3831984044117465,78.09717505907662,34.32643817822037,25.3114935498955,21,5,1,0,normal,0,-0.05797794135033846
2026-02-21 22:00:00,CELL_001,99.92909132046644,98.58801522197056,0.3065196122769072,79.13902351633095,30.697675209768025,22.2760028427828,22,5,1,0,normal,0,-0.04386012985276322
2026-02-21 22:00:00,CELL_002,99.75795908629672,99.39577541323726,0.3082731648441151,80.76245755603439,28.19698134695943,17.42005352811565,22,5,1,0,normal,0,-0.01339492445375734
2026-02-21 22:00:00,CELL_003,99.01249602290662,98.34031086979084,0.279932877182182,74.49558084675216,35.68004330473796,21.24932689384935,22,5,1,0,normal,0,-0.05658323808247262
2026-02-21 22:00:00,CELL_004,99.22880292166464,98.39396722515497,0.2755483302606688,84.09869642933988,25.482458260027617,22.36807314633449,22,5,1,0,normal,0,-0.057682883936900464
2026-02-21 22:00:00,CELL_005,99.253441172982,98.15827045289508,0.454880708655943,88.15360422707943,33.15553974062091,20.37755841106136,22,5,1,0,normal,0,-0.04327737238712426
2026-02-21 22:00:00,CELL_006,98.67831364948098,98.27411130473958,0.1904999597727356,86.11093630976764,29.33656711809292,18.633701262084365,22,5,1,0,normal,0,-0.03054054701217246
2026-02-21 22:00:00,CELL_007,99.3352584408318,98.83548778554096,0.4199978254931444,83.59082668226404,32.61367232671098,20.820753862763947,22,5,1,0,normal,0,-0.0519999835534839
2026-02-21 22:00:00,CELL_008,99.7977241698202,98.89605695751652,0.316748085378601,86.10072633874248,27.43154603874662,22.35314645891357,22,5,1,0,normal,0,-0.041703290133738746
2026-02-21 23:00:00,CELL_001,100.0,99.06704462303831,0.0419696023849201,93.28104126028649,27.44987517605441,17.005363224465786,23,5,1,0,normal,1,0.04543208808788202
2026-02-21 23:00:00,CELL_002,99.98323184313529,98.61098532742696,0.3130730170438933,74.03462153553129,26.658371668332915,21.998578886282832,23,5,1,0,normal,0,-0.02771191706641729
2026-02-21 23:00:00,CELL_003,98.66537187753929,97.83914458077412,0.3361581180736734,82.82895189915878,39.136979761049126,29.04726541574027,23,5,1,0,normal,0,-0.039347266128784364
2026-02-21 23:00:00,CELL_004,98.77582161542968,98.37692948633028,0.3640228358217016,94.01954759144348,21.77752491276908,22.57700001690573,23,5,1,0,normal,0,-0.015106515040557933
2026-02-21 23:00:00,CELL_005,98.78716283879426,97.71937239837328,0.1526762525484601,82.12172170786553,17.037928204227377,18.705507859260397,23,5,1,0,normal,0,-0.0012394556096894105
2026-02-21 23:00:00,CELL_006,98.89517874492508,98.59171483372327,0.5665892066504348,78.61255446074642,27.937864919179766,19.536579532455523,23,5,1,0,normal,0,-0.04441862116134243
2026-02-21 23:00:00,CELL_007,99.59269112533607,99.25249563731217,0.1103114970423412,95.36997792783652,20.28457959250749,22.00586932062861,23,5,1,0,normal,1,0.025207680059403437
2026-02-21 23:00:00,CELL_008,99.7696921564538,98.6857560470078,0.2940014968272799,83.53615720507412,22.498117026650156,25.209928047715643,23,5,1,0,normal,0,-0.028409578936276603
2026-02-22 00:00:00,CELL_001,99.72355905261392,98.3362873503633,0.3976492568949903,83.78469400559567,20.93326748569401,19.991641667999296,0,6,1,0,normal,0,-0.028992350958914836
2026-02-22 00:00:00,CELL_002,100.0,99.54533621901275,0.1208095323730501,86.68225083773451,26.70192567296385,26.44885250879122,0,6,1,0,normal,1,0.03965928251086215
2026-02-22 00:00:00,CELL_003,99.43181165702504,97.90935128498332,0.610566921770153,81.86701022038336,33.5791073130414,20.012324185915165,0,6,1,0,normal,0,-0.04066007938653604
2026-02-22 00:00:00,CELL_004,98.62359511629492,98.83626831546204,0.5384934517755606,80.25925337131038,18.388367415043707,24.84673810702569,0,6,1,0,normal,0,-0.016524255416469846
2026-02-22 00:00:00,CELL_005,99.00742561672634,98.64372456599264,0.1502731614493324,82.17972054320164,24.26334849010289,21.328978118348573,0,6,1,0,normal,0,-0.03673089684539921
2026-02-22 00:00:00,CELL_006,98.64451994140056,97.90619713481844,0.4735019465279007,86.36431119512983,27.29271488995837,19.350186946431027,0,6,1,0,normal,0,-0.030099817451296973
2026-02-22 00:00:00,CELL_007,99.66246881753376,98.95073800542433,0.323936258723115,87.12804495775862,24.862906235181622,23.559118566769435,0,6,1,0,normal,0,-0.025625156412082517
2026-02-22 00:00:00,CELL_008,99.37418321036849,98.27530156024925,0.2292103980785433,81.78584865469924,38.49012166571677,19.72967627622874,0,6,1,0,normal,0,-0.03905856769639093
2026-02-22 01:00:00,CELL_001,99.61545930906134,99.04462923305267,0.3905319750654616,83.38764208917486,26.00831960607756,19.483260521647605,1,6,1,0,normal,0,-0.03970192166353903
2026-02-22 01:00:00,CELL_002,99.26942786628234,98.90150938243544,0.247656371498197,80.5608227558574,31.071477252009124,22.3266626512702,1,6,1,0,normal,0,-0.05895550305303521
2026-02-22 01:00:00,CELL_003,99.40148519326682,98.34723003834662,0.3470301299565025,73.67091346707728,26.129993157990903,22.69897934198129,1,6,1,0,normal,0,-0.06254713865548395
2026-02-22 01:00:00,CELL_004,99.07658072233887,98.99099804463738,0.3976560387023188,83.99113587190332,23.373535424660293,21.016168742960264,1,6,1,0,normal,0,-0.04613306271255391
2026-02-22 01:00:00,CELL_005,98.81279309995185,98.67075783152528,0.5032311722860177,90.1530983466075,24.14317039670265,22.008492671165005,1,6,1,0,normal,0,-0.027340907027369687
2026-02-22 01:00:00,CELL_006,98.97663074583755,98.1413087813433,0.8686626609497287,82.52701891243731,22.622934803238486,24.19175476640177,1,6,1,0,normal,0,-0.046801720248559
2026-02-22 01:00:00,CELL_007,99.54677375699076,98.61209530333971,0.3720326422938651,81.41891539762884,30.35730353204956,26.93150335880707,1,6,1,0,normal,0,-0.0630668425071465
2026-02-22 01:00:00,CELL_008,99.90215800058408,98.39414493847332,0.0367589508981963,89.88658742189496,23.03833599935841,18.96709456920484,1,6,1,0,normal,1,0.0119593674769094
2026-02-22 02:00:00,CELL_001,99.86891857720452,98.64071447648004,0.1553808049080943,90.35182580114964,24.84277084948948,18.96780812988732,2,6,1,0,normal,0,-0.012083253830511342
2026-02-22 02:00:00,CELL_002,99.89041863772935,98.70931888784472,0.3449398322989633,75.18495499741977,30.98249447474541,23.80853649648663,2,6,1,0,normal,0,-0.054056714651143145
2026-02-22 02:00:00,CELL_003,98.63589292755536,98.46876976962363,0.1572499504271385,69.29701875774552,34.87070405861056,26.0966152263806,2,6,1,0,normal,0,-0.05402969354437648
2026-02-22 02:00:00,CELL_004,99.275736437973,98.16204692043048,0.5786174140314587,80.90304793424099,24.379270335695196,24.84275105989519,2,6,1,0,normal,0,-0.06260522982017336
2026-02-22 02:00:00,CELL_005,98.5426607368327,98.382700123032,0.4571569349400746,78.34413288674459,24.391734997903,22.20679698595047,2,6,1,0,normal,0,-0.05367335088572028
2026-02-22 02:00:00,CELL_006,99.09541374124618,97.75988088662471,0.1708092278036901,74.12710560208266,33.9285546727763,20.73768807825233,2,6,1,0,normal,0,-0.05549049945381612
2026-02-22 02:00:00,CELL_007,99.7276216943149,99.26039866463488,0.0,76.92470923241488,27.611034475624557,18.411864446563143,2,6,1,0,normal,1,0.003640208241403875
2026-02-22 02:00:00,CELL_008,99.67936580429006,98.52931806696604,0.3145726874878034,88.85555415710465,26.992427304807265,26.64110855849046,2,6,1,0,normal,0,-0.03927499741272966
2026-02-22 03:00:00,CELL_001,99.68600390566375,98.51042623205124,0.3251249705766697,85.81956316202796,31.23300046509513,22.569663512859464,3,6,1,0,normal,0,-0.06514130826958953
2026-02-22 03:00:00,CELL_002,99.88667653854051,98.58490220658004,0.3334815065536191,83.51509400698183,26.463983327164925,25.658245066731787,3,6,1,0,normal,0,-0.05039132157390758
2026-02-22 03:00:00,CELL_003,98.93997089427712,98.5737014948883,0.4222030141953493,87.86644015799752,29.06068096505152,26.63133503169771,3,6,1,0,normal,0,-0.05810098167392058
2026-02-22 03:00:00,CELL_004,99.02976480615654,98.27994181904847,0.2067891919310212,90.65070224550092,34.92823659444061,25.962063787102924,3,6,1,0,normal,0,-0.05139828461566387
2026-02-22 03:00:00,CELL_005,98.75729765452496,97.51915232167988,0.3449653680925091,82.28917261007068,32.342657716146824,20.38418830488661,3,6,1,0,normal,0,-0.05255417554843128
2026-02-22 03:00:00,CELL_006,98.38777048694368,98.26447905468714,0.7956834795243262,74.55067726056893,43.223764093668144,30.212649059427623,3,6,1,0,normal,0,-0.06250243616464118
2026-02-22 03:00:00,CELL_007,99.77388104624202,98.45634446787544,0.1581498596278416,67.95145778348731,34.14272943322641,20.07690311389088,3,6,1,0,normal,0,-0.03280592894385448
2026-02-22 03:00:00,CELL_008,98.87703299190328,98.3626390237656,0.4685170391978051,87.58043395122272,29.471524635859584,26.68853566090397,3,6,1,0,normal,0,-0.06551532280016875
2026-02-22 04:00:00,CELL_001,99.26887590485826,98.10840627141536,0.4939656585434655,73.02449310983864,40.29498264143248,24.674519334830546,4,6,1,0,normal,0,-0.082262281707919
2026-02-22 04:00:00,CELL_002,99.10906520829064,98.70926183892568,0.3620090896884789,70.31216561958843,41.64572797185666,25.0781092678761,4,6,1,0,normal,0,-0.0694434081204815
2026-02-22 04:00:00,CELL_003,99.1667514198471,98.32496919782233,0.2168468693381189,70.1926466578212,35.65689713992547,27.513348324561026,4,6,1,0,normal,0,-0.07596405073860885
2026-02-22 04:00:00,CELL_004,99.15756140012772,97.81758117170936,0.4973721502963768,74.50057652274982,39.95972222429268,29.716285537658862,4,6,1,0,normal,0,-0.08375360526280662
2026-02-22 04:00:00,CELL_005,98.72239537322584,98.22582375390962,0.708319311043995,80.5182437744619,32.77398026779328,24.315659260251465,4,6,1,0,normal,0,-0.07592392261049707
2026-02-22 04:00:00,CELL_006,98.53357612109572,97.51165339873346,0.6474107878946587,77.93955588186192,43.99982163621229,30.186429611421524,4,6,1,0,normal,0,-0.06339163023235139
2026-02-22 04:00:00,CELL_007,99.25128267425411,98.252710710397,0.4572536239198134,73.87562016483689,39.50493688629108,27.28318268909089,4,6,1,0,normal,0,-0.08564877957343708
2026-02-22 04:00:00,CELL_008,99.25340012136968,98.16069674345606,0.1978148630121785,71.4916755638774,35.64859680266445,22.30073262402261,4,6,1,0,normal,0,-0.0698463892583725
2026-02-22 05:00:00,CELL_001,99.47058462991706,98.78496394248668,0.3744463844619769,72.50870240633222,43.620012192509286,21.161372449971424,5,6,1,0,normal,0,-0.05040930783904407
2026-02-22 05:00:00,CELL_002,99.46380616927576,98.35149531445818,0.505147210768067,74.56155665208563,41.00610910685705,29.69368743157215,5,6,1,0,normal,0,-0.08033993305113762
2026-02-22 05:00:00,CELL_003,98.98754916042544,97.52483559338064,0.556985252945934,31.014932934380507,44.55058227680716,44.89006933129605,5,6,1,1,throughput_drop,0,-0.015336082627418923
2026-02-22 05:00:00,CELL_004,98.600123372528,98.0821652975919,0.6351243084499123,73.13502504646455,43.30964610942347,33.31530846742767,5,6,1,0,normal,0,-0.08395284081541982
2026-02-22 05:00:00,CELL_005,99.1802576630896,97.76045670210117,0.3629719518243422,73.57522597372022,26.84941027269542,31.14449687750788,5,6,1,0,normal,0,-0.06389988119376155
2026-02-22 05:00:00,CELL_006,98.90150335896536,97.93319528864322,0.9298842003843032,67.08532027188011,50.01727362991392,32.715625811383724,5,6,1,0,normal,0,-0.09213114008615825
2026-02-22 05:00:00,CELL_007,99.11411676280476,98.25353166892673,0.2700319947258889,73.62764493398795,38.66916340189094,31.59967160140198,5,6,1,0,normal,0,-0.07915098028193807
2026-02-22 05:00:00,CELL_008,99.0443601176084,98.0623744219548,0.723724967447613,69.72389105768563,43.741308049755965,35.67590083238783,5,6,1,0,normal,0,-0.08335773533769275
2026-02-22 06:00:00,CELL_001,99.05567414368484,98.42387176248214,0.7296087720117171,62.73542103130309,56.19759402035179,32.6522220057406,6,6,1,0,normal,0,-0.07304098196594083
2026-02-22 06:00:00,CELL_002,99.36226163509214,98.10003768645184,0.8248122431341285,61.20450211689177,44.352581600964704,32.10483227439439,6,6,1,0,normal,0,-0.07035220162055861
2026-02-22 06:00:00,CELL_003,98.69859534793528,96.8282689668274,0.7839008953653017,30.596984736135557,45.565878920830855,48.188191301285016,6,6,1,1,throughput_drop,1,0.0028758257809061716
2026-02-22 06:00:00,CELL_004,98.72685774289516,98.28673688685812,0.8581226327964674,80.79038418911041,39.69873792182347,27.19584621198505,6,6,1,0,normal,0,-0.0763306721256019
2026-02-22 06:00:00,CELL_005,98.433171876817,98.02135595030536,0.4754567242345648,64.9981546644537,37.93796108937909,28.63565064470445,6,6,1,0,normal,0,-0.07880415906350846
2026-02-22 06:00:00,CELL_006,98.34257106554328,97.66320343814375,0.8423670349177067,66.29952825226626,48.60924743782378,39.56355019548904,6,6,1,0,normal,0,-0.07634717097661442
2026-02-22 06:00:00,CELL_007,99.38278435676636,97.7111598846605,0.5541933641513808,73.04005724520316,52.0243672413806,31.18518899201069,6,6,1,0,normal,0,-0.06482987167692078
2026-02-22 06:00:00,CELL_008,99.35718862685826,98.49435555455926,0.8275415673347307,67.91756913514581,46.61426758830774,30.06738459789123,6,6,1,0,normal,0,-0.06713610530457659
2026-02-22 07:00:00,CELL_001,98.79418052291196,97.99432329696596,0.8123671399497673,62.575391776800274,49.22427372715921,36.65640226534602,7,6,1,0,normal,0,-0.09244382190080591
2026-02-22 07:00:00,CELL_002,98.76360946686472,98.23016942339548,3.546195379215537,36.1778779475304,77.04648905023942,60.09832963315067,7,6,1,1,congestion,1,0.07567495872015162
2026-02-22 07:00:00,CELL_003,98.48892208671518,97.34678863749812,1.1097160397645014,24.12871389330797,58.653692243543794,62.995347559585056,7,6,1,1,throughput_drop,1,0.025754250148811497
2026-02-22 07:00:00,CELL_004,98.40901984227662,97.44060055177744,0.9042052534611678,69.38895436743465,50.40999441473637,33.77955164901541,7,6,1,0,normal,0,-0.07768438554433593
2026-02-22 07:00:00,CELL_005,98.25750803344586,97.22473934821836,0.7155770426014518,70.09748284925037,50.97359772541603,34.85204810016218,7,6,1,0,normal,0,-0.06825531376842814
2026-02-22 07:00:00,CELL_006,98.1682462618828,96.55793836196956,1.186816941255945,53.7472624146178,59.95801720461283,34.95865084620306,7,6,1,0,normal,0,-0.05155645935066333
2026-02-22 07:00:00,CELL_007,99.1550051697408,98.23998402367916,0.9637805866310164,59.09363723460732,51.855845927356334,36.85468969671799,7,6,1,0,normal,0,-0.07711476545921936
2026-02-22 07:00:00,CELL_008,99.03995603856244,98.0300247947316,1.1046248588733536,60.72021838235922,56.56860869618516,38.83022197168533,7,6,1,0,normal,0,-0.07748780326310256
2026-02-22 08:00:00,CELL_001,99.27471850028084,97.60024847233262,1.1503983857972748,63.258606254104194,59.50795040374536,33.42074365054725,8,6,1,0,normal,0,-0.06199558657960563
2026-02-22 08:00:00,CELL_002,98.94256775147603,98.3047051579154,3.858422157635937,32.68499760769552,76.97551462399599,70.82951438794568,8,6,1,1,congestion,1,0.0951664522420067
2026-02-22 08:00:00,CELL_003,98.20808849505325,97.13237990708058,1.2826203307746438,21.824119278797795,72.63832117424384,56.3170650047125,8,6,1,1,throughput_drop,1,0.002959931682982919
2026-02-22 08:00:00,CELL_004,98.54260360139229,97.6672683741133,0.8644742769829151,53.175012896080695,56.1864338417121,29.499258045768645,8,6,1,0,normal,0,-0.07678400862824086
2026-02-22 08:00:00,CELL_005,97.9177221924408,97.06396733393784,1.143547837924407,60.64229688109693,50.731456505976325,34.47154036839747,8,6,1,0,normal,0,-0.05506003546851346
2026-02-22 08:00:00,CELL_006,98.75310114677346,97.2587950086554,1.4677821873131822,50.05695057733475,71.73462643926216,41.60579430643275,8,6,1,0,normal,0,-0.07254959073713119
2026-02-22 08:00:00,CELL_007,99.12522400473966,97.88959200464822,0.9863000046189624,56.16427677118816,54.90433125357203,36.40965371354827,8,6,1,0,normal,0,-0.08522574265511318
2026-02-22 08:00:00,CELL_008,99.16818492269525,97.33103388338768,1.1150471212332995,63.535600073274495,54.38562181501815,39.809186468671385,8,6,1,0,normal,0,-0.06879012960879322
2026-02-22 09:00:00,CELL_001,98.82132410047808,98.24226234419972,1.1950399015319528,53.401523673806864,68.96194237067529,41.126797123524135,9,6,1,0,normal,0,-0.07479193342151724
2026-02-22 09:00:00,CELL_002,98.83599121486444,97.29213468763096,4.1700769192225415,30.117820171178657,90.37471812309568,73.45884188014807,9,6,1,1,congestion,1,0.0998243978945158
2026-02-22 09:00:00,CELL_003,97.7429068680986,96.7275713130622,1.3329827901508855,18.403949542063188,69.34829236579125,58.44635308783322,9,6,1,1,throughput_drop,1,0.028087892539811476
2026-02-22 09:00:00,CELL_004,98.0010074677192,96.96305049049612,1.131038235532157,53.25620282781902,64.44623467478924,43.427735252735374,9,6,1,0,normal,0,-0.07908086645489909
2026-02-22 09:00:00,CELL_005,98.61744821126553,97.45014831468356,1.0710159898912548,62.70337496773603,58.30785292810568,34.83487063838287,9,6,1,0,normal,0,-0.08565648425110445
2026-02-22 09:00:00,CELL_006,98.28718566289622,96.60899764428623,1.1952193270005929,56.97841682528379,71.11075404006408,43.84586086388688,9,6,1,0,normal,0,-0.06949796329634345
2026-02-22 09:00:00,CELL_007,98.80015275473312,97.56896609994982,1.1552807464735484,45.714983775749225,71.04003471309478,41.10140757246396,9,6,1,0,normal,0,-0.08446391846475543
2026-02-22 09:00:00,CELL_008,99.07339248627318,97.91403718306942,1.163484063150219,52.6373369150221,67.23070299127382,38.8571469307926,9,6,1,0,normal,0,-0.07842261241311321
2026-02-22 10:00:00,CELL_001,99.20180709733458,97.2464443514457,1.3111396183185708,52.05377123386349,70.5969299515096,49.72791211043441,10,6,1,0,normal,0,-0.05737306946648002
2026-02-22 10:00:00,CELL_002,98.42481019583276,97.79267608726488,4.013182936580627,33.12631615934929,88.28183358157762,69.71141094926566,10,6,1,1,congestion,1,0.0846237001134662
2026-02-22 10:00:00,CELL_003,98.73927160882,97.28533039415584,1.167937946066431,16.48433939788477,73.00788545391129,59.690354448644285,10,6,1,1,throughput_drop,1,0.007100869412772659
2026-02-22 10:00:00,CELL_004,98.1696831691536,97.39578545740665,1.2840774418773997,52.29105608450261,65.97442643712867,44.646923551946855,10,6,1,0,normal,0,-0.08787796084154376
2026-02-22 10:00:00,CELL_005,97.94715840746836,96.5891336991826,1.226500341027915,48.11668980687529,64.78977055803178,42.3642204977696,10,6,1,0,normal,0,-0.07440061586460445
2026-02-22 10:00:00,CELL_006,97.90060295164072,96.77506016541948,1.184053542828691,53.67497426403544,70.88353796411661,44.62512576182979,10,6,1,0,normal,0,-0.06719837824087027
2026-02-22 10:00:00,CELL_007,98.64740117187736,98.1705093553936,0.9383560809742542,48.41163781186477,63.510388003756056,42.31784706076601,10,6,1,0,normal,0,-0.08357042745636462
2026-02-22 10:00:00,CELL_008,98.85836340785184,97.75460225052755,1.101087295346144,60.16013188687246,69.71269729733805,45.03911807987413,10,6,1,0,normal,0,-0.07076299207355852
2026-02-22 11:00:00,CELL_001,98.26124704114908,96.71936170486904,1.2484401783795385,56.325766247197336,74.42240576249176,47.646524608528296,11,6,1,0,normal,0,-0.06323116939289142
2026-02-22 11:00:00,CELL_002,98.51992715353326,97.80528084600184,4.326551303099167,21.75198993995852,100.0,77.61026017267882,11,6,1,1,congestion,1,0.11695797712824174
2026-02-22 11:00:00,CELL_003,97.97311109122764,96.42663285057618,1.3006966951284884,20.24111184470858,81.49427068406682,62.855456684167976,11,6,1,1,throughput_drop,1,0.03788824940750324
2026-02-22 11:00:00,CELL_004,98.34789654438671,96.40051136271906,1.343787859379869,46.50569764261172,75.06344552943047,46.63167903723266,11,6,1,0,normal,0,-0.06265457738360752
2026-02-22 11:00:00,CELL_005,98.00475069798888,96.85871363869845,1.160735487477571,52.78143928048311,67.96078616774608,44.93270467534254,11,6,1,0,normal,0,-0.07785043040477396
2026-02-22 11:00:00,CELL_006,98.10965142462116,96.3791898960596,1.2104491909144837,46.49962530995492,67.30937771669528,37.89452262352038,11,6,1,0,normal,0,-0.058616576909109264
2026-02-22 11:00:00,CELL_007,98.3454029489374,97.394799466518,1.1975970978656727,43.61324165221568,77.00739496647783,45.555571109242045,11,6,1,0,normal,0,-0.06851653110474526
2026-02-22 11:00:00,CELL_008,98.57359457272764,96.81396433005756,1.3278505961556517,50.48636168068731,75.39448983981322,47.84209032922898,11,6,1,0,normal,0,-0.07382906406892104
2026-02-22 12:00:00,CELL_001,98.4832825508336,97.56879486634668,1.070495149743807,48.34765822261858,80.17661380788735,50.63655108649848,12,6,1,0,normal,0,-0.05674481286300681
2026-02-22 12:00:00,CELL_002,99.0679694942636,96.9202994437872,4.22383483234032,33.371062631208176,90.98914794517438,68.17535043643902,12,6,1,1,congestion,1,0.0899600461786979
2026-02-22 12:00:00,CELL_003,98.17719326539395,97.07070720493432,1.4501209405351847,48.88247673324817,76.42577583711436,49.50900498940205,12,6,1,0,normal,0,-0.0649171824654094
2026-02-22 12:00:00,CELL_004,97.94038847649824,96.61616966554234,1.330259292865304,54.275383266582665,64.20634970975229,43.92273828601989,12,6,1,0,normal,0,-0.07057062130950842
2026-02-22 12:00:00,CELL_005,97.94805336975485,97.01387965140512,1.694332024009991,35.08803354427994,69.33311107379858,43.9046662124895,12,6,1,0,normal,0,-0.03538617182703985
2026-02-22 12:00:00,CELL_006,97.26638923066103,97.59307517179546,1.2472670348906052,42.86473947375033,78.06832546466583,45.95071312801939,12,6,1,0,normal,0,-0.03039952085274833
2026-02-22 12:00:00,CELL_007,98.75301362173404,96.9613209297848,1.2031774451079718,34.3988046616341,67.36499065646142,43.144473643676896,12,6,1,0,normal,0,-0.0526229972877878
2026-02-22 12:00:00,CELL_008,98.62143929156026,97.87054459642158,1.1621061274202271,38.56522195120179,72.3958686681531,46.20164905542642,12,6,1,0,normal,0,-0.06083263963657387
2026-02-22 13:00:00,CELL_001,98.73558055694129,97.17910298267336,1.1269269316727664,51.93475958097303,71.41245503882344,44.255720096832086,13,6,1,0,normal,0,-0.09044945480318584
2026-02-22 13:00:00,CELL_002,99.08101926385964,97.1556907630281,4.18799332493859,25.13130894477664,90.13744322257014,74.53373112070544,13,6,1,1,congestion,1,0.10826396902363777
2026-02-22 13:00:00,CELL_003,98.04995230746972,96.29611601512843,1.4427360700561112,38.02270451647736,79.63431855212352,49.95132137388711,13,6,1,0,normal,0,-0.01694034861371596
2026-02-22 13:00:00,CELL_004,97.554723359998,97.10506013762614,1.287025427980333,45.73123557820643,66.3293126245243,46.36541330016925,13,6,1,0,normal,0,-0.05272388279124163
2026-02-22 13:00:00,CELL_005,97.67515888424715,97.78549922135508,1.1654654340923865,50.14655742219358,60.63023595143329,41.82357361831436,13,6,1,0,normal,0,-0.06752757273765653
2026-02-22 13:00:00,CELL_006,97.66687491808489,96.68651237029609,1.402448904551601,44.428034562601454,74.53460624676305,47.22289280476398,13,6,1,0,normal,0,-0.04175464739424972
2026-02-22 13:00:00,CELL_007,98.83363466359188,97.98042910487015,1.1683143638833815,50.71121040463368,71.07531440855635,44.01348560740421,13,6,1,0,normal,0,-0.07787394436259715
2026-02-22 13:00:00,CELL_008,98.7453126962621,97.671637602654,1.086465732598208,50.28165320443889,67.07912366756013,43.98647901712671,13,6,1,0,normal,0,-0.08876276254530258
2026-02-22 14:00:00,CELL_001,98.99731327262624,97.89010792184824,1.2931767158509455,42.23995931739009,68.97727350798417,46.94618717373238,14,6,1,0,normal,0,-0.060085996800304964
2026-02-22 14:00:00,CELL_002,98.44902914947149,97.97726265861117,4.191416925474991,31.88810027248637,97.135465514668,71.66909620409675,14,6,1,1,congestion,1,0.09907496783511416
2026-02-22 14:00:00,CELL_003,98.34287866410035,96.87996780080982,1.412757885195445,38.30570905103057,82.63794198231905,50.422305699178736,14,6,1,0,normal,0,-0.029812338461615018
2026-02-22 14:00:00,CELL_004,98.2336976660532,97.36144582484582,1.1794685548658383,59.580603441083575,56.52470625694302,42.09736499019717,14,6,1,0,normal,0,-0.08232029485626396
2026-02-22 14:00:00,CELL_005,97.71024373881932,96.87231799520386,1.4984516486057964,53.84938195912297,72.42619040110945,39.6258948729632,14,6,1,0,normal,0,-0.04145544487381636
2026-02-22 14:00:00,CELL_006,98.03548357253716,97.30766050568084,1.14504452353427,46.57222060883157,65.66691001536975,41.75354630789575,14,6,1,0,normal,0,-0.08308245998847813
2026-02-22 14:00:00,CELL_007,98.88485051056752,97.52424315816482,1.2493861755317162,53.84607415382437,64.27180294388756,39.14134763724756,14,6,1,0,normal,0,-0.08341343406209961
2026-02-22 14:00:00,CELL_008,98.50919363098106,97.7028403735336,1.2538780677742671,43.09895049257646,73.73931295481594,45.76842254816089,14,6,1,0,normal,0,-0.07300629742965353
2026-02-22 15:00:00,CELL_001,98.98886835815094,97.67474617545992,0.7828307357224575,43.28210088799716,64.09221308594266,36.87093809383499,15,6,1,0,normal,0,-0.05909225736547069
2026-02-22 15:00:00,CELL_002,98.24696345156345,97.96185980301964,4.202303854601584,36.67294674442836,93.14518399738634,71.85616461206645,15,6,1,1,congestion,1,0.1007481942318863
2026-02-22 15:00:00,CELL_003,98.3539767701454,97.46993755967652,0.9880674796346512,52.32196146869197,67.59926612097945,49.40090849756971,15,6,1,0,normal,0,-0.06560428093168186
2026-02-22 15:00:00,CELL_004,98.7784232153682,97.36318008979484,1.2858238912635016,58.51257184839076,58.737366910154,40.43440055436422,15,6,1,0,normal,0,-0.08549525694953714
2026-02-22 15:00:00,CELL_005,98.02542260637524,97.47191303437393,1.0818163194640391,49.12474818097949,59.19116237414677,43.477105784136455,15,6,1,0,normal,0,-0.08108853339757255
2026-02-22 15:00:00,CELL_006,97.88287064288014,96.68659288857978,1.3462144699626837,53.896320899261966,66.52761923730583,40.044772647875625,15,6,1,0,normal,0,-0.056310415185913454
2026-02-22 15:00:00,CELL_007,99.21693011153386,97.33312361435074,1.0860698495979302,56.60571496323868,57.01655405632955,42.02383493441583,15,6,1,0,normal,0,-0.07370220101725422
2026-02-22 15:00:00,CELL_008,98.09659173933636,97.29656234868622,1.0201458071629643,59.97491610237038,60.63970800916702,43.52704676403705,15,6,1,0,normal,0,-0.07884349319958728
2026-02-22 16:00:00,CELL_001,98.99409435581734,98.06065673189372,1.039578258886778,59.4079484284844,59.23213270953543,36.42293267737834,16,6,1,0,normal,0,-0.08243861164459526
2026-02-22 16:00:00,CELL_002,99.28494762522044,98.52319829051132,0.8050827464224182,60.8526895521204,58.89326390002435,38.52878251727795,16,6,1,0,normal,0,-0.05432310569082344
2026-02-22 16:00:00,CELL_003,98.45484605920596,97.16161991774634,0.982335501503764,48.82607052604036,62.03459762578943,40.04430401741791,16,6,1,0,normal,0,-0.08422364875335647
2026-02-22 16:00:00,CELL_004,98.12721717604232,97.62443196118905,1.2457590448298268,62.49896406606389,53.585391633405685,37.125938950066086,16,6,1,0,normal,0,-0.06786884777419083
2026-02-22 16:00:00,CELL_005,98.525637917696,96.9303572900416,0.9203961000996832,58.49696440831865,55.57191591556887,34.34470980285934,16,6,1,0,normal,0,-0.07575411179841979
2026-02-22 16:00:00,CELL_006,97.9901927223498,97.02741059922846,1.0819663491555915,58.24553986194197,58.35035784519186,39.42258245173121,16,6,1,0,normal,0,-0.06756452335510388
2026-02-22 16:00:00,CELL_007,98.597785744544,97.77470450009604,1.0978522149692749,55.2797308669917,63.00230766684047,43.45934819286763,16,6,1,0,normal,0,-0.08309430641628013
2026-02-22 16:00:00,CELL_008,99.0594720587568,97.69922468233226,1.1820992177982512,56.98586748989592,60.624884983178255,40.45978695482708,16,6,1,0,normal,0,-0.08405714333964631
2026-02-22 17:00:00,CELL_001,98.80522340093827,98.59572699170354,1.1219234798405235,63.3880679436047,50.93071438423986,25.874453314914877,17,6,1,0,normal,0,-0.04909801399374891
2026-02-22 17:00:00,CELL_002,99.4579896139436,97.90305554764004,0.6709832502169917,53.6123438167553,54.774963250651375,32.22814482951485,17,6,1,0,normal,0,-0.060323667064594744
2026-02-22 17:00:00,CELL_003,97.80639072058774,97.94409521277008,1.0463201851467872,55.446388645844905,53.78345042914259,40.74660182147115,17,6,1,0,normal,0,-0.047574267119582236
2026-02-22 17:00:00,CELL_004,98.60954251420164,96.94569993636668,1.2121006899279794,65.85315012246726,57.18079119378692,37.04342820563543,17,6,1,0,normal,0,-0.05722527026886998
2026-02-22 17:00:00,CELL_005,97.82216013944895,98.04661791198644,1.1326644162527293,64.58769681051857,54.24748516784641,35.37910948916777,17,6,1,0,normal,0,-0.04165441867532038
2026-02-22 17:00:00,CELL_006,98.3987576567744,96.51070891389436,0.9955345150696556,55.5085195725666,58.68080620467964,35.572806730283375,17,6,1,0,normal,0,-0.0570576221370363
2026-02-22 17:00:00,CELL_007,99.21489958574656,97.88777409277095,1.0307154353099806,61.38496475087939,58.23720500991554,38.1885692509586,17,6,1,0,normal,0,-0.06448334132766115
2026-02-22 17:00:00,CELL_008,99.14889900292208,97.89462739686172,0.6661088140172475,59.77987349798195,55.64766585737045,34.26073006761768,17,6,1,0,normal,0,-0.07928407958615002
2026-02-22 18:00:00,CELL_001,98.91969905083926,97.8649438443977,0.8109095418797843,65.85934014055225,43.842588760880005,34.60293407870959,18,6,1,0,normal,0,-0.079254921420924
2026-02-22 18:00:00,CELL_002,99.4632317607024,98.14348381906076,0.5738327843821704,70.1287337567065,41.00056676257904,33.88007887537521,18,6,1,0,normal,0,-0.0641367067467663
2026-02-22 18:00:00,CELL_003,98.49236231605288,98.37747368704812,0.4070505096774329,63.12273641807302,48.24833776379118,32.780635197251364,18,6,1,0,normal,0,-0.05410029134955452
2026-02-22 18:00:00,CELL_004,98.53260655901236,97.57770105254046,0.6771183268717758,69.32534180469186,43.14304157404082,29.33413380761423,18,6,1,0,normal,0,-0.07218370248289802
2026-02-22 18:00:00,CELL_005,98.76675983326926,97.44737592787916,0.85419821206934,65.98532434028631,44.60136316835349,28.47051438826876,18,6,1,0,normal,0,-0.07150290734565945
2026-02-22 18:00:00,CELL_006,98.35510157065144,97.56008091834735,0.9307586423916184,63.37109170467988,58.44703721971344,30.77861021968972,18,6,1,0,normal,0,-0.06292045058988183
2026-02-22 18:00:00,CELL_007,99.33224323537276,97.7748780702254,0.6619560369332663,70.70505778753032,46.24011308056307,26.28056960010131,18,6,1,0,normal,0,-0.06612306095524967
2026-02-22 18:00:00,CELL_008,99.35751880892218,97.80574978089368,0.9279960571553902,64.37471494721271,51.68893844929788,36.99731830058528,18,6,1,0,normal,0,-0.05549355314448179
2026-02-22 19:00:00,CELL_001,99.30326089115336,98.11051694010403,0.8500410893813493,70.16466675859293,50.87396753374251,35.322961447685515,19,6,1,0,normal,0,-0.05897181815254282
2026-02-22 19:00:00,CELL_002,99.22753342756864,98.8869371163902,0.4330863292474793,83.6360290777734,43.35618332756188,28.11944559928836,19,6,1,0,normal,0,-0.0418073642691702
2026-02-22 19:00:00,CELL_003,98.96910380895126,97.91259741776685,0.884882545807627,63.95070624149488,44.440498807348575,33.55206405955345,19,6,1,0,normal,0,-0.0721476775757432
2026-02-22 19:00:00,CELL_004,98.34655365397764,97.14427474785332,0.9137599127766196,69.2613477203174,43.50818810392804,25.585736217677017,19,6,1,0,normal,0,-0.040276452784930195
2026-02-22 19:00:00,CELL_005,98.9169263393096,97.98350008921985,0.5323686606680353,77.43303095253184,34.87358879089732,24.114833664184093,19,6,1,0,normal,0,-0.06736991044440743
2026-02-22 19:00:00,CELL_006,98.54209158259069,97.2050465732416,0.7281195210710506,68.69293589289214,41.721966420123344,24.55193195098329,19,6,1,0,normal,0,-0.04626444710639832
2026-02-22 19:00:00,CELL_007,99.49575245863208,98.5849674881432,0.4375476197849379,71.43120462436235,40.00741995130391,23.7440201467434,19,6,1,0,normal,0,-0.05417749261729782
2026-02-22 19:00:00,CELL_008,98.9617684563674,98.10632054313088,0.5442043401629257,68.6872194819808,44.39031838214676,33.36992302707535,19,6,1,0,normal,0,-0.07155897117694882
2026-02-22 20:00:00,CELL_001,99.01329749790098,98.47964396589842,0.5389982613386904,73.58334472697734,35.31084121372302,25.75022601531693,20,6,1,0,normal,0,-0.06958902053987087
2026-02-22 20:00:00,CELL_002,99.27429578745516,98.48691072903723,0.3940712893872715,80.11728163108066,33.58336056763484,21.82939819279743,20,6,1,0,normal,0,-0.06093104328106752
2026-02-22 20:00:00,CELL_003,99.1784760268638,98.36686618240805,0.3510206095551733,74.61523411423936,38.23180300552537,25.16597489059544,20,6,1,0,normal,0,-0.06448127282185395
2026-02-22 20:00:00,CELL_004,99.00620994689126,97.64132608242114,0.6433750932029232,77.56277488444027,24.41336640208068,19.896356469736943,20,6,1,0,normal,0,-0.03472857769880089
2026-02-22 20:00:00,CELL_005,98.40128318936937,98.2444733053444,0.6821882679195324,80.21909946241253,29.90351843342841,22.09074638508797,20,6,1,0,normal,0,-0.037519156462048175
2026-02-22 20:00:00,CELL_006,98.57828958485987,97.59382077009616,0.842118294715197,70.49006593548962,35.86389967645532,23.266791477042084,20,6,1,0,normal,0,-0.04678754035945176
2026-02-22 20:00:00,CELL_007,99.40627863652423,98.42857595857818,0.5768318605009769,76.60437589627251,47.64908375177946,27.060792566641407,20,6,1,0,normal,0,-0.048684132228568266
2026-02-22 20:00:00,CELL_008,99.10397775804084,98.16826992789848,0.6583743076206436,68.24717749736013,32.9955144868513,28.015253617055592,20,6,1,0,normal,0,-0.07187532998386298
2026-02-22 21:00:00,CELL_001,99.3559093371696,99.24610397056996,0.5168824627007502,84.57006881562005,38.54693276682844,23.28403317250792,21,6,1,0,normal,0,-0.02997738287005902
2026-02-22 21:00:00,CELL_002,99.68387647075264,98.67063583981717,0.2835363007032924,78.97408371656756,31.77647896425201,23.768816100564948,21,6,1,0,normal,0,-0.04240137527593646
2026-02-22 21:00:00,CELL_003,98.833060964212,98.63287720519295,0.6037829949811151,85.61488046319022,32.58146484938407,23.890924432403885,21,6,1,0,normal,0,-0.04233196927718441
2026-02-22 21:00:00,CELL_004,98.5094471119748,98.61500977466532,0.2902974623058907,79.41827963459477,26.591685699250174,22.756383428239136,21,6,1,0,normal,0,-0.036857530764209945
2026-02-22 21:00:00,CELL_005,98.90838765609328,97.99151558642434,0.7575520385551371,84.77397819922345,22.67265526595912,22.046165921896744,21,6,1,0,normal,0,-0.03399188639738493
2026-02-22 21:00:00,CELL_006,98.74683170798336,97.85136461774164,0.6434608289927916,78.85193112963866,40.10016914488814,21.544567832730408,21,6,1,0,normal,0,-0.0457013777237798
2026-02-22 21:00:00,CELL_007,99.22849056220684,97.95556723611162,0.1908083322098555,83.6447098361767,31.290008913489014,18.63236387556328,21,6,1,0,normal,0,-0.028999933592982807
2026-02-22 21:00:00,CELL_008,99.8742469135242,98.81645931489228,0.4227764510070289,71.07020053310816,29.992527237468806,22.39579612134032,21,6,1,0,normal,0,-0.03377095704805644
2026-02-22 22:00:00,CELL_001,99.77594363868138,98.72028035513075,0.1021791565649114,85.4305543412949,26.999456494961485,17.738413658927115,22,6,1,0,normal,0,-0.0017644335422424273
2026-02-22 22:00:00,CELL_002,99.94060116137275,99.17275063455337,0.2965805094824927,84.01471734639699,28.58175169197362,18.27594557838312,22,6,1,0,normal,0,-0.0034234177273431143
2026-02-22 22:00:00,CELL_003,98.66949829606574,98.44172523979664,0.5975634040322747,79.56045729655908,43.97477400602909,21.262901493796925,22,6,1,0,normal,0,-0.028261871438165387
2026-02-22 22:00:00,CELL_004,99.36430325158484,98.1549093915082,0.2929809017016598,84.19253284305063,22.139405099903456,16.637108069246228,22,6,1,0,normal,0,-0.01576570353969442
2026-02-22 22:00:00,CELL_005,99.32488604130408,98.71223886990222,0.2233628089815862,82.99628456093609,25.63139004635671,17.058973351542832,22,6,1,0,normal,0,-0.021911206171659425
2026-02-22 22:00:00,CELL_006,99.08583471841315,97.59958912442228,0.3232315564664295,85.63280666804657,26.15557026147196,24.10703591899651,22,6,1,0,normal,0,-0.03595758847034847
2026-02-22 22:00:00,CELL_007,99.82927671317302,98.7739729496741,0.5324736806328965,82.94966934630644,26.505274834087977,20.451767684421338,22,6,1,0,normal,0,-0.020426294476886597
2026-02-22 22:00:00,CELL_008,99.11983171288814,98.856523369984,0.7121176713846655,85.81972562514085,21.70230933753673,23.616714297561742,22,6,1,0,normal,0,-0.027359107288772555
2026-02-22 23:00:00,CELL_001,99.40513323834072,98.74263801282775,0.3292367105692007,81.26538357464916,19.40277530079224,21.147960654432477,23,6,1,0,normal,0,-0.022244239929723353
2026-02-22 23:00:00,CELL_002,99.51197919771504,99.20739371810043,0.2482913839112832,87.57781683536615,31.05555875081626,25.38444658007534,23,6,1,0,normal,0,-0.011726189649266971
2026-02-22 23:00:00,CELL_003,99.25905809893008,98.64932288134123,0.2627642163914435,88.12809024120934,23.6226566769248,21.8496602018394,23,6,1,0,normal,0,-0.025240086302746656
2026-02-22 23:00:00,CELL_004,99.01171194340178,98.93408641837372,0.5298853292826706,75.44102804876424,20.80025296180288,17.166551582139707,23,6,1,0,normal,0,-0.007140315213669757
2026-02-22 23:00:00,CELL_005,98.7584718585062,98.0905602403342,0.411795056522401,80.561532844943,21.510697128685106,21.138232780836496,23,6,1,0,normal,0,-0.02761764200862482
2026-02-22 23:00:00,CELL_006,99.10957439004903,98.050470529163,0.1996313582382435,84.32193378894664,26.853320755526003,20.59869568928476,23,6,1,0,normal,0,-0.0308886285915696
2026-02-22 23:00:00,CELL_007,99.34071415041656,99.2971439800212,0.3032180413166573,84.72111360409994,20.261032171034586,24.749536032887967,23,6,1,0,normal,0,-0.006066516738204242
2026-02-22 23:00:00,CELL_008,99.35241454634172,99.31664477264069,0.5696744534626981,83.43742797779869,19.5744075462882,22.04167666658025,23,6,1,0,normal,0,-0.0003736611659087563
2026-02-23 00:00:00,CELL_001,100.0,99.04501716062828,0.3567129236445758,88.12467251414228,28.70256889276523,24.59223675634584,0,0,0,0,normal,0,-0.039506522286060775
2026-02-23 00:00:00,CELL_002,99.7456959338764,98.69775301378075,0.1018325823867754,84.56409580833734,19.96124719737325,22.41556288666679,0,0,0,0,normal,0,-0.03706727084405215
2026-02-23 00:00:00,CELL_003,98.4826889213395,98.28581720614376,0.5124312604244334,77.39595796367033,34.28217258620997,23.296355686867848,0,0,0,0,normal,0,-0.068154548704083
2026-02-23 00:00:00,CELL_004,98.5573779018591,98.34242457756388,0.4865128818670108,81.89489966699327,37.47165161052878,17.54317264117835,0,0,0,0,normal,0,-0.056928785873504084
2026-02-23 00:00:00,CELL_005,98.83637786821753,98.53531597054076,0.3313831779093913,84.74767101071417,30.90708849271334,21.132245727351457,0,0,0,0,normal,0,-0.07595267356623497
2026-02-23 00:00:00,CELL_006,99.1217210217499,98.48145954646232,0.364996851435329,82.13779280255083,27.646387438916538,21.210999125883063,0,0,0,0,normal,0,-0.08398825663749604
2026-02-23 00:00:00,CELL_007,99.26680619014924,98.73029692722444,0.1151236280050289,83.10804114455158,20.83205407095992,22.98138211230642,0,0,0,0,normal,0,-0.05199906800166498
2026-02-23 00:00:00,CELL_008,99.75306300845872,98.08499718672005,0.1639339526637048,90.46060913052254,25.78370608157444,21.08477164046183,0,0,0,0,normal,0,-0.04108658635267903
2026-02-23 01:00:00,CELL_001,99.95183917060577,98.74139541961576,0.2582030366873131,83.73212380538222,16.82260830481065,14.89316462494805,1,0,0,0,normal,0,-0.006221775398510321
2026-02-23 01:00:00,CELL_002,99.53637727986332,99.02035614288152,0.0981009540551097,85.2275836313048,27.637203661184447,17.365286964944943,1,0,0,0,normal,0,-0.05510340019473248
2026-02-23 01:00:00,CELL_003,98.9885388742398,97.97815434148188,0.4075036095221552,89.95629814827554,26.518701652441948,25.930350786085118,1,0,0,0,normal,0,-0.0654261275425404
2026-02-23 01:00:00,CELL_004,99.447475322894,98.20674909496496,0.2644330135301676,79.53353946153509,16.882904002561943,19.1554699743054,1,0,0,0,normal,0,-0.05190008069124019
2026-02-23 01:00:00,CELL_005,99.72418492182985,98.70761662099636,0.1930346608446642,86.69576149325209,24.481841035391497,21.89005945858792,1,0,0,0,normal,0,-0.06797897567362055
2026-02-23 01:00:00,CELL_006,98.8397450549241,97.57124553496028,0.4567230114298896,83.12691459323895,34.376631824625015,24.87170047631575,1,0,0,0,normal,0,-0.07649863478093161
2026-02-23 01:00:00,CELL_007,99.66116639305652,98.99683895029554,0.0684033904486051,91.46202120848449,29.589080597688657,23.152428748485864,1,0,0,0,normal,0,-0.04780271630377275
2026-02-23 01:00:00,CELL_008,99.19540174706458,99.07093241907944,0.0158348230909056,75.02701808426428,31.26894797843816,17.71735429712978,1,0,0,0,normal,0,-0.04861872206597495
2026-02-23 02:00:00,CELL_001,99.0624030738784,98.71091401600368,0.6027144846227236,80.30307468285159,36.46044274405853,26.11472141560006,2,0,0,0,normal,0,-0.09081769443651194
2026-02-23 02:00:00,CELL_002,99.79613316102903,98.77119197065986,0.0649375318254459,80.94030233541929,20.562104198788063,19.54939819189637,2,0,0,0,normal,0,-0.04524850280360515
2026-02-23 02:00:00,CELL_003,99.4410087762036,97.67008721329252,0.5244187170677024,77.36900991597696,41.45898692896595,28.62590241781485,2,0,0,0,normal,0,-0.08196340589260043
2026-02-23 02:00:00,CELL_004,99.19146232993164,98.18644259484668,0.1868912638915298,74.59848065638907,28.01651470129987,23.5635441384262,2,0,0,0,normal,0,-0.08672579696291255
2026-02-23 02:00:00,CELL_005,99.10715488855044,98.52401027575382,0.1971163065190427,86.1411159234764,27.972138163444196,22.39205713815565,2,0,0,0,normal,0,-0.08613495286818135
2026-02-23 02:00:00,CELL_006,98.80570106606952,98.15478814414156,0.8420893871352471,83.93040749088435,29.765322275509355,21.710992732982252,2,0,0,0,normal,0,-0.07615460705158328
2026-02-23 02:00:00,CELL_007,99.87877630420392,98.86763450429244,0.3561527025387538,87.72801230209299,30.9941995376913,15.411450268900271,2,0,0,0,normal,0,-0.04040720380582874
2026-02-23 02:00:00,CELL_008,99.12978191671012,98.4104807276779,0.7514670292391652,76.36099036945897,33.35301988794074,23.69189368150101,2,0,0,0,normal,0,-0.09709397803141889
2026-02-23 03:00:00,CELL_001,99.242374791144,98.14480615236543,0.3042861175113358,76.04119505139498,36.573066553517215,23.55115229660325,3,0,0,0,normal,0,-0.0998693288335808
2026-02-23 03:00:00,CELL_002,99.05658848997425,98.22952847356738,0.4679560282887032,75.85756195560377,26.58528817698861,18.71195634968585,3,0,0,0,normal,0,-0.08379313324337617
2026-02-23 03:00:00,CELL_003,99.31144857955604,98.9142690433806,0.5582857554913142,64.77142355294131,43.54369566859686,27.138011606282618,3,0,0,0,normal,0,-0.07534840718543623
2026-02-23 03:00:00,CELL_004,98.87137061023792,98.34741144758046,0.7298243809273011,78.59854002929633,37.766875023235485,18.38413023329074,3,0,0,0,normal,0,-0.07763877654071627
2026-02-23 03:00:00,CELL_005,98.90158359922484,98.48011350407708,0.6399046291086177,83.0285210749226,24.16619177035014,20.743230148582388,3,0,0,0,normal,0,-0.06777902086714427
2026-02-23 03:00:00,CELL_006,98.68881872926993,97.95226059426145,0.5604567494564278,72.55805549498125,34.53726713089191,21.79677435191729,3,0,0,0,normal,0,-0.08699893865070019
2026-02-23 03:00:00,CELL_007,99.55142992881696,97.68592862320992,0.5587955952931045,75.83125521386728,35.62450001653745,31.53827591255213,3,0,0,0,normal,0,-0.07657102338615723
2026-02-23 03:00:00,CELL_008,99.53374567484563,98.46272454687796,0.4561254560043062,84.56691618053802,30.654587178813934,28.66316999043604,3,0,0,0,normal,0,-0.08320943725127034
2026-02-23 04:00:00,CELL_001,98.79183534547808,99.2945778115926,0.4692331610550629,70.97206620470924,35.80466429359616,27.526049421102456,4,0,0,0,normal,0,-0.07403020792127835
2026-02-23 04:00:00,CELL_002,99.54508198142126,98.4690270752557,0.5142991550519992,87.94718674049932,38.46776098648311,28.67861923278584,4,0,0,0,normal,0,-0.07152665389026586
2026-02-23 04:00:00,CELL_003,99.0122257285368,98.10364856530772,0.8459029741118018,72.72704425914067,34.42605826595735,25.90223567541828,4,0,0,0,normal,0,-0.09994012416416209
2026-02-23 04:00:00,CELL_004,98.98990701048912,97.91819761692418,0.6437250811003759,79.11216472288591,33.14050894264073,25.546433900634295,4,0,0,0,normal,0,-0.10257323540378593
2026-02-23 04:00:00,CELL_005,98.56134302461793,98.68975714707416,0.4128149730852164,73.45148019200688,36.62873144449765,29.930925462257623,4,0,0,0,normal,0,-0.0834728102277782
2026-02-23 04:00:00,CELL_006,98.91103574047352,97.81518508665168,0.596164654376487,82.4240416688229,40.22061548078469,28.12375070707025,4,0,0,0,normal,0,-0.0925516898749491
2026-02-23 04:00:00,CELL_007,99.59082012756288,98.37727791126618,0.5293675854045888,79.35391063463383,33.202049096227086,30.16255840349629,4,0,0,0,normal,0,-0.09018447429739435
2026-02-23 04:00:00,CELL_008,99.18653691870438,98.40306942344702,0.3438552944977173,78.00304656808564,34.937113994663015,29.59534534655864,4,0,0,0,normal,0,-0.10267234701686995
2026-02-23 05:00:00,CELL_001,99.05299317786786,97.87590614394408,0.6262497328267923,70.34309285448981,43.92254981280292,31.428814202648653,5,0,0,0,normal,0,-0.10249214533215417
2026-02-23 05:00:00,CELL_002,99.23353183170914,97.8770616988762,0.4949056295698159,71.320023868965,40.94210368220637,28.59713864787492,5,0,0,0,normal,0,-0.1026420758018039
2026-02-23 05:00:00,CELL_003,98.80337409617157,97.6589886546476,0.8799935034675603,61.31646848477694,50.76365252228781,30.414246203836683,5,0,0,0,normal,0,-0.10658672433124594
2026-02-23 05:00:00,CELL_004,97.98763327797344,97.72600629208922,0.7304005916149015,66.37722212249601,43.82565495628048,26.77080809478784,5,0,0,0,normal,0,-0.07357229245785224
2026-02-23 05:00:00,CELL_005,98.73696388790056,97.8943785036977,0.7996166654527439,74.75150747254581,49.60066509396811,28.41070212746372,5,0,0,0,normal,0,-0.09442491128754021
2026-02-23 05:00:00,CELL_006,98.2907272834492,96.8038043561304,0.5524321103897158,70.8929035397105,48.5716747104647,31.774951727070697,5,0,0,0,normal,0,-0.06137963168789251
2026-02-23 05:00:00,CELL_007,99.3929670810368,98.63979160849466,0.7313359911278723,81.34536150306118,36.97371383154248,26.08081880076684,5,0,0,0,normal,0,-0.08483011326019074
2026-02-23 05:00:00,CELL_008,99.0074971650968,98.95921296383337,0.6099726325405115,68.25250749704168,43.79886696463375,36.24282555027267,5,0,0,0,normal,0,-0.0746626503360775
2026-02-23 06:00:00,CELL_001,99.2583872684474,97.9622146243549,0.6393396501602371,63.166987326257285,59.5798202690092,34.0334966113223,6,0,0,0,normal,0,-0.08602588788645976
2026-02-23 06:00:00,CELL_002,99.5185090375508,97.82146139155488,0.9119917644705052,77.87550608852976,46.80988783920351,32.48107885023188,6,0,0,0,normal,0,-0.08063270206617368
2026-02-23 06:00:00,CELL_003,98.09040278026696,97.96425060209609,1.1504905439648068,50.5815254938782,56.57153382544589,33.90608573124657,6,0,0,0,normal,0,-0.07206398550749077
2026-02-23 06:00:00,CELL_004,98.2359922591787,97.50530568859428,0.8148017093149726,61.4042515965064,54.56907541314517,34.65849651768822,6,0,0,0,normal,0,-0.09424621756381985
2026-02-23 06:00:00,CELL_005,98.6335213705984,97.5149247409,0.7810559827244735,65.11376371291252,50.60167911607317,38.238899031528206,6,0,0,0,normal,0,-0.10754806434345765
2026-02-23 06:00:00,CELL_006,98.33354308060645,97.01535858313048,1.132155209457957,65.5405175400943,53.41101189142414,38.83448282353801,6,0,0,0,normal,0,-0.07803078126417401
2026-02-23 06:00:00,CELL_007,98.9508724998884,98.16102666069492,0.837916085934492,65.11581504271791,55.98641075103102,29.326723179000627,6,0,0,0,normal,0,-0.10258279618707256
2026-02-23 06:00:00,CELL_008,99.17140614319769,97.88578463665392,0.7364675215068665,68.13886230073005,49.97439715230258,36.71771434823314,6,0,0,0,normal,0,-0.10300622399452353
2026-02-23 07:00:00,CELL_001,98.82518563114384,97.85626353431913,0.9659518699854271,60.322074938182666,56.07119791908187,37.740612932217,7,0,0,0,normal,0,-0.1100417351027399
2026-02-23 07:00:00,CELL_002,98.98584575315977,97.4027474495013,0.8080420851735012,58.283960526360936,64.44928607188717,43.94254105324753,7,0,0,0,normal,0,-0.08218823244663281
2026-02-23 07:00:00,CELL_003,98.17818242140902,96.93788140216304,0.8500361033834325,50.91206331864097,62.924195262675866,48.79200300167957,7,0,0,0,normal,0,-0.05802479011704398
2026-02-23 07:00:00,CELL_004,98.95225164481676,96.8252993355866,1.1101735419464511,63.11588263910832,55.7468654109647,34.61004344086234,7,0,0,0,normal,0,-0.07687850093946869
2026-02-23 07:00:00,CELL_005,97.75276988400591,97.33828645477656,1.3413007248469968,57.65574080244296,62.670853991816,37.47832612240765,7,0,0,0,normal,0,-0.06305154818894526
2026-02-23 07:00:00,CELL_006,98.18411881677348,97.71796783334068,1.0955183206866717,70.22984161682388,56.86603059376522,37.26105074195917,7,0,0,0,normal,0,-0.07745515396157798
2026-02-23 07:00:00,CELL_007,98.63697799441658,98.00193234404504,1.1598765515654177,47.14559885684648,60.780341498886834,41.11307410146053,7,0,0,0,normal,0,-0.08448061043913674
2026-02-23 07:00:00,CELL_008,98.94672495760878,97.83720295269782,1.2643673234162858,46.28419143500806,69.62867578537322,39.12919769019808,7,0,0,0,normal,0,-0.07188387536128543
2026-02-23 08:00:00,CELL_001,98.8475153938939,98.24255781830476,0.8704158001949487,49.21683785520095,62.85762155852401,42.31833008283631,8,0,0,0,normal,0,-0.08439610925813501
2026-02-23 08:00:00,CELL_002,98.9096517498416,86.95517801783265,2.202633100765066,52.59185003663731,66.10358381343404,54.49610117317577,8,0,0,1,handover_degradation,1,0.053278173605617374
2026-02-23 08:00:00,CELL_003,98.25903521586552,97.35849678843776,1.2536768443036204,51.81382766677749,70.69353061262916,44.78435501646948,8,0,0,0,normal,0,-0.09872046089993697
2026-02-23 08:00:00,CELL_004,98.25183209096714,97.17139838877532,0.9523879453147596,54.82145654196319,52.980102433425806,38.55850221448441,8,0,0,0,normal,0,-0.09241096472264948
2026-02-23 08:00:00,CELL_005,97.65161852167655,97.54315750321436,1.1160728355711618,51.47250198606394,57.11066715097559,39.99013175635332,8,0,0,0,normal,0,-0.07235537387104923
2026-02-23 08:00:00,CELL_006,97.79215792902195,96.61716493854992,1.4242863035738202,53.70764126117529,70.56779693090118,45.95261353838565,8,0,0,0,normal,0,-0.06638480478682063
2026-02-23 08:00:00,CELL_007,98.50313760763468,97.69416001363628,0.9840591467912004,59.44241031158291,59.633911625275886,45.629993819296615,8,0,0,0,normal,0,-0.09427469862498594
2026-02-23 08:00:00,CELL_008,98.93657271050112,98.21788687566782,1.133388099964972,54.17891117164591,66.42265244985256,38.04616165191791,8,0,0,0,normal,0,-0.08684963226038328
2026-02-23 09:00:00,CELL_001,98.21255281630118,96.900651417276,1.4244782294205451,36.15902943596187,79.39897450952235,49.35039636882227,9,0,0,0,normal,0,-0.06695109660793958
2026-02-23 09:00:00,CELL_002,98.44283707486998,86.70833006667993,2.241739217898456,46.01710080204942,74.159242232117,54.89031924335573,9,0,0,1,handover_degradation,1,0.04334958846191672
2026-02-23 09:00:00,CELL_003,97.95364579953174,96.8824339139143,1.2016208451552,42.40185023781583,84.85706028122952,47.15522807915232,9,0,0,0,normal,0,-0.05909702180229581
2026-02-23 09:00:00,CELL_004,97.9281884453318,96.92307256651,1.1032196050058911,50.73070338829835,67.67969787956274,37.759810280281584,9,0,0,0,normal,0,-0.08248104136808243
2026-02-23 09:00:00,CELL_005,97.85531878098378,97.7555317462613,1.2077050188987102,57.08850215441653,66.4511948824558,41.8208307043498,9,0,0,0,normal,0,-0.08580902553581915
2026-02-23 09:00:00,CELL_006,97.77227292865186,96.71893929675876,1.7197903445469558,33.185079923698524,76.67715361700745,45.72897756255138,9,0,0,0,normal,0,-0.04360461472255228
2026-02-23 09:00:00,CELL_007,98.7229233113762,97.76196097418838,1.3189851536938877,38.2897971195779,75.4550714000157,47.00994331993752,9,0,0,0,normal,0,-0.06754309749946491
2026-02-23 09:00:00,CELL_008,98.53899630878932,96.83445595854164,1.4009164664522007,48.50200006818692,87.34037756238486,51.03970309153695,9,0,0,0,normal,0,-0.04984330476924215
2026-02-23 10:00:00,CELL_001,98.80184054259652,98.07245938763916,1.2652203211617914,43.52234642735007,80.90052939565517,47.46546931685448,10,0,0,0,normal,0,-0.06473012594991706
2026-02-23 10:00:00,CELL_002,98.60196943559735,87.10977173847743,2.4507424598432026,43.80002193962746,73.78262856432502,55.28129470495183,10,0,0,1,handover_degradation,1,0.04705036710241384
2026-02-23 10:00:00,CELL_003,98.0021034726576,96.95067393177082,1.4781988626000715,39.454307075771226,69.30798542446374,47.120421184540206,10,0,0,0,normal,0,-0.08305598680300541
2026-02-23 10:00:00,CELL_004,97.9161942983765,96.77874236975588,1.5134787410949526,42.15070814681184,79.7604268435076,48.9823425129485,10,0,0,0,normal,0,-0.07601880394771998
2026-02-23 10:00:00,CELL_005,97.8686996121778,96.5855172161489,1.695402678445029,37.131308802335575,81.85263169344472,45.9697828517505,10,0,0,0,normal,0,-0.04358898321653237
2026-02-23 10:00:00,CELL_006,97.73414891047724,96.30860977937924,1.3960773698794748,36.08666758381143,85.00308763072017,49.897520976478354,10,0,0,0,normal,0,-0.026734217936732918
2026-02-23 10:00:00,CELL_007,98.3453588922693,97.5252440544618,1.2947893711969454,36.72202833153749,75.29690049708516,48.07841331115335,10,0,0,0,normal,0,-0.08318411295353473
2026-02-23 10:00:00,CELL_008,98.53022563493778,97.18946816832768,1.3157924612726468,37.26320745684106,80.33887313212624,41.90793985270471,10,0,0,0,normal,0,-0.07408224782666373
2026-02-23 11:00:00,CELL_001,98.43634377804916,97.60233636172762,1.20731642451112,48.63434653401903,74.31280533391366,47.55158114767878,11,0,0,0,normal,0,-0.09781260615810194
2026-02-23 11:00:00,CELL_002,98.61091209840542,86.03107495098214,2.4635965811150227,39.89242423228926,75.04709741973902,54.41828178738822,11,0,0,1,handover_degradation,1,0.03649334873749921
2026-02-23 11:00:00,CELL_003,98.41447041247112,96.67192085213172,1.5891401699749688,38.34707330770834,77.86212129663312,47.43167647881823,11,0,0,0,normal,0,-0.08227877906149511
2026-02-23 11:00:00,CELL_004,97.59800705303016,96.964391184447,1.602984076244976,46.33261751468593,84.19157283406271,47.97066195260538,11,0,0,0,normal,0,-0.053632425698659614
2026-02-23 11:00:00,CELL_005,97.91057516028378,96.30123103732171,1.6069739123130768,41.15212258393871,71.09408755682898,54.65704582834017,11,0,0,0,normal,0,-0.046819162059481
2026-02-23 11:00:00,CELL_006,98.03798396276312,96.0262348356859,1.6778875031481029,33.39775635070866,79.59808139904463,51.44078513555716,11,0,0,0,normal,0,-0.03535015384502782
2026-02-23 11:00:00,CELL_007,98.68280984758262,97.73741870570696,1.3202359939893828,39.5732477898508,80.69893249474539,50.08901765787276,11,0,0,0,normal,0,-0.06980280512887649
2026-02-23 11:00:00,CELL_008,98.9110758029035,96.84815696046869,1.3548864874155313,38.96596849017049,69.80002123614618,52.73204576586532,11,0,0,0,normal,0,-0.06717152986358887
2026-02-23 12:00:00,CELL_001,98.58801734654816,97.49808859930933,1.1504404773062442,43.54789283756588,77.89224041145616,42.83062934753554,12,0,0,0,normal,0,-0.09109236954944516
2026-02-23 12:00:00,CELL_002,98.38707602393744,86.34380824155883,2.371536161224169,35.83843667982749,83.47562447132245,61.05415468741809,12,0,0,1,handover_degradation,1,0.052426393164699325
2026-02-23 12:00:00,CELL_003,98.00180585052674,96.52341726302294,1.695340851125447,54.11783915145795,72.8353919932953,46.98216907998075,12,0,0,0,normal,0,-0.06376292570895725
2026-02-23 12:00:00,CELL_004,98.2465777514238,96.5036231046426,1.4963859681833085,42.47343996276553,71.36013544183292,48.75889516099399,12,0,0,0,normal,0,-0.0834459042475767
2026-02-23 12:00:00,CELL_005,97.5428009746176,97.14293025725264,1.4816051787793134,42.50755767920852,82.92546379445326,48.09061773597024,12,0,0,0,normal,0,-0.06391334197781845
2026-02-23 12:00:00,CELL_006,97.863831016799,96.26335400520549,1.6410971541567978,47.13003186764637,81.80591218128131,46.94823108921415,12,0,0,0,normal,0,-0.05470495981884632
2026-02-23 12:00:00,CELL_007,98.46370507111844,97.63787302194709,1.1762089973431742,41.23843295917724,79.16954124840906,52.39173720628439,12,0,0,0,normal,0,-0.060923998360799925
2026-02-23 12:00:00,CELL_008,98.65254157705458,96.91766856715527,1.396330100640351,45.51710496892145,78.9831443275647,49.45971853600024,12,0,0,0,normal,0,-0.08179634643514039
2026-02-23 13:00:00,CELL_001,98.44154900285476,96.82717249864332,1.3606169624820257,39.295082554668994,84.72179307993919,48.51292772553271,13,0,0,0,normal,0,-0.07708175712603432
2026-02-23 13:00:00,CELL_002,98.50264432625067,86.04403951484494,2.5170667065522068,38.612057556515445,77.32001343513458,55.96249246655924,13,0,0,1,handover_degradation,1,0.03284766034120434
2026-02-23 13:00:00,CELL_003,98.00442951124538,96.5016594307857,1.3413421294575083,34.08715305735677,80.28711130495077,53.94876564876546,13,0,0,0,normal,0,-0.05446079372096263
2026-02-23 13:00:00,CELL_004,97.82317797241085,96.88744793062536,1.33804981408053,44.02822320455648,72.39921640041322,49.1313198484177,13,0,0,0,normal,0,-0.08605226334725402
2026-02-23 13:00:00,CELL_005,97.93061291516996,96.2786719302767,1.5061997088873829,36.41028104439489,74.03195979194449,46.50706404405015,13,0,0,0,normal,0,-0.06550408970088722
2026-02-23 13:00:00,CELL_006,97.9815851900236,96.9648168027732,1.470561355019132,46.81527793656455,82.53814657467763,45.47112032355801,13,0,0,0,normal,0,-0.08585706697935386
2026-02-23 13:00:00,CELL_007,98.51385989362882,97.20339863646574,1.315820366368511,47.88244458650856,76.95023400712486,46.01747889525138,13,0,0,0,normal,0,-0.10375913680896276
2026-02-23 13:00:00,CELL_008,98.63897672185048,97.29109292015772,1.472447179432082,41.01752714061742,76.66093335720824,49.03905625332288,13,0,0,0,normal,0,-0.09044446341815926
2026-02-23 14:00:00,CELL_001,98.30350222746792,97.60662631804486,1.3424210440528033,51.33219695257002,69.20745655279715,48.42913119899064,14,0,0,0,normal,0,-0.09175754844762929
2026-02-23 14:00:00,CELL_002,98.6831968807184,97.16666471867246,1.3500429264904434,54.1926805152024,74.25947655313499,49.09883454981373,14,0,0,0,normal,0,-0.08955092479819982
2026-02-23 14:00:00,CELL_003,98.32811717949306,96.5956599127498,1.3496413664902351,46.37348684069428,76.24222084317881,48.57091837288791,14,0,0,0,normal,0,-0.0844495289638803
2026-02-23 14:00:00,CELL_004,97.4659849951426,96.12454820268404,1.5995790161495838,40.500766852773936,76.37300504217308,43.85460066787543,14,0,0,0,normal,0,-0.040544291957774425
2026-02-23 14:00:00,CELL_005,98.00371586595485,96.90576849343124,1.182970115165085,48.80986412545142,68.118838658226,43.87747068447792,14,0,0,0,normal,0,-0.09016797386311465
2026-02-23 14:00:00,CELL_006,97.54335318075958,97.09501736575533,1.253517529916894,53.77666536967641,75.88037301540396,43.97507751662915,14,0,0,0,normal,0,-0.0739591653941562
2026-02-23 14:00:00,CELL_007,98.03495253775984,96.49970505915849,1.3490337553930187,51.31564988615969,74.55546230387719,50.76188850073682,14,0,0,0,normal,0,-0.07514662108022085
2026-02-23 14:00:00,CELL_008,98.52516498066792,97.184939416447,1.2727804808738674,37.35116908876181,75.11660433686977,47.618546015077335,14,0,0,0,normal,0,-0.09174799769694197
2026-02-23 15:00:00,CELL_001,98.4914408875215,97.39099048463278,1.1630203214821238,48.77754626545014,62.97971705639604,41.8881481182086,15,0,0,0,normal,0,-0.10334076445087159
2026-02-23 15:00:00,CELL_002,98.19324786605718,97.25406319499017,1.2395919969077296,49.422391015710616,71.49851645262564,48.30194540576822,15,0,0,0,normal,0,-0.09036367276089846
2026-02-23 15:00:00,CELL_003,97.8135910673178,96.90681823294771,1.3889415120778223,43.031953251342415,73.96582199720768,43.68770848357983,15,0,0,0,normal,0,-0.08345073470776793
2026-02-23 15:00:00,CELL_004,97.9682998864518,97.39486726569795,1.2281535196265956,41.12871831437519,73.10376427502395,43.18329493939841,15,0,0,0,normal,0,-0.08017400840558947
2026-02-23 15:00:00,CELL_005,97.8116326078936,96.92580001018814,1.454299264596745,46.11519853246554,72.69150810508934,48.584997025961655,15,0,0,0,normal,0,-0.07583952082268802
2026-02-23 15:00:00,CELL_006,97.65671026962572,96.13706402828248,1.2988873694144405,47.153640120692586,72.92981221439699,46.996800571121,15,0,0,0,normal,0,-0.04962327870323169
2026-02-23 15:00:00,CELL_007,98.64635119845836,97.32183014368664,0.983393263766114,51.964711011251325,68.67703061453437,46.88309261137299,15,0,0,0,normal,0,-0.09322001692509657
2026-02-23 15:00:00,CELL_008,98.75645688557842,96.7898945384959,1.273646351682045,55.29365288191291,72.25013851672081,44.31048111238904,15,0,0,0,normal,0,-0.08443352884643412
2026-02-23 16:00:00,CELL_001,98.99343650457024,98.04520611639352,1.0032528657167992,43.56499319288982,71.13804226093588,44.4592548860312,16,0,0,0,normal,0,-0.06510284376127673
2026-02-23 16:00:00,CELL_002,98.63573979351568,98.30257638647562,1.2856638220098138,58.36263464982052,62.301459474465375,42.56896653773498,16,0,0,0,normal,0,-0.08354892711356787
2026-02-23 16:00:00,CELL_003,98.21261003127582,96.74451229762012,1.0028906039028431,48.21505007870081,67.49567078993894,48.606456084167135,16,0,0,0,normal,0,-0.06662210264181956
2026-02-23 16:00:00,CELL_004,98.39982317506994,97.57305542551234,1.0341211090291105,56.72847154629147,56.50909157095703,45.820194784920375,16,0,0,0,normal,0,-0.08748381108823489
2026-02-23 16:00:00,CELL_005,97.99588220534808,96.93972872639864,1.2077738180888524,51.243775396478014,70.88894905452123,40.9734814863431,16,0,0,0,normal,0,-0.08100056517418691
2026-02-23 16:00:00,CELL_006,98.45214987869016,96.78964271039288,1.1182276434670078,61.51805237769169,67.51513619304413,40.00993063710963,16,0,0,0,normal,0,-0.07874932569951537
2026-02-23 16:00:00,CELL_007,98.6211032032904,97.25421976720187,1.253673777035091,50.38764421352006,70.4337225710229,40.896123540657534,16,0,0,0,normal,0,-0.0964354914254168
2026-02-23 16:00:00,CELL_008,98.87036493898908,97.70712065706374,0.8280376560748217,47.46441538397335,76.18869212921915,45.03890136469593,16,0,0,0,normal,0,-0.07243289691660415
2026-02-23 17:00:00,CELL_001,98.86967924485916,97.28966794483296,0.9637342887500452,51.16747811764102,72.10928257395031,47.31911292413725,17,0,0,0,normal,0,-0.07650585610917354
2026-02-23 17:00:00,CELL_002,99.0468164682714,97.86332188172986,1.152346669283514,59.60022123703886,61.24384078063444,40.287401910868645,17,0,0,0,normal,0,-0.08993392701100322
2026-02-23 17:00:00,CELL_003,98.38471466227068,97.07228579536482,1.1493700952161483,57.738542352806846,64.56851257473427,34.592491511269145,17,0,0,0,normal,0,-0.08381374637002115
2026-02-23 17:00:00,CELL_004,98.42426678356163,97.06704919728212,1.2397006091740264,60.323954483010624,63.02703889412764,39.97235930892151,17,0,0,0,normal,0,-0.08779275878503628
2026-02-23 17:00:00,CELL_005,98.05189130497357,97.11632524925746,1.187758931502386,54.09070365293648,58.382960549703576,40.37244788904352,17,0,0,0,normal,0,-0.08286386439155552
2026-02-23 17:00:00,CELL_006,97.99384892455586,96.67019341202354,1.143636368341751,47.36220799382961,64.38293537892038,43.27014914726634,17,0,0,0,normal,0,-0.0697435428299778
2026-02-23 17:00:00,CELL_007,98.18372525015404,97.52918314896245,1.0395046560152252,58.20030038508282,65.50104833403395,41.322351391342295,17,0,0,0,normal,0,-0.0868313349562585
2026-02-23 17:00:00,CELL_008,98.74542453266103,98.56943630731186,1.0362327659446615,64.02165259364304,49.42041589165095,36.15055958960474,17,0,0,0,normal,0,-0.07979490257789223
2026-02-23 18:00:00,CELL_001,99.337679118672,98.04778766116084,0.8839393927922641,60.99610093902006,53.630781479819504,37.50450441078395,18,0,0,0,normal,0,-0.08917435596429907
2026-02-23 18:00:00,CELL_002,98.87114381203251,97.87114966854772,1.0797920086087878,55.4665228653987,55.65963021706323,42.66120489071572,18,0,0,0,normal,0,-0.09108364539237795
2026-02-23 18:00:00,CELL_003,98.48539169994004,97.40984184589608,1.0897236000007156,47.35393769646418,73.14476241497802,38.68176014729022,18,0,0,0,normal,0,-0.0771678966296856
2026-02-23 18:00:00,CELL_004,98.14994074126496,97.59493685040204,0.6503409337939341,66.80324109063464,51.19041746501882,26.337088266411104,18,0,0,0,normal,0,-0.07292543125059725
2026-02-23 18:00:00,CELL_005,98.67650891670444,97.04531753296745,0.8793858430005683,71.01061741099407,43.97337628228248,38.446031907660085,18,0,0,0,normal,0,-0.07825713126529743
2026-02-23 18:00:00,CELL_006,98.47237330109309,97.26737648983156,1.070822634731572,63.6916547740961,48.34147389228538,31.13995907501916,18,0,0,0,normal,0,-0.07593890031550032
2026-02-23 18:00:00,CELL_007,98.99045193654648,97.800419502102,0.980747152681554,59.86996266323332,50.950348434175176,37.72361250114984,18,0,0,0,normal,0,-0.09700778825413814
2026-02-23 18:00:00,CELL_008,98.97441463899472,98.15703591554468,0.718753842276992,51.04385993892572,53.75843046606576,38.6234372618984,18,0,0,0,normal,0,-0.08703535541506824
2026-02-23 19:00:00,CELL_001,99.26094914306128,98.0499741422689,0.5724347502500423,62.50890381782323,43.06502152127128,32.05271806870623,19,0,0,0,normal,0,-0.08636941228628536
2026-02-23 19:00:00,CELL_002,99.90248395118084,98.81669902129052,0.680770872037596,63.85442628538592,44.84187476582089,24.954188895099698,19,0,0,0,normal,0,-0.036701345162575394
2026-02-23 19:00:00,CELL_003,98.63368890970696,97.69037572113342,0.8700955720336786,60.65748997330877,48.15433246381749,38.17380515800628,19,0,0,0,normal,0,-0.09327041166294092
2026-02-23 19:00:00,CELL_004,98.30245533212556,96.85597145130116,0.5198969659511613,73.02827640917161,46.87020652922873,30.56632070561177,19,0,0,0,normal,0,-0.05969987942658944
2026-02-23 19:00:00,CELL_005,98.6665080591761,97.4763270712464,0.5357697035308735,75.5649428559272,42.91499009164836,26.356497498258705,19,0,0,0,normal,0,-0.08235623023328992
2026-02-23 19:00:00,CELL_006,98.31419629843715,97.70285154033668,1.0559394885251872,60.41129974065602,47.62062848439174,36.12777027435924,19,0,0,0,normal,0,-0.07876980393424632
2026-02-23 19:00:00,CELL_007,99.13699874947868,98.65518180920846,0.7571329957990304,63.880085144029394,40.41358347403262,25.863549972640413,19,0,0,0,normal,0,-0.07436733606015905
2026-02-23 19:00:00,CELL_008,98.87339772769168,98.16853628022628,0.5357432157400817,71.73013024299509,40.97002847122817,33.131825423832765,19,0,0,0,normal,0,-0.09590185765890363
2026-02-23 20:00:00,CELL_001,99.40564050078068,98.18384907306316,0.4996650691614898,73.59230280807353,45.81922822866036,25.487569097701503,20,0,0,0,normal,0,-0.08812918136433323
2026-02-23 20:00:00,CELL_002,99.4206991227048,98.79410213217282,0.5189118979350976,72.23984387865805,31.187822095183964,25.252762919196623,20,0,0,0,normal,0,-0.08131777704633475
2026-02-23 20:00:00,CELL_003,98.81610358088597,98.06340709613168,0.7703186059010358,69.94437218975351,35.83099979181141,31.126086351872846,20,0,0,0,normal,0,-0.09760959403473385
2026-02-23 20:00:00,CELL_004,98.19438242222772,98.13221739945462,0.4527725129064547,75.39165473264903,35.10759154258118,29.64141170297424,20,0,0,0,normal,0,-0.08233811406100278
2026-02-23 20:00:00,CELL_005,98.55635283225052,98.37390694903507,0.6142863840046597,72.29377722798061,35.65195397264824,26.41865288006316,20,0,0,0,normal,0,-0.09284379018164185
2026-02-23 20:00:00,CELL_006,98.95720742616086,98.01013132213248,0.5359676938411209,67.91263317051096,36.87801077424368,28.45151922650424,20,0,0,0,normal,0,-0.0955936930463222
2026-02-23 20:00:00,CELL_007,99.29857420831968,98.50038507536392,0.3429345012610674,72.48196582433084,36.42733653217075,26.064384748324564,20,0,0,0,normal,0,-0.09505778599740006
2026-02-23 20:00:00,CELL_008,99.53232742575938,97.99331797118796,0.6761409621516811,67.17958749470431,45.3338444559212,28.835622928204923,20,0,0,0,normal,0,-0.07981294024576069
2026-02-23 21:00:00,CELL_001,99.07349739682796,98.99160485995476,0.3741345900119549,81.9932436769103,29.554686425703235,15.982207584714718,21,0,0,0,normal,0,-0.04491131671940973
2026-02-23 21:00:00,CELL_002,99.02672065772524,98.67649567286536,0.2052399769638404,78.43899162798267,39.46306424184847,28.08971073523541,21,0,0,0,normal,0,-0.07064893990509391
2026-02-23 21:00:00,CELL_003,98.83792957588064,98.14561721877551,0.5568316449950825,66.53736844219281,40.32317561552746,25.728261844335066,21,0,0,0,normal,0,-0.09147304740806661
2026-02-23 21:00:00,CELL_004,99.1373589072536,97.98958755696452,0.5313822681708862,85.6837796911074,25.28559599083072,26.87562468459597,21,0,0,0,normal,0,-0.07325025166132948
2026-02-23 21:00:00,CELL_005,99.19187813909072,97.4982701347752,0.3860666988301368,90.7965231275946,27.90978837421228,22.885747495863228,21,0,0,0,normal,0,-0.05395252483242635
2026-02-23 21:00:00,CELL_006,98.7659914278938,98.51787916993472,0.2701691360596119,88.37924018075651,34.150187238526264,22.810001976630844,21,0,0,0,normal,0,-0.06905742379907343
2026-02-23 21:00:00,CELL_007,99.23997552227036,98.75651803363247,0.5926060174302576,79.39629180664407,25.816593592517712,20.84342979623574,21,0,0,0,normal,0,-0.06707671059192521
2026-02-23 21:00:00,CELL_008,99.01056125712584,98.78605794404235,0.484068582781362,83.93799476132534,30.51835305863362,24.17936654633798,21,0,0,0,normal,0,-0.08248471385893891
2026-02-23 22:00:00,CELL_001,99.47168158269233,98.97096329371234,0.3681075080043241,80.77451783488729,28.76716364531529,22.28087147076386,22,0,0,0,normal,0,-0.08002442364379458
2026-02-23 22:00:00,CELL_002,99.68165048885815,99.05387486731084,0.2589437015947562,86.7373545362037,35.97215629433379,27.11176665188003,22,0,0,0,normal,0,-0.049747970893847415
2026-02-23 22:00:00,CELL_003,98.8448265846067,99.20560164370916,0.3365664262208913,80.88953181528335,39.56040445781796,20.73415313982312,22,0,0,0,normal,0,-0.04685096370592956
2026-02-23 22:00:00,CELL_004,99.07087149065072,97.66853868975836,0.5078537947486926,81.0030699058087,25.25875354766442,25.4398445992069,22,0,0,0,normal,0,-0.07399798512976846
2026-02-23 22:00:00,CELL_005,98.6399109960864,98.22554279087932,0.1994143737166993,81.8421206009791,29.00125285057073,22.889147202624653,22,0,0,0,normal,0,-0.06781844745257865
2026-02-23 22:00:00,CELL_006,98.8255708527733,98.9319289735489,0.3541484563842321,73.66994639531374,29.8987874750836,17.933020768517505,22,0,0,0,normal,0,-0.05315819696099461
2026-02-23 22:00:00,CELL_007,99.71545951979508,98.62754345441424,0.2445302766148709,75.83057456795032,36.846396065700105,19.94345805475704,22,0,0,0,normal,0,-0.0526476215761727
2026-02-23 22:00:00,CELL_008,99.53887868055408,98.24739291847342,0.4581146049990765,83.62438155709043,34.62895054960234,26.07815830664547,22,0,0,0,normal,0,-0.08370784064945752
2026-02-23 23:00:00,CELL_001,99.64386822630898,99.37386787602529,0.3385977032452975,86.53490536343119,26.369351337958484,19.02196251254945,23,0,0,0,normal,0,-0.019649504771199422
2026-02-23 23:00:00,CELL_002,99.32750287973757,98.7417441492697,0.2131992652804713,81.52268269564935,26.352344203854223,21.72254138944976,23,0,0,0,normal,0,-0.06555055478845778
2026-02-23 23:00:00,CELL_003,99.27369955024766,98.38164702749704,0.4408645901678639,73.8718015258343,35.96624053101719,21.30619185296361,23,0,0,0,normal,0,-0.07435527593410024
2026-02-23 23:00:00,CELL_004,99.12546808900808,98.40472686466562,0.1236659607980082,90.99530996284764,19.43672758510529,18.63311900936563,23,0,0,0,normal,0,-0.020276884533077077
2026-02-23 23:00:00,CELL_005,98.60569376160085,98.22452287078008,0.3112309429805533,87.93790238538834,28.414196893212058,19.145289207545662,23,0,0,0,normal,0,-0.05005597728996969
2026-02-23 23:00:00,CELL_006,98.71194411767986,98.2549341307178,0.3886799661066432,80.96288531267324,29.95784792847608,19.298850801540134,23,0,0,0,normal,0,-0.06376340319861373
2026-02-23 23:00:00,CELL_007,99.50183169655544,98.54386412907432,0.1412575789796815,81.41059403636763,25.782655104275644,25.91213648512647,23,0,0,0,normal,0,-0.05724417564465467
2026-02-23 23:00:00,CELL_008,99.87864906304304,99.33546005162366,0.1106080645119217,90.57833954812315,27.89548262040079,19.542450668992835,23,0,0,0,normal,1,0.0030072300520248563
2026-02-24 00:00:00,CELL_001,100.0,98.32775801853708,0.0204126981879183,94.06703849257713,31.2166416828591,21.17109858318613,0,1,0,0,normal,0,-0.019816031615690677
2026-02-24 00:00:00,CELL_002,99.71416183967226,99.95025340414765,0.1191069108758789,98.0405303130792,32.79566027499826,19.0962419743378,0,1,0,0,normal,1,0.00784951659136901
2026-02-24 00:00:00,CELL_003,99.15519498459794,98.38195899099492,0.2036582268421362,75.86570925820504,33.71789321023226,18.530968943922066,0,1,0,0,normal,0,-0.07770713546183317
2026-02-24 00:00:00,CELL_004,98.87521500439809,97.96610885692466,0.2201627191991982,85.81047020199756,27.803560811518174,19.62280720469068,0,1,0,0,normal,0,-0.0704465277174181
2026-02-24 00:00:00,CELL_005,98.9726332523184,97.63656740109286,0.3362195810771857,85.9015722119769,25.693230945944336,18.2232327485409,0,1,0,0,normal,0,-0.06732103814944129
2026-02-24 00:00:00,CELL_006,98.73360835995622,98.37681461908424,0.4137417136341876,81.47268565201985,29.651399854122573,26.017425901221216,0,1,0,0,normal,0,-0.09475959888720603
2026-02-24 00:00:00,CELL_007,99.1262402415108,99.07956626026436,0.5085676018407275,87.49641001469755,25.243292059277763,22.81849850596257,0,1,0,0,normal,0,-0.06336357665542514
2026-02-24 00:00:00,CELL_008,99.28515799989694,98.8528112259964,0.2446011297128048,84.49614384947147,25.42478195087395,17.162607027512163,0,1,0,0,normal,0,-0.06714327062362535
2026-02-24 01:00:00,CELL_001,99.80679538901758,99.29968693910376,0.0,82.69842786407418,29.133565696155344,19.929736204501275,1,1,0,0,normal,0,-0.03791377466621337
2026-02-24 01:00:00,CELL_002,99.44269859054631,99.2647347385304,0.2111929825664001,79.35649088341418,25.231041429558488,20.282855778322315,1,1,0,0,normal,0,-0.07086862713448111
2026-02-24 01:00:00,CELL_003,99.32481271406054,98.44565092521978,0.4178706094514294,75.11267366982551,29.58001044663142,23.01125382757041,1,1,0,0,normal,0,-0.10866657597812662
2026-02-24 01:00:00,CELL_004,98.50839029935852,97.9236127345532,0.1200006724939447,86.93309240347699,25.09557118163768,14.550936920814872,1,1,0,0,normal,0,-0.024595935250136036
2026-02-24 01:00:00,CELL_005,98.97136602286388,98.9262526873284,0.4222605976501039,85.52856782811047,22.23409927930995,20.67947887588251,1,1,0,0,normal,0,-0.07989408546697063
2026-02-24 01:00:00,CELL_006,99.02598577083232,98.73481931764108,0.7322098149820736,73.9773364986823,32.98235159303016,23.6853713584248,1,1,0,0,normal,0,-0.09207746280192441
2026-02-24 01:00:00,CELL_007,99.2819274440488,98.88447390030156,0.3236793885105613,86.92712812402348,27.07963127422626,24.380088575979357,1,1,0,0,normal,0,-0.08996644837410023
2026-02-24 01:00:00,CELL_008,99.19369625441544,98.16708215678736,0.5454863491041753,83.68092010874638,30.841168503704345,20.95861233707127,1,1,0,0,normal,0,-0.09626845966772768
2026-02-24 02:00:00,CELL_001,100.0,99.80330487329068,0.1409510798632115,85.78382942336907,27.402467695713987,19.444120654925804,2,1,0,0,normal,0,-0.018199023670849357
2026-02-24 02:00:00,CELL_002,99.46395854377457,98.7024487241336,0.0730633119849149,84.65090664012492,33.54719053105827,17.899639157300946,2,1,0,0,normal,0,-0.07281313784027704
2026-02-24 02:00:00,CELL_003,98.82976249638878,98.67365610519994,0.6136027742188527,89.05495915759629,30.9031387039511,25.12305988623134,2,1,0,0,normal,0,-0.08297984081753168
2026-02-24 02:00:00,CELL_004,98.78346988879272,98.5554474165983,0.4393891573213319,85.3073996394774,27.779053908382643,20.327252223940576,2,1,0,0,normal,0,-0.09132518906232373
2026-02-24 02:00:00,CELL_005,99.01123865930488,97.9120085582776,0.0158511847240147,86.25121418691859,26.78987424999916,19.653887790175915,2,1,0,0,normal,0,-0.06555835487776568
2026-02-24 02:00:00,CELL_006,98.922654410587,97.86900839737024,0.3177141247776868,73.47764685877415,27.20497534144959,24.523800131100234,2,1,0,0,normal,0,-0.09599767588331554
2026-02-24 02:00:00,CELL_007,99.87105441369076,99.00538598634311,0.347391545696964,74.745654335379,32.66161434765316,28.065580051583535,2,1,0,0,normal,0,-0.08097205137667635
2026-02-24 02:00:00,CELL_008,99.51108146516312,98.55653740610008,0.1810098769125384,92.5293492368574,26.596364218537413,26.87250358505301,2,1,0,0,normal,0,-0.05899868220772225
2026-02-24 03:00:00,CELL_001,99.58892855780464,98.47588466257956,0.6912565749718009,74.53505162154346,36.53178714492459,19.94105758545225,3,1,0,0,normal,0,-0.08744401205390512
2026-02-24 03:00:00,CELL_002,99.79364466443565,99.0295520268531,0.479281357732251,76.67918905530628,28.233188376453,29.557153991720064,3,1,0,0,normal,0,-0.0726926674948638
2026-02-24 03:00:00,CELL_003,98.9224643695967,98.27096027407676,0.3067097922327048,67.57632689001323,34.66917434150172,24.576271047867685,3,1,0,0,normal,0,-0.10224341616700261
2026-02-24 03:00:00,CELL_004,99.17341044737704,98.72332918962329,0.2475907207038191,82.12654001755536,30.06233873812345,22.80851144239905,3,1,0,0,normal,0,-0.10518535480107
2026-02-24 03:00:00,CELL_005,98.67341085602835,98.4282755469922,0.4566160703393396,89.1473436347859,35.0123668248429,14.634581615334596,3,1,0,0,normal,0,-0.057489074883131375
2026-02-24 03:00:00,CELL_006,98.53016922294056,98.47290018132136,0.2481656123308376,78.07742711015939,42.96475995626285,24.512424167831583,3,1,0,0,normal,0,-0.09131412568850866
2026-02-24 03:00:00,CELL_007,99.3202948718134,99.04133969165996,0.5765217157634803,73.27118721821628,39.17648453690404,25.860070049925373,3,1,0,0,normal,0,-0.09817905285750761
2026-02-24 03:00:00,CELL_008,98.99418437151958,98.31796051558418,0.387488974269892,74.48366197830225,37.75805606875112,25.89723635148471,3,1,0,0,normal,0,-0.11836866695851322
2026-02-24 04:00:00,CELL_001,99.20747438225558,99.2158951445226,0.7785973711480927,70.81517199742879,37.33887238951828,23.815449447974025,4,1,0,0,normal,0,-0.08474717708981672
2026-02-24 04:00:00,CELL_002,98.86001208401868,98.53747129907386,0.4668246515814696,71.24211726751331,48.431774372169535,30.08202125993294,4,1,0,0,normal,0,-0.10446862521127026
2026-02-24 04:00:00,CELL_003,98.7697846223092,98.13244334123672,0.5167954156204527,69.75871817708594,44.971217243242805,31.496956736069023,4,1,0,0,normal,0,-0.11387756282296718
2026-02-24 04:00:00,CELL_004,98.83875701072267,98.0245637454594,0.6489325411225569,77.37592410812141,31.891747859333154,28.675039306232875,4,1,0,0,normal,0,-0.11630574060169607
2026-02-24 04:00:00,CELL_005,99.15141521689377,98.01114302286516,0.3622126350704068,84.91869088048753,31.180339724631697,20.170997777522825,4,1,0,0,normal,0,-0.10016534500669727
2026-02-24 04:00:00,CELL_006,98.84581808509913,97.5927370368566,0.8363856155347685,69.63321087509965,44.15079053745044,24.67539532532277,4,1,0,0,normal,0,-0.1061108118262159
2026-02-24 04:00:00,CELL_007,98.81007606339978,98.61803352294366,0.5703786158563835,68.10789216464048,36.240489672137095,27.79732038245845,4,1,0,0,normal,0,-0.1028059047892475
2026-02-24 04:00:00,CELL_008,99.3170238355034,98.71831679418784,0.4548647599143129,72.03177567930194,33.98358416774555,29.070401265945392,4,1,0,0,normal,0,-0.10652211837975928
2026-02-24 05:00:00,CELL_001,99.30471979425978,98.29569451190756,0.8598092752405103,68.00262800087576,44.43268817500617,30.811842277091937,5,1,0,0,normal,0,-0.11405935036504877
2026-02-24 05:00:00,CELL_002,99.09765917729948,98.38908196439678,0.7845638077463006,67.19868721146248,40.24019396251395,32.843589032777345,5,1,0,0,normal,0,-0.11526108128170415
2026-02-24 05:00:00,CELL_003,98.7517646350662,97.96938102575388,0.7953875412253375,62.26933444061731,50.84096789060013,29.496153217274543,5,1,0,0,normal,0,-0.11996697608907192
2026-02-24 05:00:00,CELL_004,98.20493923620111,98.20406280546882,0.6590436999516089,61.72501602767867,37.19631446840874,22.067110035703028,5,1,0,0,normal,0,-0.07033808685340603
2026-02-24 05:00:00,CELL_005,99.16317563934142,97.58907537869388,0.7541265835007641,72.55465384563546,43.68480647298334,26.535742817098477,5,1,0,0,normal,0,-0.11060306257475538
2026-02-24 05:00:00,CELL_006,98.2431626302404,97.66643427894644,1.008763149671026,73.06932381283633,50.662451019433696,34.26776987334043,5,1,0,0,normal,0,-0.09107884355963541
2026-02-24 05:00:00,CELL_007,99.21175664845232,98.30653970832924,0.862339167593162,70.70483925799745,41.961050203388176,34.64363772240312,5,1,0,0,normal,0,-0.11184153164262056
2026-02-24 05:00:00,CELL_008,99.60650282631484,98.35022147290974,0.9230725652545996,61.29534185251205,43.04039451883658,36.539998773475375,5,1,0,0,normal,0,-0.09059393312964659
2026-02-24 06:00:00,CELL_001,99.10166792454308,97.55821745811409,0.789012226986831,59.802371138657136,42.75311480489819,40.35028022922103,6,1,0,0,normal,0,-0.10913243601629741
2026-02-24 06:00:00,CELL_002,98.93813682544116,98.27279687075423,0.993164596869464,61.648959573301376,56.35197489685803,36.163570270644286,6,1,0,0,normal,0,-0.10853952661571709
2026-02-24 06:00:00,CELL_003,98.7292462441092,97.364503488852,0.9159074399699316,55.16147500147102,63.20870728427539,39.604664412632445,6,1,0,0,normal,0,-0.11304291595931548
2026-02-24 06:00:00,CELL_004,98.4313821737738,97.43878088008135,0.8415399937247574,68.95972560748446,52.45004934775427,29.334662453575422,6,1,0,0,normal,0,-0.10666048337797818
2026-02-24 06:00:00,CELL_005,98.50505176318876,97.46614212508078,0.8563929634992655,64.94911539197098,46.93442720245773,29.852879325634373,6,1,0,0,normal,0,-0.11075833150218162
2026-02-24 06:00:00,CELL_006,98.41603154164515,97.05430653853,0.8398441012393082,62.39761905275885,54.98333320113138,41.42166845520045,6,1,0,0,normal,0,-0.09997498854384279
2026-02-24 06:00:00,CELL_007,98.88340920304051,98.13458140587936,0.4647081170943629,70.88244185337106,43.03580830385949,29.981284597671344,6,1,0,0,normal,0,-0.12386291834038077
2026-02-24 06:00:00,CELL_008,98.96827842495009,97.97266335911272,0.9601247709676256,61.85498151002847,52.6680685247953,34.931302719562616,6,1,0,0,normal,0,-0.12090424135493921
2026-02-24 07:00:00,CELL_001,98.73863036299451,97.82780037510844,0.6198349273930361,61.398814576257735,54.85625999997156,36.63980012308172,7,1,0,0,normal,0,-0.11606587536034135
2026-02-24 07:00:00,CELL_002,99.31618246364316,97.65006582829749,0.784699476906732,55.84321193688125,62.00888929233153,41.826719705680816,7,1,0,0,normal,0,-0.10337167778027634
2026-02-24 07:00:00,CELL_003,98.33188584977276,97.35324413467268,1.13698006409858,56.13898711038797,68.1575949764154,45.09533426585345,7,1,0,0,normal,0,-0.1076396887571987
2026-02-24 07:00:00,CELL_004,98.38044353418373,97.37383330863358,0.8365951599307604,53.50253409244174,61.386632394872265,37.94986994050853,7,1,0,0,normal,0,-0.1091337315812238
2026-02-24 07:00:00,CELL_005,98.32633294887128,97.02931112647394,1.0697991723074691,52.68538631065771,62.1026323142216,40.11772504949611,7,1,0,0,normal,0,-0.10935937297339837
2026-02-24 07:00:00,CELL_006,98.20817015196992,97.76504375472054,1.0304426740841448,61.50102387428347,55.35942520272837,35.41078780479727,7,1,0,0,normal,0,-0.10167469844678101
2026-02-24 07:00:00,CELL_007,99.12309445465954,98.18127852729474,0.9072146083614966,52.81031780214185,61.899385065226,41.69508604567393,7,1,0,0,normal,0,-0.10460270254570825
2026-02-24 07:00:00,CELL_008,99.1450709015173,97.54557481155923,1.080280625595206,53.65747076621391,59.27625511247106,40.5571635481088,7,1,0,0,normal,0,-0.11505227598769541
2026-02-24 08:00:00,CELL_001,98.67701489000083,98.001181836705,0.7360038457310818,63.83528247372224,66.18873896828902,42.923497527243406,8,1,0,0,normal,0,-0.09953653378782973
2026-02-24 08:00:00,CELL_002,98.67608424517442,97.45423334039332,1.0350566781090635,51.47701560669455,60.99589242493687,41.58269742264233,8,1,0,0,normal,0,-0.1232240857714147
2026-02-24 08:00:00,CELL_003,98.39036983357283,97.52031699608013,1.416107700328982,47.04984231740308,76.81645555262942,46.66112579261231,8,1,0,0,normal,0,-0.10149659517962484
2026-02-24 08:00:00,CELL_004,98.17009215967484,97.1859969872305,1.2657873467303868,54.26573362874928,59.62907657857525,42.34604615000725,8,1,0,0,normal,0,-0.11533264554290046
2026-02-24 08:00:00,CELL_005,97.7167016437333,97.08591314841536,1.0950247894234946,59.00968020722736,64.31382010295313,37.4380623420408,8,1,0,0,normal,0,-0.08334187014513683
2026-02-24 08:00:00,CELL_006,98.25829348683123,96.9307958291013,1.224108318439621,31.931658958003176,70.40017770537071,49.47877054166619,8,1,0,0,normal,0,-0.07502626545248908
2026-02-24 08:00:00,CELL_007,98.39744194594977,97.93207893226231,1.0188085474832849,44.2795165118672,62.3002209118762,47.80875073187251,8,1,0,0,normal,0,-0.08457099297524273
2026-02-24 08:00:00,CELL_008,98.68751349212808,96.7862346885744,1.3598659291280282,42.91552514330693,79.16081373783618,47.02817515853329,8,1,0,0,normal,0,-0.08748898973158753
2026-02-24 09:00:00,CELL_001,98.59964392625866,97.15790958999592,1.117380046217575,43.93370912867193,66.21225595323725,47.84815026415766,9,1,0,0,normal,0,-0.10214921682881384
2026-02-24 09:00:00,CELL_002,98.35295316737393,97.92459752404612,1.367979258163058,48.35896700333191,81.92246820735677,46.16832498155028,9,1,0,0,normal,0,-0.09069748138974892
2026-02-24 09:00:00,CELL_003,98.33365404155396,97.10012230919205,1.0102604713543395,42.23103289279601,74.096659876184,45.69679655497494,9,1,0,0,normal,0,-0.09619470106686623
2026-02-24 09:00:00,CELL_004,97.69155579234776,97.03690644379896,1.5129181479192535,46.55528331066344,70.22137230034649,42.24005358666032,9,1,0,0,normal,0,-0.09156356278832012
2026-02-24 09:00:00,CELL_005,97.99507639247445,96.6633047297751,1.3133493259277358,53.06993249649106,73.62162470255377,43.12273457372533,9,1,0,0,normal,0,-0.10574312071146041
2026-02-24 09:00:00,CELL_006,98.30474650792048,96.67636205929324,1.6712245212809314,47.69889411162716,73.78019682057459,53.87946597268044,9,1,0,0,normal,0,-0.07737814222821365
2026-02-24 09:00:00,CELL_007,98.36748353437078,97.72624877903472,1.2752205448952452,53.49864691964101,65.37819083398416,45.224306429984885,9,1,0,0,normal,0,-0.11731000095860372
2026-02-24 09:00:00,CELL_008,98.78793887442563,97.93774674209268,1.2947338705385991,38.78596214949508,59.7973340409001,43.41670385515767,9,1,0,0,normal,0,-0.08974338278670618
2026-02-24 10:00:00,CELL_001,98.89143858551196,96.99957475719876,1.3408267732348642,39.391348007950754,79.74315772721192,46.58433516738054,10,1,0,0,normal,0,-0.0913038011666712
2026-02-24 10:00:00,CELL_002,98.6411045110776,97.40788135381084,1.2327782228862414,39.11325123986579,79.199051154698,49.83369726617212,10,1,0,0,normal,0,-0.09026830023088178
2026-02-24 10:00:00,CELL_003,98.12045649611387,96.5308149612998,1.5280392106218008,35.36733030121103,80.54204523720867,48.81136959990688,10,1,0,0,normal,0,-0.07678250067537351
2026-02-24 10:00:00,CELL_004,97.84848269648776,96.43287011401873,1.5792104880556466,51.130692445955454,67.98755639981985,52.42031730127263,10,1,0,0,normal,0,-0.06636976427170554
2026-02-24 10:00:00,CELL_005,97.7949170910164,96.38151925518004,1.534406940570166,43.351736496703744,78.72307104418749,53.12873594581915,10,1,0,0,normal,0,-0.07328637346927014
2026-02-24 10:00:00,CELL_006,97.8163792732745,96.49016139079497,1.2834882271923194,39.46228041501438,77.99828348416892,47.258850990312666,10,1,0,0,normal,0,-0.08790393460642743
2026-02-24 10:00:00,CELL_007,98.70823607422813,97.10667746776532,1.2556193491988827,43.73845777201781,79.55559785915851,47.94665702828162,10,1,0,0,normal,0,-0.10381560571031634
2026-02-24 10:00:00,CELL_008,98.01666511690246,97.22150143215497,1.5731442044343635,37.41728263659823,79.10979030322507,48.6279991797911,10,1,0,0,normal,0,-0.08704962930100701
2026-02-24 11:00:00,CELL_001,97.94658008249723,97.38252946886512,1.5889000414413423,40.28629396325882,78.44644852528154,50.69916944397962,11,1,0,0,normal,0,-0.09085196437629778
2026-02-24 11:00:00,CELL_002,98.27775668146128,96.96843895619028,1.2602467923740823,40.67201542455688,70.88984453223591,44.00534107403182,11,1,0,0,normal,0,-0.1159503961682522
2026-02-24 11:00:00,CELL_003,97.85183960726044,96.67783565688806,1.3066168632797988,43.1107048685032,72.14803236938911,53.35461457927818,11,1,0,0,normal,0,-0.09046964528537049
2026-02-24 11:00:00,CELL_004,97.7507267107007,95.8579523130519,1.4032786900399292,41.64655102778986,77.48892055345429,43.02002263871837,11,1,0,0,normal,0,-0.07345685862927348
2026-02-24 11:00:00,CELL_005,97.75979525284713,97.09608142221197,1.2591486235628822,51.89756488435564,69.0879080658572,50.17099532724023,11,1,0,0,normal,0,-0.09627241015205851
2026-02-24 11:00:00,CELL_006,97.08722305084773,97.47070156085704,1.3908069397333986,47.3109945713269,81.6590056254534,44.85376349057503,11,1,0,0,normal,0,-0.07036653116694719
2026-02-24 11:00:00,CELL_007,98.13168601023774,97.24596688853802,1.1429044320130637,36.43986036340286,78.7678686617324,48.99534769072205,11,1,0,0,normal,0,-0.08038868663772175
2026-02-24 11:00:00,CELL_008,98.39599391287766,97.65548708786424,1.4578730859013638,35.63701122155703,84.65754616208591,56.93672420852463,11,1,0,0,normal,0,-0.05036077382537274
2026-02-24 12:00:00,CELL_001,98.77775882629496,97.19017021932746,1.5144380429433686,42.9386160450243,85.8490317025696,47.13878181335315,12,1,0,0,normal,0,-0.08606957482951555
2026-02-24 12:00:00,CELL_002,98.28958872785569,97.12786786071942,1.4707573835689831,42.465670353278185,78.04015892408052,54.47093583306605,12,1,0,0,normal,0,-0.10233067591573358
2026-02-24 12:00:00,CELL_003,98.2788831227504,96.04967776897809,1.4787149461383826,42.76188596504672,80.84228300933577,47.31583100168408,12,1,0,0,normal,0,-0.09101927752833239
2026-02-24 12:00:00,CELL_004,97.79236709303532,96.97364467051624,1.235878212305325,38.52717268149723,74.56993610030324,48.52295725711808,12,1,0,0,normal,0,-0.10312050655755695
2026-02-24 12:00:00,CELL_005,97.7825619827156,96.70587278291396,1.3686505784143328,49.60711364675027,79.42749774118535,48.94906940574104,12,1,0,0,normal,0,-0.09809566114922225
2026-02-24 12:00:00,CELL_006,97.72830230362293,96.4798291133586,1.4704574489498898,36.55333917709348,81.7409272137629,46.73020358312007,12,1,0,0,normal,0,-0.08185820356236245
2026-02-24 12:00:00,CELL_007,98.51825664754308,97.3194565934616,1.0815118718728876,34.54821163768956,80.92642235376458,48.02821022498084,12,1,0,0,normal,0,-0.08016706458674772
2026-02-24 12:00:00,CELL_008,98.68192148538684,97.36997178985484,1.2822274899487494,49.19230036094113,82.41802391092723,47.05381836577052,12,1,0,0,normal,0,-0.10475033449391224
2026-02-24 13:00:00,CELL_001,98.21651549767007,97.35533233978028,1.4439679005667598,41.317754059773925,86.29207890085942,52.59447331547303,13,1,0,0,normal,0,-0.07615731496620015
2026-02-24 13:00:00,CELL_002,98.64946097093728,96.98996893496032,1.2935201010272157,43.41445553836505,84.150407222723,55.21440025684705,13,1,0,0,normal,0,-0.0798438603199928
2026-02-24 13:00:00,CELL_003,97.85807993955616,96.83775385374808,1.3831597884073217,38.57515245605906,80.2099122286818,54.352542007196405,13,1,0,0,normal,0,-0.08682859184108571
2026-02-24 13:00:00,CELL_004,98.03803734369816,96.67120805537267,1.3050707482148562,43.64524112119964,72.36400166294007,42.1328450942353,13,1,0,0,normal,0,-0.11179403078634925
2026-02-24 13:00:00,CELL_005,97.79460050169908,96.66297373860888,1.6535093736899624,52.87159359813432,82.15570170083606,52.92497800660189,13,1,0,0,normal,0,-0.06611448525418745
2026-02-24 13:00:00,CELL_006,97.67601169862482,95.9213769788972,1.610674877878182,42.58438338448339,89.52425310625078,46.76677124261244,13,1,0,0,normal,0,-0.042942705519950164
2026-02-24 13:00:00,CELL_007,98.2348910691592,96.82519117513856,1.325903944369055,48.86737529621087,80.76489945868302,45.74524240940709,13,1,0,0,normal,0,-0.10977203506196637
2026-02-24 13:00:00,CELL_008,98.71595777753136,96.81567992209622,1.4977845931267997,39.80977272998844,77.99370333587875,48.32165317110922,13,1,0,0,normal,0,-0.10475699483555279
2026-02-24 14:00:00,CELL_001,98.12875511156211,97.26554554862976,1.255319821107241,47.21025154360075,77.17150013325382,49.927694094615084,14,1,0,0,normal,0,-0.10330923816232118
2026-02-24 14:00:00,CELL_002,97.85233791304108,97.62902222325448,1.6333514198450376,52.76230416901792,78.67924486249535,48.43924260372736,14,1,0,0,normal,0,-0.08324725029992364
2026-02-24 14:00:00,CELL_003,98.08434421134524,97.24888612670856,1.399273586505442,42.20972191904189,80.85232158388622,51.263666718305714,14,1,0,0,normal,0,-0.0980350114341525
2026-02-24 14:00:00,CELL_004,97.75346463719976,96.03143145366006,1.450052232139307,41.29374329931842,73.3387016978602,46.048409333747394,14,1,0,0,normal,0,-0.074611905423703
2026-02-24 14:00:00,CELL_005,97.66075713920353,96.5077577843488,1.28847960972403,43.1972202021104,68.96598893252362,45.01800597915069,14,1,0,0,normal,0,-0.08894567317962077
2026-02-24 14:00:00,CELL_006,97.84523016361612,96.43433393735614,1.6243682131630788,37.50255637851563,67.44276603742085,45.99770893975026,14,1,0,0,normal,0,-0.07610164271801084
2026-02-24 14:00:00,CELL_007,98.41882344283596,97.2569183790498,1.4137514065436123,42.62807766985473,73.74229254893116,38.88544899211168,14,1,0,0,normal,0,-0.11011167491910318
2026-02-24 14:00:00,CELL_008,99.00328392220209,97.5657327768608,1.2009548066157278,42.07201544647082,72.07126131297056,43.48807013194447,14,1,0,0,normal,0,-0.09808815468059584
2026-02-24 15:00:00,CELL_001,98.9120554490078,97.56811658338536,1.099384594893017,34.106375025633945,71.77201702468768,46.73646518973767,15,1,0,0,normal,0,-0.07765871838952082
2026-02-24 15:00:00,CELL_002,98.43122635043429,97.27359088383866,1.2935685099427696,50.217217857226174,71.49580784653969,42.30421839223726,15,1,0,0,normal,0,-0.12480138007398939
2026-02-24 15:00:00,CELL_003,98.30254829939504,96.65972594315444,1.5097917259213036,46.25969398554035,69.27425522669436,44.426814493484585,15,1,0,0,normal,0,-0.10948650285360284
2026-02-24 15:00:00,CELL_004,98.20594492680908,96.86986581058947,1.3028779630995506,46.11486801561284,68.1144609502939,44.91209507516662,15,1,0,0,normal,0,-0.11423486317916898
2026-02-24 15:00:00,CELL_005,98.07881015692736,97.6350198568275,1.2215970558275262,53.25053119016721,59.61476376729063,40.6451211017701,15,1,0,0,normal,0,-0.118280153093754
2026-02-24 15:00:00,CELL_006,98.24533461761143,97.20944261732517,1.4451705543064353,41.50750512497832,68.05625306306435,44.26821383536214,15,1,0,0,normal,0,-0.11269948460730927
2026-02-24 15:00:00,CELL_007,98.63766313494268,97.00927152534346,1.2675441158271474,41.47570683441528,70.83858811634488,42.95719767245074,15,1,0,0,normal,0,-0.11162563380811169
2026-02-24 15:00:00,CELL_008,98.43698720172704,96.91914060383236,0.9975760302336424,54.96768788205792,75.4322837127185,45.46935255607071,15,1,0,0,normal,0,-0.10190333839336102
2026-02-24 16:00:00,CELL_001,98.95715596370924,97.48460960136264,1.1245091517880283,40.19536839867303,64.87863248799252,39.56552570797665,16,1,0,0,normal,0,-0.093597800351362
2026-02-24 16:00:00,CELL_002,98.6343345958346,97.68227135593249,1.178414621370674,50.2472115646362,68.74290942638275,44.39448726206809,16,1,0,0,normal,0,-0.11690748136826634
2026-02-24 16:00:00,CELL_003,98.234943147487,97.13764970359752,1.3329046400856848,43.2542856782042,72.6958432474954,48.7134008410742,16,1,0,0,normal,0,-0.10999055126715779
2026-02-24 16:00:00,CELL_004,98.54073233792464,97.1373649238071,0.96323294180297,46.84224930915767,66.64774557647023,41.84145354903532,16,1,0,0,normal,0,-0.1098792700028896
2026-02-24 16:00:00,CELL_005,97.99650148675435,97.13782230067268,0.9250861085769247,54.879990307600345,60.514719608624965,36.25818833266271,16,1,0,0,normal,0,-0.10050320288654968
2026-02-24 16:00:00,CELL_006,97.800047329858,97.35711200373058,1.4840940522860715,42.455707023179386,70.76801790874029,40.50599819026985,16,1,0,0,normal,0,-0.08718825548706982
2026-02-24 16:00:00,CELL_007,98.92737165807642,97.46438550675984,1.141029407244084,55.45237425742887,57.84609419620545,40.344212052799726,16,1,0,0,normal,0,-0.11980446417462043
2026-02-24 16:00:00,CELL_008,98.61442068233126,96.9070229107294,1.0706577266054456,54.07071131457644,64.87315107260106,43.98808083684362,16,1,0,0,normal,0,-0.11142987238115148
2026-02-24 17:00:00,CELL_001,99.31185102606602,98.05308070221176,0.9669077414831724,58.052123292229375,53.099289242574685,38.433420977312274,17,1,0,0,normal,0,-0.1078526541819213
2026-02-24 17:00:00,CELL_002,99.3702670234586,97.7056307129097,0.8840914721521547,56.1745130793912,53.263913317283176,36.75054902081213,17,1,0,0,normal,0,-0.10522871642865322
2026-02-24 17:00:00,CELL_003,98.54185522163772,97.95884670743804,1.0682495531666332,60.62684263058631,52.51521620555391,32.71579262838334,17,1,0,0,normal,0,-0.1142636189861454
2026-02-24 17:00:00,CELL_004,99.09458284790078,97.29922612385276,1.1180887889589377,57.12654613550073,59.62975628723294,34.11504711235524,17,1,0,0,normal,0,-0.10727362549727953
2026-02-24 17:00:00,CELL_005,98.5228083724453,96.60812886963552,0.7842356162015802,71.46121407698006,58.17696937515765,41.53936290891198,17,1,0,0,normal,0,-0.08117787401141296
2026-02-24 17:00:00,CELL_006,98.1090131375796,97.25174638720748,0.9261765645855234,50.76919262615015,54.175311956081735,40.8827260129987,17,1,0,0,normal,0,-0.09909829523094088
2026-02-24 17:00:00,CELL_007,99.1770444068832,97.85193478529492,1.0944196850115575,48.33047657983561,66.72181242107158,41.0849558952267,17,1,0,0,normal,0,-0.09432321571961694
2026-02-24 17:00:00,CELL_008,98.78092718679484,98.11265050620445,0.9403270774133938,53.504180701717786,51.8189543645464,42.27153455011446,17,1,0,0,normal,0,-0.10911882343892648
2026-02-24 18:00:00,CELL_001,99.33888491026217,97.85812642986508,0.7806442110890257,71.28631782393711,49.246990408512026,39.05426083954733,18,1,0,0,normal,0,-0.10000805132687252
2026-02-24 18:00:00,CELL_002,99.23042433652208,98.91293952923404,1.0419006642761306,61.17971721923127,50.75710853847488,34.37263319394807,18,1,0,0,normal,0,-0.0807935229143335
2026-02-24 18:00:00,CELL_003,98.34847828144716,97.86806255120784,1.040375193050497,60.00765678557011,63.23615773101033,39.95780788865911,18,1,0,0,normal,0,-0.10361056542935604
2026-02-24 18:00:00,CELL_004,98.19839778549738,97.54732494441842,1.0115412522388678,65.23806160982797,48.68236295223589,37.48261743655776,18,1,0,0,normal,0,-0.10220319813372358
2026-02-24 18:00:00,CELL_005,98.56173388166256,97.598304996841,0.7319545575116706,64.24535767739731,49.02665754729469,39.74021462993557,18,1,0,0,normal,0,-0.1100655441795303
2026-02-24 18:00:00,CELL_006,98.47659178435178,96.84880919618035,0.8352059185866021,57.03151704278783,54.04954746265231,36.36378739949504,18,1,0,0,normal,0,-0.09785593060035747
2026-02-24 18:00:00,CELL_007,98.77830055869744,98.46251720669248,0.6594567120378783,64.30968060115637,51.59727102776136,35.42334377673329,18,1,0,0,normal,0,-0.10492125409930231
2026-02-24 18:00:00,CELL_008,98.83901474666337,97.76843839326146,1.064141480194532,63.250309100275366,61.14118662897172,36.233030906297074,18,1,0,0,normal,0,-0.11314943067446409
2026-02-24 19:00:00,CELL_001,99.76336876334838,98.79820588404226,0.4569742382729198,62.08525508587572,40.40593309301179,27.03393475111292,19,1,0,0,normal,0,-0.057234295306207716
2026-02-24 19:00:00,CELL_002,99.2680647197789,98.59575550388392,0.4941536690775377,66.78505234553408,39.993864261191554,30.678802806593964,19,1,0,0,normal,0,-0.09497126535055728
2026-02-24 19:00:00,CELL_003,98.28566651563996,98.13794919457796,0.9748328563234268,64.05511329518352,54.38376784058337,36.28502072857229,19,1,0,0,normal,0,-0.10064556977629074
2026-02-24 19:00:00,CELL_004,98.61790666242628,97.7412347373906,0.8440762398340926,66.01230372092292,34.671896559507864,33.76399076602388,19,1,0,0,normal,0,-0.10741889371126939
2026-02-24 19:00:00,CELL_005,98.67595405090351,97.40511526377342,0.6706238881785034,74.79241435653289,40.46060533063016,33.74452602137565,19,1,0,0,normal,0,-0.09991982918070907
2026-02-24 19:00:00,CELL_006,98.76515496458862,97.51783017957112,0.7560131131373029,70.42834113422474,40.55044525001844,28.75475212910213,19,1,0,0,normal,0,-0.108933876522944
2026-02-24 19:00:00,CELL_007,98.9547594387018,98.08893504868074,0.6480833414491284,70.6775888125714,43.69721369369864,30.531905287729916,19,1,0,0,normal,0,-0.11771527631137108
2026-02-24 19:00:00,CELL_008,99.31571735131554,98.772429663241,0.6764370838437572,75.85121443362755,38.202105837101456,32.272071073859664,19,1,0,0,normal,0,-0.08950214293800696
2026-02-24 20:00:00,CELL_001,99.5510542949569,98.36970669949017,0.5467982537259662,60.9865519006886,31.44733315016865,24.964247244285843,20,1,0,0,normal,0,-0.07200748054487727
2026-02-24 20:00:00,CELL_002,99.43961108790366,98.86600966991166,0.5302331948703765,78.14668604005641,35.23389643857621,23.31299014923589,20,1,0,0,normal,0,-0.09126104275749802
2026-02-24 20:00:00,CELL_003,99.25506520250627,97.3574500347811,0.73022418013297,73.08767763456964,43.273798256418885,26.83239198402777,20,1,0,0,normal,0,-0.0928294626816692
2026-02-24 20:00:00,CELL_004,98.2721326481936,97.7835582093901,0.4940885026253461,75.93677027518972,29.978290386397692,24.36174128044661,20,1,0,0,normal,0,-0.08227892901926342
2026-02-24 20:00:00,CELL_005,98.98677607846815,98.21570064455928,0.780543936947302,79.24853374478636,44.24277377374106,31.553694487452265,20,1,0,0,normal,0,-0.10528063705517582
2026-02-24 20:00:00,CELL_006,98.63419702800132,97.47172216881292,0.8708228112373293,69.82314603264082,48.53847750988204,33.142736100360025,20,1,0,0,normal,0,-0.10523374915399109
2026-02-24 20:00:00,CELL_007,99.33366490370548,97.99026372732403,0.638358883817375,75.10829304743964,35.340040394287485,26.07282141217373,20,1,0,0,normal,0,-0.11054765396112287
2026-02-24 20:00:00,CELL_008,99.32608231825792,98.02331466640932,0.6013346047748269,68.99094600919418,48.798532932672856,25.990048981431805,20,1,0,0,normal,0,-0.09889248540739493
2026-02-24 21:00:00,CELL_001,99.47116560645148,99.13516689316076,0.4141731397108668,82.58979618380961,33.92719037561783,24.20555632069524,21,1,0,0,normal,0,-0.08649867145727264
2026-02-24 21:00:00,CELL_002,99.46843547337896,98.86212638650872,0.2432469691852496,78.12663580031354,39.97493157161209,27.025865417325857,21,1,0,0,normal,0,-0.078826549294157
2026-02-24 21:00:00,CELL_003,98.8979936708126,98.36328048623722,0.588975329933764,71.11936427701734,34.527173153223,28.10040860655281,21,1,0,0,normal,0,-0.10660273418437083
2026-02-24 21:00:00,CELL_004,98.66121507602116,98.04046372439149,0.3293293962498694,80.01868010166856,32.79802666409165,34.34825046476762,21,1,0,0,normal,0,-0.09181201358077068
2026-02-24 21:00:00,CELL_005,98.7896171865324,98.64077105651582,0.5433787148524205,83.16525596516752,23.28963045118913,12.731337868595888,21,1,0,0,normal,0,-0.04353542709644864
2026-02-24 21:00:00,CELL_006,98.53448029157148,98.0197430074151,0.4728764201005831,79.9387271017174,39.81442624456847,27.594335428916075,21,1,0,0,normal,0,-0.10300666848194023
2026-02-24 21:00:00,CELL_007,99.4825404894896,98.61576991177036,0.4443987320106486,77.99361776586272,25.407913960143627,28.997788096911904,21,1,0,0,normal,0,-0.07794283487145681
2026-02-24 21:00:00,CELL_008,99.60847055045322,99.1628141174042,0.6309442371786157,77.46082516799977,29.843623381459004,20.121823118117877,21,1,0,0,normal,0,-0.06357915317147628
2026-02-24 22:00:00,CELL_001,99.6767504446984,98.77940868600312,0.1089526338313469,83.97970651694393,30.25416007213902,23.851605037033877,22,1,0,0,normal,0,-0.063749236646853
2026-02-24 22:00:00,CELL_002,99.63232274387302,98.67980041625478,0.654665882933511,85.14737575795856,32.9850009750519,18.260401776392968,22,1,0,0,normal,0,-0.052395450963109325
2026-02-24 22:00:00,CELL_003,99.08486824772956,97.80356443928798,0.6209085599734367,86.43060431595444,36.179802472632176,25.169116410032675,22,1,0,0,normal,0,-0.08472131076191391
2026-02-24 22:00:00,CELL_004,99.30367415962684,98.23008797372312,0.2698824732188354,84.31024679304966,25.13709823967554,16.684888825745205,22,1,0,0,normal,0,-0.05948484725459702
2026-02-24 22:00:00,CELL_005,99.10136818617823,98.65694775045782,0.0444177679255918,85.27755412121755,22.97228970239301,27.01908904574278,22,1,0,0,normal,0,-0.04918970104778009
2026-02-24 22:00:00,CELL_006,99.04090205068827,97.98047296270828,0.4739424159312208,66.72029156380738,31.389437059941184,29.789690600537558,22,1,0,0,normal,0,-0.09110446376837245
2026-02-24 22:00:00,CELL_007,99.22308210376178,98.83890506387692,0.1736364873087024,80.61650208939247,21.92588485622335,18.755632592913518,22,1,0,0,normal,0,-0.0590470321689297
2026-02-24 22:00:00,CELL_008,99.04674970615312,99.08035400352072,0.370749500290785,70.81129054015103,31.1139540796941,26.37560154485806,22,1,0,0,normal,0,-0.0806659029103371
2026-02-24 23:00:00,CELL_001,99.93344381618977,98.979207301715,0.1203467654796348,78.49379150450322,23.07238485874845,19.02480545179801,23,1,0,0,normal,0,-0.026410804426025836
2026-02-24 23:00:00,CELL_002,99.67528670358946,99.45983235659487,0.3606274885433521,87.08640121922014,27.405369678373454,14.238478561738985,23,1,0,0,normal,1,0.00023653983585480987
2026-02-24 23:00:00,CELL_003,99.1947645277291,98.14823365957623,0.3668858894717081,80.98773574810758,28.638189874777115,20.99735895772973,23,1,0,0,normal,0,-0.08285359754067245
2026-02-24 23:00:00,CELL_004,98.41674354506104,98.3536716275064,0.5200625600625195,79.04747420626171,26.50127378513892,20.11781010079306,23,1,0,0,normal,0,-0.06224127102259697
2026-02-24 23:00:00,CELL_005,99.30147587651736,98.17242851326708,0.2520290430661303,87.61391571772948,25.436501811061447,19.68697041117192,23,1,0,0,normal,0,-0.06622183297737405
2026-02-24 23:00:00,CELL_006,98.93864088309856,98.46283468049322,0.4050971862501288,81.05102256092985,28.499680685918584,20.10853137340034,23,1,0,0,normal,0,-0.07729372935032686
2026-02-24 23:00:00,CELL_007,99.35105600016496,98.49073520154302,0.275592754424881,79.91487599740715,34.93194208700793,29.26510890724022,23,1,0,0,normal,0,-0.08871708765317032
2026-02-24 23:00:00,CELL_008,99.45201695268184,99.10842446354326,0.1805754013610452,86.0385219109252,25.50754681302442,19.103879631794516,23,1,0,0,normal,0,-0.05142074424935961
2026-02-25 00:00:00,CELL_001,99.4558704750949,98.77747671359818,0.3131315349022517,80.07230199639535,28.5814217230504,11.50090912957178,0,2,0,0,normal,0,-0.05809216687161134
2026-02-25 00:00:00,CELL_002,100.0,98.8297579782252,0.1459559586476118,88.14341031441374,32.73192834092658,23.151229730873425,0,2,0,0,normal,0,-0.04694159766770889
2026-02-25 00:00:00,CELL_003,99.44969810000256,98.70625616121376,0.738706715244928,80.13539834177256,27.19698391577336,25.43513493292065,0,2,0,0,normal,0,-0.07982461892411508
2026-02-25 00:00:00,CELL_004,98.87968450187635,98.42294786852511,0.1979567994850434,76.2041910928548,25.76530599442777,20.120007345421968,0,2,0,0,normal,0,-0.07990418747291822
2026-02-25 00:00:00,CELL_005,98.80988066624442,98.2944065076028,0.4378842235159822,91.28921617794563,19.110079611626297,27.06790442281588,0,2,0,0,normal,0,-0.0510229475802072
2026-02-25 00:00:00,CELL_006,98.5078766047564,98.00419261921238,0.575989838063841,73.85696132375179,31.47531809379243,27.70255194433491,0,2,0,0,normal,0,-0.08387416566677147
2026-02-25 00:00:00,CELL_007,99.346037402409,98.711610933647,0.103916715449807,91.97024516768892,20.34697553916952,17.077310150421106,0,2,0,0,normal,0,-0.026578769211012654
2026-02-25 00:00:00,CELL_008,100.0,98.8622998199438,0.3770693037264468,94.8840147163216,22.00869494952831,12.888137877053884,0,2,0,0,normal,0,-0.0019449945322979056
2026-02-25 01:00:00,CELL_001,99.46219585510224,98.55679644698888,0.2002273141209578,79.19329493902069,23.64456142676814,24.71622612436269,1,2,0,0,normal,0,-0.09395432379816321
2026-02-25 01:00:00,CELL_002,99.49956474354408,99.496064609373,0.3510366299265177,79.12167776829313,32.449478514639125,24.820049190159423,1,2,0,0,normal,0,-0.07226179842890462
2026-02-25 01:00:00,CELL_003,99.6784378940667,98.50319334748671,0.5206718423422128,74.86203416526338,29.105748183138168,20.647861435358525,1,2,0,0,normal,0,-0.09201246691144083
2026-02-25 01:00:00,CELL_004,98.9751116838489,98.4875004507963,0.2129755698279234,89.04702431754727,28.56205218061904,16.627124071773743,1,2,0,0,normal,0,-0.07259670628877962
2026-02-25 01:00:00,CELL_005,98.52662811651346,98.42093289791688,0.3174128452952259,84.13997232378715,18.80442359321681,25.194951302128644,1,2,0,0,normal,0,-0.06410850286646308
2026-02-25 01:00:00,CELL_006,98.68580691879386,98.20106355002532,0.4026380296773058,90.49576057865312,19.65980387914273,18.548295507685047,1,2,0,0,normal,0,-0.06656660437608836
2026-02-25 01:00:00,CELL_007,99.4633970851756,98.8541556701654,0.2955228041492678,81.64016854519089,23.340190829260862,19.075739430019944,1,2,0,0,normal,0,-0.0903561020436135
2026-02-25 01:00:00,CELL_008,99.68111919792447,98.99239677310688,0.1669519083207808,91.43881874258412,26.294847457127503,25.31225124978731,1,2,0,0,normal,0,-0.055985788697585415
2026-02-25 02:00:00,CELL_001,99.5133093773238,98.24980078259313,0.508394159400123,83.29649188349579,28.770220034664483,23.78564149466837,2,2,0,0,normal,0,-0.10658276623625007
2026-02-25 02:00:00,CELL_002,99.68347003923576,98.80766243976078,0.4010841372168826,91.79273524766064,33.887796206467954,19.385846862487423,2,2,0,0,normal,0,-0.06777193341398297
2026-02-25 02:00:00,CELL_003,99.10545895742511,98.50763112658343,0.3353032379187439,75.62445407389066,37.79066065372631,26.415143833945383,2,2,0,0,normal,0,-0.11967430165191023
2026-02-25 02:00:00,CELL_004,98.5933161182084,98.11057985198812,0.1840910211510876,92.71584273676118,32.20646202716926,20.598413906360538,2,2,0,0,normal,0,-0.0625864916023719
2026-02-25 02:00:00,CELL_005,98.8612477878961,98.6463523912685,0.5588995838325236,82.45709855214643,23.273257200273747,22.317276233261687,2,2,0,0,normal,0,-0.09383762349372449
2026-02-25 02:00:00,CELL_006,98.82468468259349,97.85937619216692,0.3186718157029226,85.72954109748358,29.69779773290461,20.32404113765103,2,2,0,0,normal,0,-0.09701613658938874
2026-02-25 02:00:00,CELL_007,99.59505223942062,99.14108538393668,0.3279157014000528,81.7865109589171,30.90077241206532,19.61131544496453,2,2,0,0,normal,0,-0.09708758049491878
2026-02-25 02:00:00,CELL_008,99.4423687099436,99.0921779907154,0.5736228808715986,79.88001860020009,33.374873885746844,27.04548715221448,2,2,0,0,normal,0,-0.0932569274751987
2026-02-25 03:00:00,CELL_001,99.09144896659306,98.53167139071428,0.318146170253236,80.62643711437748,29.79935955620341,15.599148411678325,3,2,0,0,normal,0,-0.08854929579585835
2026-02-25 03:00:00,CELL_002,99.43623958196793,98.85206475905942,0.3206987044054529,72.46960070405902,41.13690813448633,24.54564237361525,3,2,0,0,normal,0,-0.10010060421332667
2026-02-25 03:00:00,CELL_003,98.99353038048352,97.87914860652374,0.5124679411624536,78.02806647975203,38.98011018300832,26.027060122304416,3,2,0,0,normal,0,-0.12355822316759041
2026-02-25 03:00:00,CELL_004,98.99674915755874,98.4002648431607,0.3615307441525864,88.99958728620226,29.11273836646781,21.67113388607741,3,2,0,0,normal,0,-0.10556789276792833
2026-02-25 03:00:00,CELL_005,99.23363773736666,97.9115872151752,0.4736543547555247,88.18341952021206,30.108968214416013,19.95622907185511,3,2,0,0,normal,0,-0.0944581112964118
2026-02-25 03:00:00,CELL_006,98.85693101035017,98.04129415293168,0.4457774387754996,75.51074089735272,35.85802725708,25.386309019175307,3,2,0,0,normal,0,-0.12444592345416255
2026-02-25 03:00:00,CELL_007,99.53873316537457,98.203472627864,0.5202296719231992,69.31362552572288,27.83342526764397,21.67946083677056,3,2,0,0,normal,0,-0.09522742788159805
2026-02-25 03:00:00,CELL_008,99.66836113053844,98.87153868115972,0.2248345336614977,76.96764449171441,26.709662648887846,22.26319322961206,3,2,0,0,normal,0,-0.09146887711340945
2026-02-25 04:00:00,CELL_001,99.46568232932474,98.508018839,0.3564140396791947,79.23713537526878,34.92833045404036,23.666083104400546,4,2,0,0,normal,0,-0.1191861106117858
2026-02-25 04:00:00,CELL_002,99.54936501963992,98.49173998300864,0.4979521086499629,73.15018088356967,44.23505762568591,31.00223248105941,4,2,0,0,normal,0,-0.10828161366263594
2026-02-25 04:00:00,CELL_003,98.67249649741412,98.60097005917068,0.6779323358272881,76.20116966919076,42.36194890867687,26.56349846049204,4,2,0,0,normal,0,-0.1128453368071563
2026-02-25 04:00:00,CELL_004,98.75706536896172,98.0026413744883,0.6958995833709589,75.61446744662305,39.75610207809936,28.52171565071831,4,2,0,0,normal,0,-0.12601363403682408
2026-02-25 04:00:00,CELL_005,98.5325798892985,97.972009595637,0.556136661824899,69.4003962371942,37.80955467132453,27.051557718344952,4,2,0,0,normal,0,-0.12018612888535168
2026-02-25 04:00:00,CELL_006,98.89920829614718,97.56830788318624,0.6247037391819767,69.36782523827145,36.31005557496256,27.855760979096573,4,2,0,0,normal,0,-0.12008957569734202
2026-02-25 04:00:00,CELL_007,99.6013810721227,98.3805292881731,0.5234460573959883,82.98144222138,39.6636847765681,23.48446526852289,4,2,0,0,normal,0,-0.1036226167273388
2026-02-25 04:00:00,CELL_008,98.95883694036846,98.62393684183242,0.6131139786674641,71.35534189909096,38.75488439798916,27.893058344632585,4,2,0,0,normal,0,-0.11579508121734444
2026-02-25 05:00:00,CELL_001,98.76720710800828,98.4069094853792,0.620301321073261,55.27780334495739,45.70115217586757,35.003922848929086,5,2,0,0,normal,0,-0.10941967660562396
2026-02-25 05:00:00,CELL_002,99.12194160704976,98.49808161978116,0.4372718833002811,69.71306636996202,46.23020348372448,29.4799763231743,5,2,0,0,normal,0,-0.1181900645307074
2026-02-25 05:00:00,CELL_003,98.48824555777492,98.16979872884424,0.7292633003363459,76.29014232631688,45.5607005620518,32.52169496176767,5,2,0,0,normal,0,-0.1179671694552446
2026-02-25 05:00:00,CELL_004,98.48582961166824,98.19618221887691,0.7899408156659657,73.60708757021898,37.75902517631745,28.626263017328927,5,2,0,0,normal,0,-0.12096054844892506
2026-02-25 05:00:00,CELL_005,98.61381208651684,98.5319428945038,0.610249451188675,74.86992406719763,30.688143128081123,21.865777387071763,5,2,0,0,normal,0,-0.0974703340490985
2026-02-25 05:00:00,CELL_006,98.91973462839056,97.68203481488784,0.6241244205640195,65.67171676345521,46.74971761924164,33.22538187694257,5,2,0,0,normal,0,-0.12227550119822511
2026-02-25 05:00:00,CELL_007,99.32359073051744,98.81862088960716,0.3055331380247467,70.29468553905991,39.7070678508648,27.12810205141692,5,2,0,0,normal,0,-0.10686830234460049
2026-02-25 05:00:00,CELL_008,99.47093935692864,98.31302636257558,0.6799695910468564,75.0229981319097,52.21723476616769,28.65784572110286,5,2,0,0,normal,0,-0.10665772219898101
2026-02-25 06:00:00,CELL_001,99.16064911639486,98.54935203868672,0.7226946658619016,61.84086499005248,46.003573927493456,36.92663971157927,6,2,0,0,normal,0,-0.11148407123489684
2026-02-25 06:00:00,CELL_002,98.9270099870119,97.40509925604398,0.9346569299372184,60.19737116462267,56.142531976063815,34.75714985706792,6,2,0,0,normal,0,-0.12878069168104972
2026-02-25 06:00:00,CELL_003,98.270049519907,98.03673706703744,0.9612192056354658,65.99663495163152,55.508826444591335,33.779819109616405,6,2,0,0,normal,0,-0.11194690407998786
2026-02-25 06:00:00,CELL_004,98.60229801484002,97.53577553579402,0.6977925194059885,63.512765300126446,50.14741609944008,35.9970839594667,6,2,0,0,normal,0,-0.12563640313443974
2026-02-25 06:00:00,CELL_005,98.38284218971656,97.46230071010348,0.7808523117330012,73.19505319276415,51.46503694382378,34.196272548966384,6,2,0,0,normal,0,-0.11510826906633614
2026-02-25 06:00:00,CELL_006,98.26081934607534,97.4653817884982,0.8947636796363175,51.87008126142661,63.05815919293914,41.58790982999426,6,2,0,0,normal,0,-0.11176445860318274
2026-02-25 06:00:00,CELL_007,98.66573570761332,97.80713676831203,0.948802145448744,65.1673032515425,49.01422497084928,39.97789960447391,6,2,0,0,normal,0,-0.12711043566589858
2026-02-25 06:00:00,CELL_008,99.01027057862548,97.94807390771372,0.6899169762984214,63.56597285382316,46.5989069836482,32.95678849651556,6,2,0,0,normal,0,-0.12734910014218698
2026-02-25 07:00:00,CELL_001,99.09983789176376,97.64390091496108,0.8677974454117384,50.59977318244556,59.37741445995328,41.99589141003629,7,2,0,0,normal,0,-0.11529005875185083
2026-02-25 07:00:00,CELL_002,98.5677110685988,97.53585104605952,0.96324258723523,60.93743434552593,57.398436065378185,39.198527399664215,7,2,0,0,normal,0,-0.13148943700796367
2026-02-25 07:00:00,CELL_003,98.16869613523502,96.82859553784124,1.3236265757168428,51.809306056423175,72.2098370317274,38.631153905588256,7,2,0,0,normal,0,-0.09764792166775804
2026-02-25 07:00:00,CELL_004,98.04416911768506,97.53954957409285,1.2272291378825178,56.362942442819886,59.38782537871915,40.11442575657891,7,2,0,0,normal,0,-0.11127321622319708
2026-02-25 07:00:00,CELL_005,98.28381806185294,97.27102446803704,0.908836666319948,60.806945335302586,60.38821697605418,29.89784635099716,7,2,0,0,normal,0,-0.10003548906369464
2026-02-25 07:00:00,CELL_006,98.19104632605664,97.25662493468737,1.1932710563409314,62.66166384196553,66.75013061657793,46.713227421131634,7,2,0,0,normal,0,-0.10304922153248952
2026-02-25 07:00:00,CELL_007,98.8048361909716,97.8632047205558,0.9846884310254348,63.364625149681856,61.88034179845432,44.40940801410953,7,2,0,0,normal,0,-0.11698580393594282
2026-02-25 07:00:00,CELL_008,98.4130158029854,98.41364694740852,0.8990485506379896,57.09871338484746,54.60673286514111,40.857002987604965,7,2,0,0,normal,0,-0.11700325944991691
2026-02-25 08:00:00,CELL_001,98.56373843848964,97.19039290977744,1.040725661750688,47.42741837966321,68.53208011128059,43.66558151710329,8,2,0,0,normal,0,-0.11940801448714522
2026-02-25 08:00:00,CELL_002,98.95980576499728,98.05959669405544,1.1732047121641884,41.66242312280641,72.64823934581376,44.11608168757473,8,2,0,0,normal,0,-0.08560572856307586
2026-02-25 08:00:00,CELL_003,97.80645302465793,97.55890836686144,1.0386266732515974,46.74986510249005,71.97209632262683,38.60924124580495,8,2,0,0,normal,0,-0.09315178882445779
2026-02-25 08:00:00,CELL_004,98.32590619433476,96.34868722984982,1.288156116765108,52.409729831612445,61.00065645606359,36.32894155124207,8,2,0,0,normal,0,-0.09496368978761405
2026-02-25 08:00:00,CELL_005,97.91244807110652,97.95962064557956,1.3334452202059772,49.93959963621744,65.1508059055315,40.58761552581808,8,2,0,0,normal,0,-0.11285836697144924
2026-02-25 08:00:00,CELL_006,97.68999816997665,96.63604304853388,1.3640668977128845,42.15698701473343,65.72358558523553,45.84528307644367,8,2,0,0,normal,0,-0.08601080035039133
2026-02-25 08:00:00,CELL_007,98.7507828155568,97.6012299229766,1.1286584313927095,49.87638872808721,58.58985250785225,41.83518623805432,8,2,0,0,normal,0,-0.1261607669508209
2026-02-25 08:00:00,CELL_008,99.00943117695276,98.14750895811962,1.0424558012244023,44.242495762781886,67.40790877649172,43.88614426225498,8,2,0,0,normal,0,-0.09362199910947777
2026-02-25 09:00:00,CELL_001,98.99669179132418,96.83581190736028,1.388367105421903,42.06095560883202,71.20667123449351,47.08149932224905,9,2,0,0,normal,0,-0.09904728962346648
2026-02-25 09:00:00,CELL_002,98.2881693760087,97.01378815842293,1.091822114141826,43.04496384096181,74.23022659639575,41.45306359777939,9,2,0,0,normal,0,-0.10697066375640235
2026-02-25 09:00:00,CELL_003,98.42682833113288,96.78019255903034,1.606772234117285,39.22091807058279,74.55843698621872,50.68075899641772,9,2,0,0,normal,0,-0.10259874622484921
2026-02-25 09:00:00,CELL_004,98.08546245879675,96.56443013472256,1.199876258865029,47.03610617559108,63.22584986334687,41.58601058069603,9,2,0,0,normal,0,-0.11380763610900763
2026-02-25 09:00:00,CELL_005,97.7363738528346,96.85933909546776,1.3713461500830009,45.24010576558892,68.13355187944703,47.798862547988335,9,2,0,0,normal,0,-0.10330556702187432
2026-02-25 09:00:00,CELL_006,97.93995915131248,97.10867740214054,1.6604339620829234,46.9213781968451,79.28925440455404,53.0260017291225,9,2,0,0,normal,0,-0.08076208715701966
2026-02-25 09:00:00,CELL_007,98.20518528754828,97.4775874276629,1.2910624643161053,39.23015557098462,72.66172915619579,45.82657137733206,9,2,0,0,normal,0,-0.1123182220625365
2026-02-25 09:00:00,CELL_008,98.79403520769144,97.69333391324334,1.708773595931523,39.87773488929299,76.95595755256687,48.03144192624369,9,2,0,0,normal,0,-0.07503519552445742
2026-02-25 10:00:00,CELL_001,98.20286870872177,97.49465601342604,1.4193685061078751,48.38720491822093,73.91758710240765,46.67523190546023,10,2,0,0,normal,0,-0.12042203401297163
2026-02-25 10:00:00,CELL_002,98.7201547846894,97.65164346262972,1.2652429600402857,47.80866822421768,76.2025010876011,46.96516770103288,10,2,0,0,normal,0,-0.11755320397506297
2026-02-25 10:00:00,CELL_003,98.19543836738292,96.57573511183368,1.4075445189001794,44.85124257334078,75.76775313083793,46.33819967831951,10,2,0,0,normal,0,-0.11796923623348465
2026-02-25 10:00:00,CELL_004,97.99987946883203,97.10923978184074,1.177972128937179,36.53550548853788,73.45299276290206,43.61887552584167,10,2,0,0,normal,0,-0.10329525332060707
2026-02-25 10:00:00,CELL_005,97.83594538490333,96.16369728154928,1.489120248354819,50.14422382652052,77.54950662516259,49.35627011653101,10,2,0,0,normal,0,-0.08180423489219402
2026-02-25 10:00:00,CELL_006,97.8878964115323,96.56950902991754,1.390721559218857,36.802469167830566,80.64754986524953,53.298898798225046,10,2,0,0,normal,0,-0.07875169333953635
2026-02-25 10:00:00,CELL_007,98.34938982080664,97.25676221835582,1.3191940220009113,46.47424023972561,74.84509658901261,54.57910510454968,10,2,0,0,normal,0,-0.10106089693648213
2026-02-25 10:00:00,CELL_008,98.36250447270062,97.26757035236103,1.5153571974602726,39.93226186815467,81.38992040522743,54.55299909909325,10,2,0,0,normal,0,-0.0873112173806137
2026-02-25 11:00:00,CELL_001,98.74852947681788,97.6348323867752,1.5004243591509605,30.703316141699712,73.80552680454501,53.38471934980651,11,2,0,0,normal,0,-0.06502583776077897
2026-02-25 11:00:00,CELL_002,98.93941582517805,98.15023986760558,1.2550448695450136,41.57213010836429,77.2869759919699,49.49354811724929,11,2,0,0,normal,0,-0.0861254946106434
2026-02-25 11:00:00,CELL_003,98.02675417771336,97.00857654540054,1.3926814628433726,44.75535175869455,77.82424093211363,50.83815348020182,11,2,0,0,normal,0,-0.12046585559525408
2026-02-25 11:00:00,CELL_004,97.92823272179244,96.90920207166744,1.52629867226519,51.20303343805616,70.95162807872774,49.865940741928085,11,2,0,0,normal,0,-0.10916751313136519
2026-02-25 11:00:00,CELL_005,97.8229466936124,96.598779650465,1.5129740571820014,41.24521967474434,86.70982725637761,43.99455671203914,11,2,0,0,normal,0,-0.07738125356670927
2026-02-25 11:00:00,CELL_006,98.02147437490753,96.85907554778647,1.564660585784741,42.57022766743309,83.06930669205364,43.93673142527997,11,2,0,0,normal,0,-0.10444116150618843
2026-02-25 11:00:00,CELL_007,98.57826743987133,97.24953203236656,1.4179744105637768,42.44965429937673,71.23099398766477,44.27319999869045,11,2,0,0,normal,0,-0.1298465993492744
2026-02-25 11:00:00,CELL_008,98.77970892058646,97.20255399449742,1.4535180958328529,40.6872981633092,71.01288277271537,43.89186577445333,11,2,0,0,normal,0,-0.11766205707146726
2026-02-25 12:00:00,CELL_001,98.63466682026085,97.6166822748184,1.6219866031174073,40.796266747248,77.34017356459418,46.99326653678518,12,2,0,0,normal,0,-0.0965450044811445
2026-02-25 12:00:00,CELL_002,99.01264489780152,97.45190460523438,1.4230385932867813,40.752396884283286,76.51196838920694,47.04165932610297,12,2,0,0,normal,0,-0.10591780282909258
2026-02-25 12:00:00,CELL_003,98.36701030157477,96.99378842756036,1.392198779817255,34.61493649575614,87.81462699190689,50.16485568088445,12,2,0,0,normal,0,-0.08261798396801806
2026-02-25 12:00:00,CELL_004,97.44698457917605,96.1163504841584,1.5994678498912838,42.75368831053949,81.26715594242252,52.86591886500902,12,2,0,0,normal,0,-0.06123533424508282
2026-02-25 12:00:00,CELL_005,98.11304126880565,97.11944627461077,1.3804861471049577,35.49296555840956,83.52209679322944,45.97908350802488,12,2,0,0,normal,0,-0.09789395379947258
2026-02-25 12:00:00,CELL_006,98.01857772119938,97.21456455482443,1.7657606827563423,38.59638623567203,84.92448138268537,51.738377639412846,12,2,0,0,normal,0,-0.07126615845530143
2026-02-25 12:00:00,CELL_007,98.13321472891585,97.40939035115476,1.1406342540631722,49.22166749125672,86.25822701135125,48.8193415355794,12,2,0,0,normal,0,-0.08889519758699893
2026-02-25 12:00:00,CELL_008,98.63944264407452,97.50271870019672,1.7952750539018778,36.335167474708406,79.24650245499852,51.426979178215234,12,2,0,0,normal,0,-0.07287870060404505
2026-02-25 13:00:00,CELL_001,98.0864639540072,97.49632770777389,1.2638331936413283,45.220105603869065,75.89242487475288,45.963652043473694,13,2,0,0,normal,0,-0.12368371401541817
2026-02-25 13:00:00,CELL_002,98.50565470693836,98.07911629017728,1.1414679498345175,38.34087523270869,73.54278472778732,50.146872330427136,13,2,0,0,normal,0,-0.09126691582997692
2026-02-25 13:00:00,CELL_003,97.82187528703376,96.4932777096695,1.6033535996216737,43.615479435767405,81.12678365530941,48.8944046690873,13,2,0,0,normal,0,-0.09356773453796324
2026-02-25 13:00:00,CELL_004,97.53147323053972,96.69489555750836,1.7317876999450688,41.741307851980174,73.95296463985581,48.56594649750491,13,2,0,0,normal,0,-0.085098088000369
2026-02-25 13:00:00,CELL_005,97.91094612241274,96.99446051277228,1.5483851453429691,47.9615240468507,78.41360301711639,46.6962018614296,13,2,0,0,normal,0,-0.11681806534685635
2026-02-25 13:00:00,CELL_006,97.91206939490772,97.15189621694682,1.6539132900622475,45.24398042219274,79.58509656888243,42.253641828822914,13,2,0,0,normal,0,-0.09880388879368246
2026-02-25 13:00:00,CELL_007,98.59767306356208,97.31288952635232,1.3702838868333136,41.27850479693412,85.43734074401948,42.40032812387236,13,2,0,0,normal,0,-0.10341231259544681
2026-02-25 13:00:00,CELL_008,98.80771006494432,97.09396329610088,1.4820510113140857,36.554124752513175,84.2970945393219,52.24500736832011,13,2,0,0,normal,0,-0.08136552421250925
2026-02-25 14:00:00,CELL_001,99.26969009589315,97.58612028953824,1.5197205389055868,54.581132734926,72.50007531520974,49.49889339243056,14,2,0,0,normal,0,-0.0839110262256606
2026-02-25 14:00:00,CELL_002,98.61673615563711,97.7585820768917,1.0584980162637323,47.2372261448792,74.65193327213557,45.793134072179264,14,2,0,0,normal,0,-0.11314550123296518
2026-02-25 14:00:00,CELL_003,97.88466904254342,97.50936965995194,1.4420069840009182,43.25191845697921,88.50576731010554,55.870005371646016,14,2,0,0,normal,0,-0.059679431075738976
2026-02-25 14:00:00,CELL_004,97.71518310775218,97.04420834209586,1.2036354333242207,50.92037882464348,74.37484729082448,48.51269038577947,14,2,0,0,normal,0,-0.10704489181416482
2026-02-25 14:00:00,CELL_005,97.60293544285604,96.283944000952,1.4906378998783731,46.32788420690874,72.25252871934015,48.68654522627971,14,2,0,0,normal,0,-0.08266036434634216
2026-02-25 14:00:00,CELL_006,97.8892029899108,96.37437507049546,1.784402698511437,45.550326919824855,86.9667404332556,53.15077644968754,14,2,0,0,normal,0,-0.04368916063328787
2026-02-25 14:00:00,CELL_007,98.33116246548474,97.4947090438396,1.372680686264805,47.88499251221434,69.05424451557917,52.29467492339452,14,2,0,0,normal,0,-0.1027090720354496
2026-02-25 14:00:00,CELL_008,98.40729533596708,96.70646575637528,1.3870500769828258,46.10947760277601,73.87604072563839,49.525917136950376,14,2,0,0,normal,0,-0.12278684382943889
2026-02-25 15:00:00,CELL_001,98.6527503946926,98.0718412437962,1.056746561276228,45.76513550673259,69.04360810716138,44.41760539199868,15,2,0,0,normal,0,-0.11457956422772708
2026-02-25 15:00:00,CELL_002,98.69336753143232,97.62138023971004,1.2919444276466985,52.21595388815896,73.94443994688783,43.2946325651094,15,2,0,0,normal,0,-0.12751369888915842
2026-02-25 15:00:00,CELL_003,97.60621598630912,97.42468700812098,1.38253439207243,34.43095557492903,79.51920662565026,50.53902205538134,15,2,0,0,normal,0,-0.07211052468122026
2026-02-25 15:00:00,CELL_004,97.9119638643601,96.44880372016608,1.3225489236814734,61.08285229769156,76.59320140410277,43.04795746650032,15,2,0,0,normal,0,-0.09451147488329753
2026-02-25 15:00:00,CELL_005,97.90701134374382,97.0633254200124,1.577545284864578,44.34170292747357,68.9242435167634,46.22938013999612,15,2,0,0,normal,0,-0.10916552053367529
2026-02-25 15:00:00,CELL_006,98.01638254691828,97.17585381485006,1.1358264009787336,44.47263412275771,77.97394450481963,47.48888428015803,15,2,0,0,normal,0,-0.1096982702115677
2026-02-25 15:00:00,CELL_007,98.57846509293049,97.7035462835105,1.2374533180043572,48.91104648924085,67.13314411220296,47.217381354528186,15,2,0,0,normal,0,-0.12659609168353758
2026-02-25 15:00:00,CELL_008,98.596564630269,97.24285262006688,1.312207125851951,47.34007773635384,69.60095814393898,51.29043715571511,15,2,0,0,normal,0,-0.11826829749633883
2026-02-25 16:00:00,CELL_001,98.5787222071648,97.78801117734648,0.9105753979189626,54.64900200777935,63.83140999542789,45.45092940901692,16,2,0,0,normal,0,-0.11714755185095371
2026-02-25 16:00:00,CELL_002,98.840228386073,97.51522543027828,1.2005179189311856,42.36183953079831,78.2118679883467,46.94814599573297,16,2,0,0,normal,0,-0.10010661962452178
2026-02-25 16:00:00,CELL_003,98.40133855092408,97.17855533684536,1.3003874443220995,47.13050230336298,73.55247853207409,49.3147549284348,16,2,0,0,normal,0,-0.11537948140731197
2026-02-25 16:00:00,CELL_004,98.1907225458077,97.09063268373792,1.4246410275960186,45.25734556125674,64.69400730860633,41.99289345808931,16,2,0,0,normal,0,-0.11665790857624936
2026-02-25 16:00:00,CELL_005,98.31230727248956,96.92239494507382,1.0392090075004328,63.82201829335774,69.34264636538283,44.31208577817543,16,2,0,0,normal,0,-0.10728410861375776
2026-02-25 16:00:00,CELL_006,98.0196925647938,97.70729262815364,1.389077495746773,50.71695048350188,74.55068150951841,46.57176902908815,16,2,0,0,normal,0,-0.10350310583264738
2026-02-25 16:00:00,CELL_007,98.29160498809756,97.3336905676024,1.1447791695974954,44.31618964327407,75.2638065667091,45.51256079328071,16,2,0,0,normal,0,-0.11228979258074329
2026-02-25 16:00:00,CELL_008,99.09435214073082,97.8033874339218,1.3305448481565627,54.07068333371605,68.91590053232304,46.816086401295344,16,2,0,0,normal,0,-0.10609315586719908
2026-02-25 17:00:00,CELL_001,98.5575144044912,98.06471753818428,0.6872914096183644,48.1771321663356,60.89988747005296,36.52116595962674,17,2,0,0,normal,0,-0.10885605425112582
2026-02-25 17:00:00,CELL_002,98.85586988121436,97.7327928805602,1.2567880240104898,62.2689087268716,56.91095319564564,38.57158664360518,17,2,0,0,normal,0,-0.11762635484994982
2026-02-25 17:00:00,CELL_003,98.20657008922144,97.41954216096194,0.8933722854715191,46.733184118122914,65.06043156777355,42.86717103566479,17,2,0,0,normal,0,-0.10567704359365132
2026-02-25 17:00:00,CELL_004,98.30795559959871,98.04799644474924,1.0809186802203803,62.78644597560432,59.89877137857177,34.45568721529176,17,2,0,0,normal,0,-0.11127493969464669
2026-02-25 17:00:00,CELL_005,98.17142015883115,97.48331268864209,0.9812682033895808,53.926838998431016,59.21432047894871,35.737404811216294,17,2,0,0,normal,0,-0.11636024635542674
2026-02-25 17:00:00,CELL_006,98.2695134722779,97.77996194122564,0.96801063923587,63.9839522340056,61.75165445866841,36.16563051470421,17,2,0,0,normal,0,-0.11627411983829894
2026-02-25 17:00:00,CELL_007,98.8595770273298,97.42546837188203,0.8782068245617707,50.419710254490894,59.77852417521685,36.62875042011616,17,2,0,0,normal,0,-0.12445202852984227
2026-02-25 17:00:00,CELL_008,98.22432356797424,97.84362375641564,0.6120918806958442,59.63937310821725,58.54491388634763,40.984086844822464,17,2,0,0,normal,0,-0.10152676243067771
2026-02-25 18:00:00,CELL_001,99.01016365781332,97.9601207422392,0.7285339833256796,51.08223866537168,55.33559979027402,34.47431846102566,18,2,0,0,normal,0,-0.11388924239374981
2026-02-25 18:00:00,CELL_002,98.89259300718946,97.83023762536988,0.9499276909130084,63.5380312912533,56.37509519622416,37.224688456930245,18,2,0,0,normal,0,-0.1215059388632505
2026-02-25 18:00:00,CELL_003,98.5186584399938,97.5426948310111,0.9306723438400724,43.79366879751846,60.14891812481513,38.67862597339029,18,2,0,0,normal,0,-0.10690851808545887
2026-02-25 18:00:00,CELL_004,98.31293309665054,97.16816124060318,0.5720721381891578,64.0197281164569,56.213919989337455,31.92584629738129,18,2,0,0,normal,0,-0.08899040479872894
2026-02-25 18:00:00,CELL_005,98.25319174381912,97.3573531334894,0.6026715936649264,69.89077931039584,46.16709586450119,34.54251039412041,18,2,0,0,normal,0,-0.0980468481127641
2026-02-25 18:00:00,CELL_006,98.25364916018216,96.9422423633039,1.3345624757649397,61.53203498458412,54.72990326113543,37.36437364304022,18,2,0,0,normal,0,-0.09662460577816051
2026-02-25 18:00:00,CELL_007,99.00818810378686,98.62715052427426,0.7866252711750847,66.40443978532501,53.21430263187913,39.97400820970952,18,2,0,0,normal,0,-0.0961003509476468
2026-02-25 18:00:00,CELL_008,98.91471237058305,97.94665666891962,1.016220545466069,65.36309451086994,56.70267935845406,34.92840089691532,18,2,0,0,normal,0,-0.12179348793713834
2026-02-25 19:00:00,CELL_001,99.19805955134603,97.84279457116116,0.555101825159985,73.443757992669,41.6877449535663,27.7528369696278,19,2,0,0,normal,0,-0.12015666858770824
2026-02-25 19:00:00,CELL_002,99.5154408312514,98.14862462440487,0.3622939606597484,67.13722282918033,43.663505915307205,30.17914195717126,19,2,0,0,normal,0,-0.09711653504279255
2026-02-25 19:00:00,CELL_003,99.01832803077392,97.26419492364656,0.6181099821794348,64.62522384075298,45.829496907935145,32.99224314315002,19,2,0,0,normal,0,-0.1027406287869061
2026-02-25 19:00:00,CELL_004,98.03824964971255,97.29778685149836,0.4756179667040643,76.33943313351183,39.61503982368477,32.991963862659574,19,2,0,0,normal,0,-0.08154319773990576
2026-02-25 19:00:00,CELL_005,98.7350977470088,98.02789396971264,0.6199182829178412,82.95521765782463,41.853999032583005,30.1611469865061,19,2,0,0,normal,0,-0.10992825649441335
2026-02-25 19:00:00,CELL_006,98.113823346916,97.27925853305982,1.0625831084749429,66.23372623046266,51.10638538987126,35.17218024894537,19,2,0,0,normal,0,-0.0988296708202217
2026-02-25 19:00:00,CELL_007,98.92359123456372,98.33586575194964,0.6543626965014512,63.20471869360566,49.34622708496235,32.87645141232675,19,2,0,0,normal,0,-0.11282963264572304
2026-02-25 19:00:00,CELL_008,99.36417341820749,97.83689636947024,1.1063607142856102,68.3451549870436,51.65551143074905,30.688641271885693,19,2,0,0,normal,0,-0.09346736205954281
2026-02-25 20:00:00,CELL_001,99.37424769554136,98.25817520172986,0.5908757237596889,73.64239879412935,34.03472959110267,27.575287869357567,20,2,0,0,normal,0,-0.11463600642368205
2026-02-25 20:00:00,CELL_002,99.41189906245272,98.7111237814016,0.2819179270145932,71.68008725739534,35.22318432660384,21.588372766859266,20,2,0,0,normal,0,-0.0898239901228744
2026-02-25 20:00:00,CELL_003,99.22646217765822,98.02027466575528,0.6476065567499085,71.06726786622973,39.00903606738856,34.5234987370116,20,2,0,0,normal,0,-0.1151554865977682
2026-02-25 20:00:00,CELL_004,98.71910408653996,97.28697977809304,0.7038291042560609,78.98867684217583,28.373394320757097,19.04401133064437,20,2,0,0,normal,0,-0.07500951229650071
2026-02-25 20:00:00,CELL_005,98.65120014898648,98.72463631143393,0.2573296467306647,82.49427288203611,29.538336882758465,26.096778959178074,20,2,0,0,normal,0,-0.09225712480473225
2026-02-25 20:00:00,CELL_006,98.43568652123191,98.09188501369292,0.8263338765813573,75.14779181664983,39.06458749581044,27.247406841732285,20,2,0,0,normal,0,-0.11071889466889245
2026-02-25 20:00:00,CELL_007,99.25076937393357,98.92210772960372,0.6686071345025033,78.62220430099839,38.40558745486164,26.05616850165226,20,2,0,0,normal,0,-0.09842219951094533
2026-02-25 20:00:00,CELL_008,99.06141464814534,98.01228108567832,0.3094419832967565,82.12364609675164,30.60940838483335,22.52136715103636,20,2,0,0,normal,0,-0.10677184491469666
2026-02-25 21:00:00,CELL_001,99.35317885675998,98.61287902703188,0.46952719055503,82.52682305171916,31.056616169916765,21.141519453852244,21,2,0,0,normal,0,-0.0961058186945663
2026-02-25 21:00:00,CELL_002,99.35588038392186,99.32289796763658,0.3988488426022011,60.57340192642731,45.41107710026209,27.15167415392591,21,2,0,0,normal,0,-0.05466849390835937
2026-02-25 21:00:00,CELL_003,99.03676766232628,98.2560887757696,0.6273061854497721,75.21426886862267,38.26247408389894,29.404567282442464,21,2,0,0,normal,0,-0.11650412617684952
2026-02-25 21:00:00,CELL_004,98.55531111244724,97.94726029507312,0.3897164095700736,85.10378932547648,30.74754209316653,21.361170235487588,21,2,0,0,normal,0,-0.08445217303860297
2026-02-25 21:00:00,CELL_005,99.03680446778974,97.24461369522793,0.6276937281802268,81.92142213163261,33.81843540275987,30.35087066284335,21,2,0,0,normal,0,-0.08606577666093085
2026-02-25 21:00:00,CELL_006,98.8943344610452,98.48179869375804,0.3862040476974125,73.85287658250046,36.053370823521554,24.51497431154811,21,2,0,0,normal,0,-0.11104680233929887
2026-02-25 21:00:00,CELL_007,99.4918043303106,97.9435566930459,0.2734686639160376,80.04927432561522,31.52136551227544,29.40726598451436,21,2,0,0,normal,0,-0.0995624533446412
2026-02-25 21:00:00,CELL_008,99.40967321005276,98.36999454450468,0.3379631289292425,86.09246653925906,33.66068262663875,30.810091804597786,21,2,0,0,normal,0,-0.09260992496790332
2026-02-25 22:00:00,CELL_001,99.6957509252642,98.8020846237736,0.1441808417396561,73.88537147985713,28.242716629468664,21.36884245399786,22,2,0,0,normal,0,-0.0652478816887555
2026-02-25 22:00:00,CELL_002,99.35091750643276,99.31502538200056,0.4229987481577166,75.60390841867675,31.5051522763952,23.62954788677741,22,2,0,0,normal,0,-0.07523954103130365
2026-02-25 22:00:00,CELL_003,99.29479606710797,98.25166881868444,0.4560761222075259,95.92574914802276,33.387117794510345,28.1291492536772,22,2,0,0,normal,0,-0.06683380424064111
2026-02-25 22:00:00,CELL_004,99.42031685625228,98.60811485482932,0.4148063258115447,88.44401902287518,33.05673639564415,19.31961299847758,22,2,0,0,normal,0,-0.0738209654311936
2026-02-25 22:00:00,CELL_005,99.12466246605771,98.54143333818398,0.4970514102904347,77.83866548947266,23.25774624978904,22.17895687778972,22,2,0,0,normal,0,-0.09375172918917751
2026-02-25 22:00:00,CELL_006,98.9576757453409,98.27523614289863,0.5564073264630476,71.62221507719623,35.069955477797734,21.50825549470942,22,2,0,0,normal,0,-0.09604517356118708
2026-02-25 22:00:00,CELL_007,99.76601100988518,99.47489575271211,0.5256562026603987,84.58315787848832,22.1947577595648,23.39996709331132,22,2,0,0,normal,0,-0.033751039799085
2026-02-25 22:00:00,CELL_008,99.41569823571604,98.89468487530512,0.2103624691876892,83.0929660683507,30.192275979214177,29.10867739039472,22,2,0,0,normal,0,-0.07789681909057178
2026-02-25 23:00:00,CELL_001,99.55380684824412,99.6249143556093,0.1509482029541441,87.59951069764377,23.592314728733964,15.691238405215646,23,2,0,0,normal,0,-0.006853980721967634
2026-02-25 23:00:00,CELL_002,99.93368901266334,99.04863772155788,0.3007859218010303,79.30831831720054,26.31443676761484,27.384480472199904,23,2,0,0,normal,0,-0.05757939209619922
2026-02-25 23:00:00,CELL_003,98.88305981256958,98.2104291977279,0.6512216456591455,80.12018368477217,43.05934709993558,25.180974586520453,23,2,0,0,normal,0,-0.09850251029090323
2026-02-25 23:00:00,CELL_004,99.00234391413566,98.10289673654832,0.1481595290800842,90.764264862499,32.53194853165284,15.47092714867246,23,2,0,0,normal,0,-0.03194717875069042
2026-02-25 23:00:00,CELL_005,98.7470758698204,98.7955944061286,0.309271017201313,95.20514470361206,16.510147826378528,22.90346889782365,23,2,0,0,normal,0,-0.02034772621372216
2026-02-25 23:00:00,CELL_006,99.16524634031936,98.28081756665564,0.4857491905661787,82.44882228396244,26.20009056830888,20.089407191628247,23,2,0,0,normal,0,-0.08826277109888364
2026-02-25 23:00:00,CELL_007,99.58717715556678,98.64457524709728,0.2614221923467203,82.51801949375154,26.015139668051884,17.235208129289617,23,2,0,0,normal,0,-0.061980165777149376
2026-02-25 23:00:00,CELL_008,99.25280289651442,98.61657019208012,0.2685744119462446,88.233144970065,23.751106659305936,23.65361710119241,23,2,0,0,normal,0,-0.07820559555148987
2026-02-26 00:00:00,CELL_001,99.1669732770998,98.9791613150668,0.1541378355548639,94.34408920271926,21.92001573521017,22.081769699573776,0,3,0,0,normal,0,-0.04539837470254171
2026-02-26 00:00:00,CELL_002,99.69667543496196,99.12886653642836,0.1740929069247703,76.26921101222754,25.06248812103025,22.370287174898067,0,3,0,0,normal,0,-0.06823653256129453
2026-02-26 00:00:00,CELL_003,99.59064077452716,97.5764116668202,0.5570303789268681,81.24070156114517,28.759046471994985,20.36586049312998,0,3,0,0,normal,0,-0.0712089491329646
2026-02-26 00:00:00,CELL_004,99.37538082764486,99.19454722434548,0.2578581525696262,81.37785327954778,19.18534155737462,23.00272459209769,0,3,0,0,normal,0,-0.06107244302295839
2026-02-26 00:00:00,CELL_005,99.48016306908984,97.7892029863676,0.1811575457253542,89.32568268005804,23.18098413796124,25.62757507182129,0,3,0,0,normal,0,-0.05439882380910266
2026-02-26 00:00:00,CELL_006,99.47104693941556,98.7072499153204,0.3388368080765816,79.30084634608916,30.886061106561307,25.19873245215981,0,3,0,0,normal,0,-0.10179030880001327
2026-02-26 00:00:00,CELL_007,100.0,98.96457852003044,0.3793348864105279,81.38772194164594,31.008379310585266,22.238077774870185,0,3,0,0,normal,0,-0.0693472992422483
2026-02-26 00:00:00,CELL_008,99.42553630947492,98.81296214740736,0.3953058652155578,72.81578278594513,31.43911153051597,23.16232047578157,0,3,0,0,normal,0,-0.09073513464225763
2026-02-26 01:00:00,CELL_001,99.5609585307779,99.28468640923948,0.0,85.13295047730098,22.217905921815834,23.460153062269185,1,3,0,0,normal,0,-0.044877450589008494
2026-02-26 01:00:00,CELL_002,99.57445273169118,98.79772156384868,0.4890172401242538,81.0870658182645,33.010986807134444,20.52995295344485,1,3,0,0,normal,0,-0.0994228227428754
2026-02-26 01:00:00,CELL_003,99.13863281010784,98.041377996538,0.3122714876872056,83.0419369090001,28.60784646179636,21.415795571967468,1,3,0,0,normal,0,-0.10875735773303008
2026-02-26 01:00:00,CELL_004,99.00323443474464,99.47642203056851,0.4863116589148841,83.0718221467176,20.976851684181494,21.974573382959747,1,3,0,0,normal,0,-0.05988539065974158
2026-02-26 01:00:00,CELL_005,99.00318371905225,98.0817120303299,0.1046004316760206,77.92573066727486,24.77150100856933,22.550351309148446,1,3,0,0,normal,0,-0.08826675072706663
2026-02-26 01:00:00,CELL_006,98.8943323171952,97.90446165316524,0.5537068381294808,72.51965865327219,28.915203970327184,24.57530423718304,1,3,0,0,normal,0,-0.1038875675817511
2026-02-26 01:00:00,CELL_007,99.63689338937824,98.62202876022307,0.408299088533317,84.11459890058308,34.23178462204516,18.10586228702848,1,3,0,0,normal,0,-0.09050531532920864
2026-02-26 01:00:00,CELL_008,99.66320351165167,99.11198123222977,0.2244298306166637,83.81332571110711,22.01273269475729,20.812768854876172,1,3,0,0,normal,0,-0.07668183564614434
2026-02-26 02:00:00,CELL_001,99.0588448930666,98.7984372718582,0.0627151296660113,86.38290752795524,23.175516690103247,14.809211808546966,2,3,0,0,normal,0,-0.04761360614695309
2026-02-26 02:00:00,CELL_002,99.2114377257969,99.47444255075168,0.2539233976970939,86.56040280163056,33.76614703864971,15.077561781271564,2,3,0,0,normal,0,-0.03682644033335447
2026-02-26 02:00:00,CELL_003,99.14153391401108,98.66000106290136,0.4531294791766467,76.48584384023063,29.624324212802343,20.641706183116813,2,3,0,0,normal,0,-0.11084481153871834
2026-02-26 02:00:00,CELL_004,99.42981770984912,98.8850541469548,0.4060252154579608,86.87112356771108,30.83809309937879,21.79629581017536,2,3,0,0,normal,0,-0.10646462844116333
2026-02-26 02:00:00,CELL_005,98.3679771310658,98.19612465648684,0.2276361217638485,92.72313364962292,27.209975433358395,18.34683296353213,2,3,0,0,normal,0,-0.04750975566417637
2026-02-26 02:00:00,CELL_006,98.648257000934,98.3147087112592,0.0564743184765401,71.10714776762983,18.78159443185085,23.27717683838517,2,3,0,0,normal,0,-0.05802004160983815
2026-02-26 02:00:00,CELL_007,99.74162315108816,98.15308759531732,0.350836933732305,79.1755280427306,28.582434892532337,26.90157961548443,2,3,0,0,normal,0,-0.10289574680295266
2026-02-26 02:00:00,CELL_008,99.66661512215884,98.92023960545816,0.6147897524093002,83.49577962209044,31.005154930262503,25.509734905436957,2,3,0,0,normal,0,-0.08676488180587105
2026-02-26 03:00:00,CELL_001,99.60099525413958,98.63438518140228,0.2323968041191074,79.8617162793766,32.058118188477735,27.45569998633182,3,3,0,0,normal,0,-0.10512049049353833
2026-02-26 03:00:00,CELL_002,99.70789011796914,98.09412829781289,0.3644097358945452,86.2858055485137,34.84182439974,22.02273718449583,3,3,0,0,normal,0,-0.10300748733989162
2026-02-26 03:00:00,CELL_003,99.01462305571518,98.93559124805296,0.4505117071934515,83.14759596283352,37.44710892015827,26.63433195171529,3,3,0,0,normal,0,-0.10669545964026345
2026-02-26 03:00:00,CELL_004,99.00153158035204,97.94077486855028,0.3370079193307311,88.35795754576472,25.720770672327024,20.3647167752562,3,3,0,0,normal,0,-0.09774803217266026
2026-02-26 03:00:00,CELL_005,99.11727322448245,98.06042278610624,0.4388079148911232,84.86377135342445,27.288414568908276,24.02276849078564,3,3,0,0,normal,0,-0.11635635262534255
2026-02-26 03:00:00,CELL_006,98.7142082778466,98.117083360313,0.7895815010704015,77.16836808721642,33.651903586432624,24.214415974802375,3,3,0,0,normal,0,-0.12180565741644311
2026-02-26 03:00:00,CELL_007,99.0537646780209,98.7510997423708,0.3960878792880623,79.5733364902028,25.095858139340532,28.80502879168744,3,3,0,0,normal,0,-0.10590824205037147
2026-02-26 03:00:00,CELL_008,99.8861453718572,98.646566545018,0.590649846776659,66.16695529885234,38.87711434299023,29.120416995713757,3,3,0,0,normal,0,-0.08543967861941626
2026-02-26 04:00:00,CELL_001,99.20018432758413,98.17700425149904,0.6306058129462907,69.43165816730298,36.80826008753581,32.634868410637864,4,3,0,0,normal,0,-0.12397041093974631
2026-02-26 04:00:00,CELL_002,99.17102246969944,99.3191185241629,0.6029259147073134,76.99444156132175,34.25684403854264,24.060801771662035,4,3,0,0,normal,0,-0.10078150360562849
2026-02-26 04:00:00,CELL_003,99.26016013240726,97.76550643115992,0.2887256598955375,74.45564384660796,43.35361923330205,26.47516164128662,4,3,0,0,normal,0,-0.11590063058735656
2026-02-26 04:00:00,CELL_004,98.92476419244524,98.17165353402125,0.6105921953242573,80.57314508325797,34.360209201833605,27.21259573021461,4,3,0,0,normal,0,-0.1311413973372373
2026-02-26 04:00:00,CELL_005,98.03881029685222,97.53357244233706,0.5607003809050712,70.65386832805396,35.67556096936083,27.434379131629765,4,3,0,0,normal,0,-0.09489846824536163
2026-02-26 04:00:00,CELL_006,98.7596847503544,97.13655023708164,0.9685491563255864,63.93943948155625,56.68856839719139,34.57945569060274,4,3,0,0,normal,0,-0.11297569836455545
2026-02-26 04:00:00,CELL_007,99.15113992162568,98.90946958576365,0.7086527708659829,78.82787999691759,40.36515371340624,23.654267136681096,4,3,0,0,normal,0,-0.11022600369580404
2026-02-26 04:00:00,CELL_008,99.13378850976852,97.89817817442604,0.7057329152103908,78.71365172495814,44.870569875610464,24.191517168391627,4,3,0,0,normal,0,-0.12247571948930835
2026-02-26 05:00:00,CELL_001,99.3790529456365,98.22214732764957,0.5510761956139996,80.05906032221249,37.093290889759125,27.95055539776852,5,3,0,0,normal,0,-0.12762673118756912
2026-02-26 05:00:00,CELL_002,99.2693467981758,98.00524801226776,0.6040670725415527,55.31106760290972,48.496859210681485,31.569731345213384,5,3,0,0,normal,0,-0.11695223756411322
2026-02-26 05:00:00,CELL_003,98.78672008044012,97.8243972755533,0.6523209149018507,65.84425701764147,46.8308857302831,24.65511382892213,5,3,0,0,normal,0,-0.12336482561349305
2026-02-26 05:00:00,CELL_004,99.09605217865312,97.5167669106334,0.7095257641947242,61.454958546662944,41.29873273603001,30.594709497911666,5,3,0,0,normal,0,-0.12526592538603026
2026-02-26 05:00:00,CELL_005,98.86238653007686,97.55552305097108,1.0509941454365082,65.9585354124622,45.26508844601842,27.83947259448426,5,3,0,0,normal,0,-0.11790135289675868
2026-02-26 05:00:00,CELL_006,98.79486099886364,97.82397423377068,0.7088935453642401,71.24988466796869,42.70102616404201,31.167533151142365,5,3,0,0,normal,0,-0.13528933837750934
2026-02-26 05:00:00,CELL_007,99.2751848350984,97.98707461135425,0.943029345268517,69.0183997134675,37.15175084094292,33.240942205039204,5,3,0,0,normal,0,-0.12410582308830409
2026-02-26 05:00:00,CELL_008,99.2234310422642,98.2287218286146,0.7537608249854635,55.97809104680942,55.26504566259304,33.89721568731463,5,3,0,0,normal,0,-0.1138726313194196
2026-02-26 06:00:00,CELL_001,99.3708335852801,98.22255859362076,0.9175819183211228,59.13073180681288,51.23298425984622,33.28664388210059,6,3,0,0,normal,0,-0.11663984988512671
2026-02-26 06:00:00,CELL_002,98.86440546572382,97.9156756236006,0.9057739160448044,58.09031587851639,52.03185934691049,34.735028305643766,6,3,0,0,normal,0,-0.13713207529942656
2026-02-26 06:00:00,CELL_003,98.82367976720457,97.98977084637347,0.9131923206838464,57.271217003161794,51.4678743973903,43.79678168332546,6,3,0,0,normal,0,-0.12128438126797375
2026-02-26 06:00:00,CELL_004,98.2788740966063,97.26558348692906,1.020683421315765,71.15710932138951,44.8828289264525,36.145370071590975,6,3,0,0,normal,0,-0.10302558262635647
2026-02-26 06:00:00,CELL_005,98.56715288140316,97.91046364308224,1.037853784722368,67.81704669995356,44.91135568458653,29.33490860684166,6,3,0,0,normal,0,-0.11947190534274638
2026-02-26 06:00:00,CELL_006,98.30053674128315,96.86490959748345,1.2375022386645045,55.17227834992482,59.80082304913506,33.0096189748249,6,3,0,0,normal,0,-0.08922392252776978
2026-02-26 06:00:00,CELL_007,99.11966077457456,97.8697631098252,0.6849725207272532,62.67118480689759,53.03524711242682,32.651087636473456,6,3,0,0,normal,0,-0.13279172572450232
2026-02-26 06:00:00,CELL_008,99.29384612174572,97.88381913658608,0.7227320992320054,69.12559354846574,51.81359160447043,35.034625469164105,6,3,0,0,normal,0,-0.12943873087297825
2026-02-26 07:00:00,CELL_001,98.63677469309457,97.78823171030032,0.7618142536439997,58.394199800726405,56.89436024161915,47.891802760468266,7,3,0,0,normal,0,-0.11125285201734686
2026-02-26 07:00:00,CELL_002,98.61153511789716,97.35329635910874,1.100311346084559,58.160762762456415,61.52327404977381,38.721116345540814,7,3,0,0,normal,0,-0.12733637559462208
2026-02-26 07:00:00,CELL_003,98.54796025322092,97.16229866508384,1.086326261610325,46.04608881181603,66.86059849164177,39.04303628849406,7,3,0,0,normal,0,-0.11207243394752864
2026-02-26 07:00:00,CELL_004,98.10323251455353,97.33260984954204,0.9932663859177288,64.6854007827639,62.96568484552172,41.0002138560181,7,3,0,0,normal,0,-0.10902633585801424
2026-02-26 07:00:00,CELL_005,98.415380664812,97.98160706663316,0.9153341900035808,67.2150145249196,50.23387588216202,38.24391645210439,7,3,0,0,normal,0,-0.12712176436412137
2026-02-26 07:00:00,CELL_006,97.78912082689232,97.3411171970276,1.0191179690140464,41.899022856399085,64.81731501122003,40.88958098846822,7,3,0,0,normal,0,-0.08673477405986668
2026-02-26 07:00:00,CELL_007,99.27770484329332,98.35440550748298,0.7640498556730811,57.82157563661256,53.9823243873077,33.22818322631062,7,3,0,0,normal,0,-0.11301944387459972
2026-02-26 07:00:00,CELL_008,98.89575054000248,96.9049278554712,1.0347135951393729,64.26602313149004,60.433639425546495,41.35149918306631,7,3,0,0,normal,0,-0.11358704211365839
2026-02-26 08:00:00,CELL_001,99.07470729226286,98.01876120521132,1.2303103899452057,45.63528801307784,63.4347927623592,37.07612147446973,8,3,0,0,normal,0,-0.10335931789951391
2026-02-26 08:00:00,CELL_002,99.0179654575589,97.69458862828138,1.1883828729271315,51.18029262706969,63.39177951141351,41.58239553449816,8,3,0,0,normal,0,-0.12557077240478476
2026-02-26 08:00:00,CELL_003,98.25287638089742,97.35382279889195,1.3406014765370124,45.67986031649538,71.52670700697806,42.812366715621344,8,3,0,0,normal,0,-0.12092144988820225
2026-02-26 08:00:00,CELL_004,98.15082500278098,96.61912838248531,1.2517612968202014,49.84020708730653,61.70892928082613,40.17743318657733,8,3,0,0,normal,0,-0.11369680478561467
2026-02-26 08:00:00,CELL_005,98.2717196259175,97.67829156482787,1.0049744395895563,54.7375791553896,54.97135288056183,40.386708915930086,8,3,0,0,normal,0,-0.12495650137502706
2026-02-26 08:00:00,CELL_006,98.2368103650778,96.57946983339131,1.4397471572388438,47.73054477323135,68.14515166966567,41.7562497539391,8,3,0,0,normal,0,-0.11382177055983805
2026-02-26 08:00:00,CELL_007,98.521001845301,97.60479060940273,1.1052806395389312,47.98393982392896,62.56018394444919,47.270756202518974,8,3,0,0,normal,0,-0.11705720811741965
2026-02-26 08:00:00,CELL_008,98.371851542614,97.2954279191202,1.5286061578435417,37.63839949470719,70.6221205785036,40.06302692555104,8,3,0,0,normal,0,-0.10248291679440119
2026-02-26 09:00:00,CELL_001,98.69765368073644,97.7470833373278,1.249735682173558,47.42595540238882,60.32230868832509,41.17815025065549,9,3,0,0,normal,0,-0.1257741807370834
2026-02-26 09:00:00,CELL_002,98.78092750217014,97.3565019258062,1.1026946879892223,54.73095044405033,63.68548086221261,41.768531159305006,9,3,0,0,normal,0,-0.132043047275892
2026-02-26 09:00:00,CELL_003,98.45075056056866,96.9709165837203,1.4228942692942623,46.2401360510195,77.13392880016454,51.79685723150107,9,3,0,0,normal,0,-0.11433641643535125
2026-02-26 09:00:00,CELL_004,98.69613004510326,96.09565368655642,1.6603172562487936,51.106538386689394,71.10608345855638,42.7750979950434,9,3,0,0,normal,0,-0.0825922131510784
2026-02-26 09:00:00,CELL_005,98.18853399762024,97.22551669582714,1.2186594479415729,49.23205500208528,69.29242702045269,47.45308364929542,9,3,0,0,normal,0,-0.1273089697723611
2026-02-26 09:00:00,CELL_006,97.83119580155252,96.22393592082804,1.4809594866835545,36.20318734040524,76.6855688145707,43.29402790830318,9,3,0,0,normal,0,-0.07412998940723325
2026-02-26 09:00:00,CELL_007,98.128584361825,96.96579053811746,1.2805346946975389,39.65385650808436,70.48791160924141,44.51356006204927,9,3,0,0,normal,0,-0.1163865414206452
2026-02-26 09:00:00,CELL_008,98.8394929533101,97.95557358891196,0.8697537257431127,47.86481959265408,75.76191958849743,44.01702586902554,9,3,0,0,normal,0,-0.09885631981970205
2026-02-26 10:00:00,CELL_001,99.02626072873213,97.2332270830454,0.9728576718405308,52.32222656382838,76.00199067019932,47.10767377275096,10,3,0,0,normal,0,-0.10308209195049578
2026-02-26 10:00:00,CELL_002,98.59001166732376,97.73838187591991,1.432435591379192,41.28701341456417,75.20245031344118,47.48474169310759,10,3,0,0,normal,0,-0.10703604771673297
2026-02-26 10:00:00,CELL_003,98.22648826838928,97.28204737237476,1.165968350047243,39.670061852308365,74.15457589093722,45.11287281358538,10,3,0,0,normal,0,-0.12102349550055519
2026-02-26 10:00:00,CELL_004,97.8064699284322,96.17024743681432,1.4500479645413755,46.84113944582056,70.10758209925838,44.065746759220886,10,3,0,0,normal,0,-0.09140538317091695
2026-02-26 10:00:00,CELL_005,97.73839191270947,97.24380086576863,1.7272125593880885,58.61906376968998,90.4324160496066,50.73127828463414,10,3,0,0,normal,0,-0.04329203640953261
2026-02-26 10:00:00,CELL_006,97.94147736347526,96.55136518760187,1.1916973025743371,46.17501122743575,76.25445444620978,48.15502030860867,10,3,0,0,normal,0,-0.1086994084985507
2026-02-26 10:00:00,CELL_007,98.33892639891891,96.98341705282658,1.4422662582517085,44.77451714868426,74.50128288128414,45.49930603256264,10,3,0,0,normal,0,-0.12869429129664872
2026-02-26 10:00:00,CELL_008,99.06496588424278,97.58579035571675,1.262324030856815,50.79860952947228,66.4878944778388,39.067818266079705,10,3,0,0,normal,0,-0.1224188686442354
2026-02-26 11:00:00,CELL_001,98.38045071419408,97.93415505036091,1.2830350690469268,39.05190959585001,71.89290831592673,53.50982883426443,11,3,0,0,normal,0,-0.09260107497468262
2026-02-26 11:00:00,CELL_002,98.9645587890622,97.41322745520856,1.6808510787152136,45.76018659732471,80.32439441564765,47.28980061551543,11,3,0,0,normal,0,-0.0905832687753203
2026-02-26 11:00:00,CELL_003,97.87864055968494,96.38463807526882,1.5306356303795314,42.55442402954376,71.14980386255074,52.67929219679489,11,3,0,0,normal,0,-0.09472110948551038
2026-02-26 11:00:00,CELL_004,98.05643377733028,96.8710475340351,1.4519124169921902,42.86494721340795,66.60859147782332,45.2996173335854,11,3,0,0,normal,0,-0.12252133292452777
2026-02-26 11:00:00,CELL_005,97.81019804191897,97.24488560583768,1.434711514226316,42.37849824136383,87.42576926233522,50.5665418785696,11,3,0,0,normal,0,-0.08481596821100201
2026-02-26 11:00:00,CELL_006,98.31975875060954,96.94832506907552,1.5413185974028034,47.59403345600657,75.87507548879972,47.38587840453789,11,3,0,0,normal,0,-0.12419047049106674
2026-02-26 11:00:00,CELL_007,97.8869234382793,97.02779853352013,1.390464818185091,33.46893901361405,73.45623671504005,46.88747849809194,11,3,0,0,normal,0,-0.10551986659677365
2026-02-26 11:00:00,CELL_008,98.63815770131636,97.37007702776548,1.3680022888186254,46.55987610823057,76.711390475694,50.88390448678568,11,3,0,0,normal,0,-0.11462439231389826
2026-02-26 12:00:00,CELL_001,98.353414051341,97.287082544322,1.3713989833625893,51.497239554253504,73.39042754191809,48.25864214268651,12,3,0,0,normal,0,-0.13308994460319673
2026-02-26 12:00:00,CELL_002,98.9606903506557,96.9341530967036,1.381319656130645,41.23015037108873,78.90754174784799,46.22368953527275,12,3,0,0,normal,0,-0.10735297107292446
2026-02-26 12:00:00,CELL_003,97.84236146043222,96.40306248631587,1.5088552196911509,38.83819061571848,76.50013993327931,48.237672669727935,12,3,0,0,normal,0,-0.10048600602787866
2026-02-26 12:00:00,CELL_004,98.0873263801434,97.26338634108174,1.203693532565488,47.34521913000453,76.68771769094619,39.89385783238927,12,3,0,0,normal,0,-0.12445255827697072
2026-02-26 12:00:00,CELL_005,98.02079606437852,96.85983938408457,1.4948393149217625,51.52448409498615,67.82246783395426,46.49073842929874,12,3,0,0,normal,0,-0.12369736068918408
2026-02-26 12:00:00,CELL_006,97.72037928679129,96.40146605625802,1.6792578377323697,39.99366610134278,79.05027863534947,46.9441309689913,12,3,0,0,normal,0,-0.08344153894837264
2026-02-26 12:00:00,CELL_007,98.67116749017516,97.38981381107575,1.374297431374756,43.02356798781865,81.01073297896063,44.78161679108741,12,3,0,0,normal,0,-0.11817873631330322
2026-02-26 12:00:00,CELL_008,98.3320226017498,97.65907259837648,1.7045657939321104,39.77839589318622,80.72366211487099,49.27752593138904,12,3,0,0,normal,0,-0.08573996722935179
2026-02-26 13:00:00,CELL_001,98.65605512522986,97.60806145513844,1.472984200527628,40.866266937999264,79.66758240496581,47.66581815710674,13,3,0,0,normal,0,-0.10572441315792575
2026-02-26 13:00:00,CELL_002,98.41519289143407,96.86999812192688,1.4147397461818954,41.35738791965789,85.82791314478531,49.285815534102,13,3,0,0,normal,0,-0.10286044753651585
2026-02-26 13:00:00,CELL_003,98.12687098864248,96.88750301551455,1.5755731159697806,42.152897423132615,82.7510669200449,46.028613666209424,13,3,0,0,normal,0,-0.1059889931746757
2026-02-26 13:00:00,CELL_004,98.22104195318737,96.86893778392816,1.527890241483123,41.18400795620759,74.48388153823146,45.8534626139686,13,3,0,0,normal,0,-0.12505195387116896
2026-02-26 13:00:00,CELL_005,97.21461348384504,97.21803100945812,1.4143031527395264,39.79046068325581,74.66379223990387,48.7186981000033,13,3,0,0,normal,0,-0.08885241173468106
2026-02-26 13:00:00,CELL_006,97.36977676808787,96.51882191150892,1.6385823025751765,39.15504244027007,75.81641774830554,43.525117263064125,13,3,0,0,normal,0,-0.07732677980539099
2026-02-26 13:00:00,CELL_007,97.92563828704512,96.54412749296252,1.2203477936420086,50.71250245917696,68.87921739398294,50.46284228143723,13,3,0,0,normal,0,-0.10498463132656921
2026-02-26 13:00:00,CELL_008,98.427222779998,97.23694395566424,1.3644667851812953,40.19153107102535,82.57664548876842,48.850805602633024,13,3,0,0,normal,0,-0.1121315039441183
2026-02-26 14:00:00,CELL_001,98.44715851986504,97.16837855291082,1.2026912832839105,34.74269785499907,75.90488762999314,44.51165574231056,14,3,0,0,normal,0,-0.11531543018322887
2026-02-26 14:00:00,CELL_002,98.26766029603355,97.12851405122312,1.4258663337768127,45.15660365979885,76.27583799664984,48.363998779600834,14,3,0,0,normal,0,-0.13024357826663185
2026-02-26 14:00:00,CELL_003,98.40756664467412,96.95989323538868,1.5510591141766883,38.529799221597294,84.27166320779372,52.8412067168185,14,3,0,0,normal,0,-0.09551265674699227
2026-02-26 14:00:00,CELL_004,98.11464188771744,96.60464123826586,1.4675444260579271,37.19853376542438,81.15460482749151,45.256488447763786,14,3,0,0,normal,0,-0.10190526410635836
2026-02-26 14:00:00,CELL_005,98.17704502768508,97.0059901492047,1.4244518130341246,41.30542264031488,68.8533006564165,42.79757186079933,14,3,0,0,normal,0,-0.12257798831893124
2026-02-26 14:00:00,CELL_006,97.99891247873856,96.70027128029112,1.5445954151266332,41.31643421072552,71.4547371526188,48.59149755613308,14,3,0,0,normal,0,-0.1152520426771172
2026-02-26 14:00:00,CELL_007,98.79911837147692,97.39135316780836,1.318551940656742,53.53929563860443,71.9959759189702,42.05808307436988,14,3,0,0,normal,0,-0.1252010497286497
2026-02-26 14:00:00,CELL_008,98.04335025437965,97.31542300484712,1.5660836639678248,49.01300377956781,71.06568961457323,49.50823108320144,14,3,0,0,normal,0,-0.11543877957478638
2026-02-26 15:00:00,CELL_001,98.40541866637098,97.64667423193414,1.198965480766656,50.65034069215783,83.20657580831183,44.84786607692877,15,3,0,0,normal,0,-0.10845303987894261
2026-02-26 15:00:00,CELL_002,98.96992767046694,97.0552686360206,1.2252164271538426,41.40709307766839,76.57409809444736,43.154302240793065,15,3,0,0,normal,0,-0.10934263260975541
2026-02-26 15:00:00,CELL_003,98.58873330073531,96.90377172844816,1.3714208355807265,44.309969705331554,74.19317558578204,50.53894441058348,15,3,0,0,normal,0,-0.11983893518009164
2026-02-26 15:00:00,CELL_004,98.26304955332076,96.91074878390258,1.2545841222533518,48.49806391183614,77.85984466456206,45.46875495517425,15,3,0,0,normal,0,-0.12296317970689918
2026-02-26 15:00:00,CELL_005,98.25495621190112,96.83550170282396,1.1586465950158766,56.754274906266005,69.04058213913012,39.84135883944127,15,3,0,0,normal,0,-0.11944016422830472
2026-02-26 15:00:00,CELL_006,97.56973600392392,96.45894499908106,1.49458427477542,48.56756763584571,80.4492472355803,49.27531407057722,15,3,0,0,normal,0,-0.07922394458850873
2026-02-26 15:00:00,CELL_007,98.55606814161877,97.29583517907083,1.4086589864586192,38.75524569489738,77.90224502709093,47.45517171789137,15,3,0,0,normal,0,-0.11292076295506531
2026-02-26 15:00:00,CELL_008,98.69374907355257,96.91720625891617,1.2263317024117104,53.60383890559336,73.79176052893142,43.81755404861608,15,3,0,0,normal,0,-0.12077315744509792
2026-02-26 16:00:00,CELL_001,98.64816781881044,97.95088999972768,1.003336504484788,48.93479372658911,66.87399915726735,39.056381040253136,16,3,0,0,normal,0,-0.12229759181381694
2026-02-26 16:00:00,CELL_002,98.38633512799242,97.4474230524902,1.1151075335586216,48.92239158067584,71.8214462827261,42.1373058559898,16,3,0,0,normal,0,-0.1274004054467116
2026-02-26 16:00:00,CELL_003,97.84052740325798,97.28395595435904,1.4737389130014888,44.11397156581586,80.1582940526962,47.8808414218299,16,3,0,0,normal,0,-0.09364722732896386
2026-02-26 16:00:00,CELL_004,98.29839311618132,96.94554557767675,1.1790687520073575,62.70612514688911,68.34579072945357,43.70149101904792,16,3,0,0,normal,0,-0.11529762057443338
2026-02-26 16:00:00,CELL_005,98.3896329421319,97.21228342248077,1.0194236635584144,63.28988066798525,62.40524487682386,36.948295782718176,16,3,0,0,normal,0,-0.11916928654704456
2026-02-26 16:00:00,CELL_006,97.52293316692,95.75842403770542,1.2342934142892463,32.50481565230194,75.08625829392956,46.83293426207746,16,3,0,0,normal,0,-0.04141874366714626
2026-02-26 16:00:00,CELL_007,98.9491618248974,97.50089208920495,1.198956856016813,55.967113135238606,75.76224138271802,45.078655594236935,16,3,0,0,normal,0,-0.11181440953813804
2026-02-26 16:00:00,CELL_008,98.9291133150136,97.46448892314162,0.9482499948765184,41.26177276896141,75.23687547463263,46.86384358085636,16,3,0,0,normal,0,-0.09203822758009383
2026-02-26 17:00:00,CELL_001,98.96674367993684,98.0144580059704,0.8992388391872476,63.26273181406098,51.82131881138379,36.96395079503687,17,3,0,0,normal,0,-0.12728679703876633
2026-02-26 17:00:00,CELL_002,99.02842403466327,97.53171906346816,0.797904795846334,57.69478766931433,60.58682668465436,38.74424220943901,17,3,0,0,normal,0,-0.12702670889214945
2026-02-26 17:00:00,CELL_003,98.5121977222516,97.08811463917786,0.9325386170467902,47.913027299059536,64.24718328031788,40.700005300557855,17,3,0,0,normal,0,-0.12568628317236596
2026-02-26 17:00:00,CELL_004,98.4143782001128,97.7613029559039,0.8972812116850286,51.07318604382238,51.21901229295052,30.639108073654285,17,3,0,0,normal,0,-0.11278636487122135
2026-02-26 17:00:00,CELL_005,98.46954858571448,97.73047462510382,0.9681400480963828,69.62360534668288,53.74965907784007,37.596160353499336,17,3,0,0,normal,0,-0.11979725800939345
2026-02-26 17:00:00,CELL_006,98.35231487771895,97.02574316364496,1.1659811169637646,49.39046181385136,63.42264283743435,42.54281500512534,17,3,0,0,normal,0,-0.12204040954980816
2026-02-26 17:00:00,CELL_007,99.04188900112548,98.02019855898774,0.8218011308131953,63.75415381842775,52.0328380387801,40.05366939980291,17,3,0,0,normal,0,-0.12190381780433596
2026-02-26 17:00:00,CELL_008,98.62711247293184,97.7425801481445,1.064512869663525,63.62031065768262,57.63775770829563,37.16844019238727,17,3,0,0,normal,0,-0.12821381530767373
2026-02-26 18:00:00,CELL_001,99.33855334630258,97.15508629408826,1.0371399113558668,60.83707960325429,54.30466768707785,34.50006128338262,18,3,0,0,normal,0,-0.1050346137538044
2026-02-26 18:00:00,CELL_002,99.00163498745344,98.47334126022608,0.5543148670631433,55.18460249731129,53.75609131047776,34.69720115375709,18,3,0,0,normal,0,-0.1022127710896798
2026-02-26 18:00:00,CELL_003,98.63878276966554,96.95042166392288,0.913499872930036,55.17572492500378,54.870487355208894,41.129641205802606,18,3,0,0,normal,0,-0.11421688471453395
2026-02-26 18:00:00,CELL_004,98.28619283585624,97.9060650465893,0.6049754939503494,70.46723788125877,43.569864253026,25.62476295573285,18,3,0,0,normal,0,-0.10414668663620807
2026-02-26 18:00:00,CELL_005,98.9478103526389,98.15091740710514,0.7024844418963423,67.20300942566833,43.41653331159107,29.65582866905253,18,3,0,0,normal,0,-0.12893712227121973
2026-02-26 18:00:00,CELL_006,98.49206189906428,97.4415232798458,0.9367827918171776,61.398002056771176,50.61134661743101,31.65463645788807,18,3,0,0,normal,0,-0.12344230219024577
2026-02-26 18:00:00,CELL_007,99.69125881218017,97.94045309888747,0.89520135585554,58.505004287796,49.72708168388586,36.49723236300241,18,3,0,0,normal,0,-0.1006425148352375
2026-02-26 18:00:00,CELL_008,98.99387461246364,98.09124365370153,0.9792027788491404,64.3151360031936,60.434126530611465,38.79488942334205,18,3,0,0,normal,0,-0.11733077139707371
2026-02-26 19:00:00,CELL_001,98.75608386866946,98.3404399156462,0.5053093165223992,61.86784005870203,36.73748764584751,25.79559915451983,19,3,0,0,normal,0,-0.1127538518656453
2026-02-26 19:00:00,CELL_002,99.23435573704322,98.11014621527816,0.4959665425202079,68.08888870442667,42.71487458300018,33.79792992052211,19,3,0,0,normal,0,-0.12080101422223605
2026-02-26 19:00:00,CELL_003,98.85405099576715,97.6503305770254,0.8559135616094979,73.57419058036221,49.20962092635616,29.04179078490789,19,3,0,0,normal,0,-0.11868677304920078
2026-02-26 19:00:00,CELL_004,98.4834490567452,96.8900171978675,0.6382325095571899,72.41201959168771,43.78777004791429,24.255373043527925,19,3,0,0,normal,0,-0.07938568545660629
2026-02-26 19:00:00,CELL_005,98.6095233194526,97.9488787543712,0.9127335751209824,76.56653907256474,47.59875077590738,36.19220333447469,19,3,0,0,normal,0,-0.1126588412693948
2026-02-26 19:00:00,CELL_006,98.31229307970736,97.36517335881445,1.072041957991707,65.66243275671087,42.8204733932335,35.830132938753195,19,3,0,0,normal,0,-0.10860789522991893
2026-02-26 19:00:00,CELL_007,98.68114881278022,97.90236157473306,0.6422980643645444,63.08379570814998,41.76404173164145,30.014244648684485,19,3,0,0,normal,0,-0.12222475028950441
2026-02-26 19:00:00,CELL_008,99.027622694129,98.0890773716409,0.5399134465441271,66.96985206182163,42.47618162250511,34.3317270464656,19,3,0,0,normal,0,-0.12320012620931964
2026-02-26 20:00:00,CELL_001,99.38221104069945,98.96996517745376,0.6342536438313765,75.53622018504919,37.24846656501743,30.62227312632715,20,3,0,0,normal,0,-0.10042010107365745
2026-02-26 20:00:00,CELL_002,99.67684082038416,98.71843178684004,0.6406868782056437,79.57450875029379,41.67934130376024,30.486073834640205,20,3,0,0,normal,0,-0.09115557497981197
2026-02-26 20:00:00,CELL_003,99.16010672038048,97.88093276744648,0.6086413691898157,63.3862668759261,45.959159550679,29.88206662829665,20,3,0,0,normal,0,-0.11777832693220475
2026-02-26 20:00:00,CELL_004,98.66094720770518,97.70854223220798,0.8923203681078493,70.52240815777348,24.82515019955825,27.380460064620767,20,3,0,0,normal,0,-0.08979845391629449
2026-02-26 20:00:00,CELL_005,98.82514534477046,97.91763103740116,0.4036873498894266,65.28676620254618,28.548434778400956,25.95173353456544,20,3,0,0,normal,0,-0.10339738828714645
2026-02-26 20:00:00,CELL_006,98.7297856409819,97.73786759611087,0.5039444073155896,73.61990232233549,46.897859442123575,30.809360370147598,20,3,0,0,normal,0,-0.11840848472475318
2026-02-26 20:00:00,CELL_007,99.54435702381916,98.75770917371466,0.3519138469511242,74.36315143978511,27.611035138790868,23.21414476303143,20,3,0,0,normal,0,-0.10129768598399641
2026-02-26 20:00:00,CELL_008,99.58663366112614,98.141838244384,0.5458195051385017,62.84446616891683,35.620279170126736,29.74862982047581,20,3,0,0,normal,0,-0.09702036099974376
2026-02-26 21:00:00,CELL_001,99.71128864851106,98.99185526312606,0.1882578844283569,92.394182339675,26.05180544777241,20.898271343772212,21,3,0,0,normal,0,-0.04662137267503241
2026-02-26 21:00:00,CELL_002,99.28256706202032,98.8848229615256,0.2481102387928695,79.75709358343707,32.725848767533286,25.607391072686124,21,3,0,0,normal,0,-0.10285157191363142
2026-02-26 21:00:00,CELL_003,99.19952309568536,98.10931573578117,0.5753367282380216,76.07103482114262,26.940867376801712,23.56432861919972,21,3,0,0,normal,0,-0.1044057269729387
2026-02-26 21:00:00,CELL_004,98.99050166283524,98.42368661156917,0.4125078017591081,87.6582464923995,26.201955338106806,19.90361305154373,21,3,0,0,normal,0,-0.08768725701088198
2026-02-26 21:00:00,CELL_005,98.78015889957764,98.05839146994688,0.3161355499821655,85.10080853373539,28.941465975738605,22.095326401325813,21,3,0,0,normal,0,-0.10107818601169427
2026-02-26 21:00:00,CELL_006,98.94659957805962,97.80792315945004,0.572618925603389,75.10699815922652,38.67646043859292,26.87743853598253,21,3,0,0,normal,0,-0.11689841181615052
2026-02-26 21:00:00,CELL_007,100.0,99.0044596649497,0.5738752478826809,78.98852452513135,28.226661188018983,21.43087051649394,21,3,0,0,normal,0,-0.06657782947738272
2026-02-26 21:00:00,CELL_008,99.59060868911266,97.76956835764068,0.206047365599795,73.80675649753908,39.80209942096749,30.845965483839,21,3,0,0,normal,0,-0.0899525399189815
2026-02-26 22:00:00,CELL_001,99.66937692468132,99.06220862452535,0.1124125823200239,86.35120008720206,30.02278935324873,16.93807772198756,22,3,0,0,normal,0,-0.03887785393476684
2026-02-26 22:00:00,CELL_002,99.3308022164274,98.03720844357208,0.4716742122260344,84.55811252385318,31.33674119218126,28.480480386375767,22,3,0,0,normal,0,-0.09737776665317238
2026-02-26 22:00:00,CELL_003,98.98118602454572,98.94067545144276,0.6431176926435307,86.65901396842972,30.424202945743023,17.38575934140511,22,3,0,0,normal,0,-0.053616530186027744
2026-02-26 22:00:00,CELL_004,99.06640531424104,98.49500695634558,0.4396509934441209,77.6808602619612,19.991507863220683,19.38840491715152,22,3,0,0,normal,0,-0.06771384150459459
2026-02-26 22:00:00,CELL_005,98.50718729672728,97.64469763131814,0.564069971008941,89.15078921474459,20.29534067068584,18.85721689014501,22,3,0,0,normal,0,-0.03476493883962717
2026-02-26 22:00:00,CELL_006,99.33465065319729,98.00840771158012,0.4775151211295683,83.88493449744176,32.45124017464066,20.79609523083321,22,3,0,0,normal,0,-0.09244657519138083
2026-02-26 22:00:00,CELL_007,99.11434516648566,98.53880956488749,0.1268143103808801,84.20214793654475,31.46053579796446,18.57499716737084,22,3,0,0,normal,0,-0.07069322303717313
2026-02-26 22:00:00,CELL_008,99.7748923563446,99.05539847511513,0.4891710967389018,82.41063307482622,36.87008340289764,20.721876844821168,22,3,0,0,normal,0,-0.07009459568796839
2026-02-26 23:00:00,CELL_001,99.9781805987683,98.34792437952478,0.3326463314694987,84.71241123497269,22.80183890161786,19.49522259653737,23,3,0,0,normal,0,-0.05960700018198706
2026-02-26 23:00:00,CELL_002,99.86644451680516,99.22663826961748,0.4274138891972708,87.03863661652919,30.207863949579597,18.89293315589714,23,3,0,0,normal,0,-0.046559754036868184
2026-02-26 23:00:00,CELL_003,98.8670318121144,98.60590848461804,0.5100259718461814,90.16510697206606,37.43371927376115,25.45622429456157,23,3,0,0,normal,0,-0.07376533581167694
2026-02-26 23:00:00,CELL_004,99.46273978219936,98.12177547407592,0.6260518554442875,85.42222201256386,25.90927178933544,25.23117820815933,23,3,0,0,normal,0,-0.07868553639572412
2026-02-26 23:00:00,CELL_005,99.092150425032,98.40774027811798,0.5429599416544586,80.24585185961283,22.500105128868935,23.622337090407928,23,3,0,0,normal,0,-0.09261897174452383
2026-02-26 23:00:00,CELL_006,98.93113273054396,97.882067724688,0.2617815599866133,76.58465360263219,30.01131023341757,31.468486035371168,23,3,0,0,normal,0,-0.09364900323484521
2026-02-26 23:00:00,CELL_007,99.85069017249558,98.55974047263716,0.376521281889539,81.17122127638741,22.13980323613657,19.466255520822955,23,3,0,0,normal,0,-0.06688154461991042
2026-02-26 23:00:00,CELL_008,99.632178595572,98.53823609773832,0.2782934003306422,73.94506131741213,23.39748054713185,18.674076944505003,23,3,0,0,normal,0,-0.06651513186646313
2026-02-27 00:00:00,CELL_001,99.6321279739703,98.69855503167364,0.3481475954191593,90.37671700978449,24.532936336819013,20.20511469790297,0,4,0,0,normal,0,-0.06451330791121374
2026-02-27 00:00:00,CELL_002,100.0,98.37952344854229,0.2284115812815972,80.51184551216316,19.67103578485568,22.52059490766622,0,4,0,0,normal,0,-0.04108360373094233
2026-02-27 00:00:00,CELL_003,99.33714420295776,98.73034753439184,0.3445263870174471,81.38656693283869,27.999522463658625,24.24029410359721,0,4,0,0,normal,0,-0.09419881114638612
2026-02-27 00:00:00,CELL_004,98.465278067648,97.53496876656077,0.0,81.25729163779104,20.373523271654,21.312951897763455,0,4,0,0,normal,0,-0.020133940134690276
2026-02-27 00:00:00,CELL_005,98.83366779485527,98.37199961111143,0.6143684477526423,88.66832625422478,29.947963455885056,17.43806876976665,0,4,0,0,normal,0,-0.06477532229148597
2026-02-27 00:00:00,CELL_006,98.69546472513798,98.37929844010516,0.3511469403043236,79.84430893473,27.229328142455376,20.399015525292043,0,4,0,0,normal,0,-0.09014883532232792
2026-02-27 00:00:00,CELL_007,99.46681227634684,98.8468647586112,0.5858179781185227,82.86571161605372,30.7952237400045,14.72939794264724,0,4,0,0,normal,0,-0.04662138092032542
2026-02-27 00:00:00,CELL_008,99.7319537371048,99.10866962658376,0.3130694141374298,88.47529653094907,27.965305167108315,13.534818613722774,0,4,0,0,normal,0,-0.034571616428775154
2026-02-27 01:00:00,CELL_001,99.50551773000966,98.94610140353224,0.4366273450862081,82.3386404814983,26.99795977768124,17.23706771960773,1,4,0,0,normal,0,-0.07479739736882401
2026-02-27 01:00:00,CELL_002,100.0,98.68508718216312,0.072255609799842,88.95379880418798,31.87630310266845,18.160961537563036,1,4,0,0,normal,0,-0.03296951230583123
2026-02-27 01:00:00,CELL_003,99.44307244561809,98.52603683919664,0.2459022987974211,78.30681384427423,29.071450097246117,21.20534894911861,1,4,0,0,normal,0,-0.09894509459089529
2026-02-27 01:00:00,CELL_004,98.97150661325075,98.35759307640734,0.6663058094563182,79.87095299111374,24.516277998987057,17.811971288298736,1,4,0,0,normal,0,-0.08273456605757701
2026-02-27 01:00:00,CELL_005,98.53150783808988,97.96829785752264,0.0469748393482794,84.10105445873526,22.28243425980019,20.947314313496346,1,4,0,0,normal,0,-0.05173456986903402
2026-02-27 01:00:00,CELL_006,98.43102090900597,98.48637931582824,0.7638116850427199,78.6184589643139,40.11790959671576,29.51393187084853,1,4,0,0,normal,0,-0.09070017352785542
2026-02-27 01:00:00,CELL_007,99.52529995544133,98.83213889054764,0.104082704249667,80.32472441962894,34.628576240051615,23.17461809912866,1,4,0,0,normal,0,-0.08397348524304582
2026-02-27 01:00:00,CELL_008,99.34470276967782,99.34769907761286,0.3613064710356285,83.93332819692398,26.17622520180801,19.82483554317988,1,4,0,0,normal,0,-0.0730357108695549
2026-02-27 02:00:00,CELL_001,99.79879669316324,99.09434845328532,0.0124875274852955,86.04767115131398,31.955405407413323,20.994943001377287,2,4,0,0,normal,0,-0.04696794401129423
2026-02-27 02:00:00,CELL_002,99.15894534081885,98.97758447813612,0.3400533268013073,73.47174161438538,38.67687881821563,24.770125471750244,2,4,0,0,normal,0,-0.1029860762528883
2026-02-27 02:00:00,CELL_003,99.12130933324684,98.13138430482024,0.231279529105348,71.50868796870691,33.667889397723755,24.46919535739422,2,4,0,0,normal,0,-0.10715987511925079
2026-02-27 02:00:00,CELL_004,99.46143997185644,97.74777992521446,0.4550605932245988,86.85622491515107,21.45058709682392,15.838309408204111,2,4,0,0,normal,0,-0.05018758920315858
2026-02-27 02:00:00,CELL_005,98.99387389542204,98.49950765239282,0.3633242263161876,84.6014968693644,17.49375316078665,18.69341096021851,2,4,0,0,normal,0,-0.0687971666418497
2026-02-27 02:00:00,CELL_006,99.1508752640916,98.03193623442137,0.1863612620485586,71.60843859557102,30.07857262664504,23.188218320235823,2,4,0,0,normal,0,-0.09809856656574972
2026-02-27 02:00:00,CELL_007,99.71230476085988,98.7623185052812,0.1058214397033476,79.1092290999812,23.766474176629565,23.56111330913981,2,4,0,0,normal,0,-0.07276471765068604
2026-02-27 02:00:00,CELL_008,99.5626286560647,98.53790073813494,0.1818391883123931,92.1468128421108,19.22513453220972,18.13603634155992,2,4,0,0,normal,0,-0.036929954464378634
2026-02-27 03:00:00,CELL_001,99.6207088099136,99.2935967541052,0.1947984422413697,77.48560100542346,26.228251654594047,18.22937604978322,3,4,0,0,normal,0,-0.059942454946520174
2026-02-27 03:00:00,CELL_002,99.40069529264254,98.7636240981126,0.4329211334346162,77.53280901680199,31.96381964907611,26.215705311585367,3,4,0,0,normal,0,-0.11414124053091806
2026-02-27 03:00:00,CELL_003,98.54382595856583,97.7637508808704,0.6225402268587004,77.52676615823206,40.17848520878708,25.3694250754169,3,4,0,0,normal,0,-0.11064545192558356
2026-02-27 03:00:00,CELL_004,98.56127176161596,97.87575191404792,0.2364986406278273,78.51534962141879,34.28635809527324,27.595270282788004,3,4,0,0,normal,0,-0.10421104168357831
2026-02-27 03:00:00,CELL_005,98.81616580195792,98.2375575210286,0.5174780700112875,77.30499962552815,29.933907469150984,24.63079036216687,3,4,0,0,normal,0,-0.12087728095067624
2026-02-27 03:00:00,CELL_006,98.62266487191222,98.34874624444382,0.653118561740657,72.17964727152061,29.978091409709386,22.97275553755332,3,4,0,0,normal,0,-0.10411479785011934
2026-02-27 03:00:00,CELL_007,99.09178758570695,99.01698372309843,0.6388361277410961,79.55190378740441,36.31482457122999,22.794452232945368,3,4,0,0,normal,0,-0.10197545099484678
2026-02-27 03:00:00,CELL_008,99.15686577337368,99.0828104794982,0.4113904070512502,76.34689516585512,43.93366302800003,30.76888142067037,3,4,0,0,normal,0,-0.09215909326036614
2026-02-27 04:00:00,CELL_001,99.1889301993715,98.35373805840632,0.697487349986825,72.51241803638636,49.02189962038102,34.23763448928012,4,4,0,0,normal,0,-0.11966074738576565
2026-02-27 04:00:00,CELL_002,99.08141294844926,98.35132766494198,0.5999926058959175,70.95878997548552,47.615630827183246,28.609256657138435,4,4,0,0,normal,0,-0.12465499206216396
2026-02-27 04:00:00,CELL_003,98.7047024458994,97.68590569915824,0.7652666823704024,68.54409060420136,35.10799359000221,28.100876604665867,4,4,0,0,normal,0,-0.11801147578267429
2026-02-27 04:00:00,CELL_004,98.5216090331975,98.3477665598006,0.4433627438291015,80.66982507754874,47.16204543626093,27.870248415911263,4,4,0,0,normal,0,-0.10198045980774006
2026-02-27 04:00:00,CELL_005,98.66908985152492,97.38556284278016,0.5349950417749251,82.1801209490037,34.79104430630365,28.60979858927453,4,4,0,0,normal,0,-0.10566631937714788
2026-02-27 04:00:00,CELL_006,98.26698175265494,97.73889054772044,0.8319260679260555,67.8147036790991,49.17609302351758,31.792074098830994,4,4,0,0,normal,0,-0.1115090198906808
2026-02-27 04:00:00,CELL_007,99.4985286075648,98.72127446528246,0.4545961331684199,80.73930866802213,34.725343397655124,20.55739823047441,4,4,0,0,normal,0,-0.10231878490038199
2026-02-27 04:00:00,CELL_008,99.15957316053412,98.56932149748631,0.6307268606365932,68.75807101272801,34.96522317834315,26.13435895199808,4,4,0,0,normal,0,-0.11980783989753652
2026-02-27 05:00:00,CELL_001,99.37168946117843,98.48066145405365,0.6241492699306701,74.87493501478212,46.9593962418429,31.773402914431934,5,4,0,0,normal,0,-0.1158571086511695
2026-02-27 05:00:00,CELL_002,99.35417188955952,97.55129299744772,0.7565699119516134,61.56870379269195,45.93984574386389,30.46495200657584,5,4,0,0,normal,0,-0.11341178788817896
2026-02-27 05:00:00,CELL_003,98.95665876897816,97.58776015666076,0.7395109390367042,64.17634903964627,45.436277651963096,34.927340871483224,5,4,0,0,normal,0,-0.12393423350678978
2026-02-27 05:00:00,CELL_004,98.80604404767564,97.68208743042928,0.7573656291346691,74.06446250304441,42.16680127168367,26.057284608800828,5,4,0,0,normal,0,-0.12427070669831602
2026-02-27 05:00:00,CELL_005,98.63296163442052,97.600870763163,0.7955112389887028,67.2171854572167,38.90841891775535,26.90367594480781,5,4,0,0,normal,0,-0.11824337066188678
2026-02-27 05:00:00,CELL_006,98.61591932282448,97.118335795168,0.8170977869898414,60.76303138626357,43.61112136978103,29.911442912853737,5,4,0,0,normal,0,-0.10473245391127689
2026-02-27 05:00:00,CELL_007,98.97045730567812,98.32818656527606,0.6684495064803049,69.2257967652669,48.87781310054772,29.522467073641643,5,4,0,0,normal,0,-0.12650297536633448
2026-02-27 05:00:00,CELL_008,98.97270148148188,98.4924386933752,0.6165967467077408,74.89982773737592,47.85929061694222,27.917107825223933,5,4,0,0,normal,0,-0.11696855891297586
2026-02-27 06:00:00,CELL_001,98.95181489460668,98.15279428333724,0.5845705502874956,60.72841404578368,51.48426992388356,32.19448349214952,6,4,0,0,normal,0,-0.12476950291557759
2026-02-27 06:00:00,CELL_002,99.1529583800366,98.50577009877064,0.8385542372283692,76.67521522892416,53.68922574291054,28.462078139969705,6,4,0,0,normal,0,-0.10814038896701667
2026-02-27 06:00:00,CELL_003,98.43159297228496,97.41827651840272,1.113196574974218,46.84618331175648,58.667001630198,41.64733474444148,6,4,0,0,normal,0,-0.10785482877309688
2026-02-27 06:00:00,CELL_004,98.68653091305951,97.26409298393538,0.9744655575227824,69.9914439360147,52.49269881986709,33.46289405892648,6,4,0,0,normal,0,-0.1160445020845789
2026-02-27 06:00:00,CELL_005,98.20118041676116,98.19521363904327,0.7062484161956419,66.31984445165733,46.50758635493455,25.518425506750184,6,4,0,0,normal,0,-0.09721914841389973
2026-02-27 06:00:00,CELL_006,98.3295578998762,97.598597466158,0.9991918851189722,56.65991004176334,47.25452076958573,32.24307675254765,6,4,0,0,normal,0,-0.11105168367776203
2026-02-27 06:00:00,CELL_007,99.17895515683564,97.41092016229288,0.8748343152364735,70.97713579714801,51.03708838567159,35.62399320817229,6,4,0,0,normal,0,-0.11910423802776204
2026-02-27 06:00:00,CELL_008,98.69358507724856,97.87203385967064,1.0557552495277596,63.03120409905002,58.82684853152453,36.33627343358077,6,4,0,0,normal,0,-0.12131892196441163
2026-02-27 07:00:00,CELL_001,98.70432260728111,97.4148882319484,1.0722022407108036,62.36257618908584,62.8481472657854,37.60443196714721,7,4,0,0,normal,0,-0.11979176518195178
2026-02-27 07:00:00,CELL_002,99.16868742527036,98.03732987989146,1.0822440528464483,57.348367137228,58.41969515968552,39.86300286334261,7,4,0,0,normal,0,-0.11865826792255679
2026-02-27 07:00:00,CELL_003,98.44807442879744,96.87880103123872,1.36712093301881,56.75438908634501,65.37844087351672,43.41250861159121,7,4,0,0,normal,0,-0.10661249819224272
2026-02-27 07:00:00,CELL_004,97.99110942486122,97.2688989764969,1.0553595206164963,64.72974417575138,54.48284216871269,34.92401800947745,7,4,0,0,normal,0,-0.09708643868855893
2026-02-27 07:00:00,CELL_005,98.51691702070396,96.99662088841283,1.1013058931332491,52.82167978234499,52.903181057260646,35.79982261756083,7,4,0,0,normal,0,-0.10998837685501928
2026-02-27 07:00:00,CELL_006,98.1636252241764,97.17660107088652,1.0797891978511984,53.26723986891589,60.193868471028495,40.33657469103993,7,4,0,0,normal,0,-0.1112394364381894
2026-02-27 07:00:00,CELL_007,99.0177626689294,98.23460981326596,0.6725873594533476,58.991632846917376,59.08735227602924,39.08917536129018,7,4,0,0,normal,0,-0.11651109016258732
2026-02-27 07:00:00,CELL_008,98.69205875085196,97.569677535711,0.9045522088073013,55.43121176816352,62.806485504857605,41.44100030484178,7,4,0,0,normal,0,-0.12596233465924955
2026-02-27 08:00:00,CELL_001,98.67914103053404,96.90182518487504,0.9422108203037778,53.05741598798131,65.05569950444543,40.67446613817118,8,4,0,0,normal,0,-0.11481556328721032
2026-02-27 08:00:00,CELL_002,98.5946574074714,97.20192667136868,1.116135577327868,57.16923072749292,62.85129740167858,43.768315328144894,8,4,0,0,normal,0,-0.12374133473946275
2026-02-27 08:00:00,CELL_003,98.52778359105952,97.10664338392289,1.5205298108206338,52.23247046215288,69.90018878705061,43.85058712624124,8,4,0,0,normal,0,-0.10870597743429722
2026-02-27 08:00:00,CELL_004,98.55497496931392,97.3785641797282,1.016886312834234,60.351565376487976,59.87903351991624,41.9212304047012,8,4,0,0,normal,0,-0.12540469849816216
2026-02-27 08:00:00,CELL_005,98.2835525827726,97.08384346531344,1.6809985174692608,51.750819937099216,61.0337294931456,43.57525945561831,8,4,0,0,normal,0,-0.08884443629762884
2026-02-27 08:00:00,CELL_006,97.92774454666986,96.973094526406,1.3340345105806517,52.84182950009757,72.6361871208756,43.25216672739474,8,4,0,0,normal,0,-0.11011898991243224
2026-02-27 08:00:00,CELL_007,99.37828897440916,96.65292921478056,1.2999170482141995,45.09907701617466,70.19763843577843,38.917505790693966,8,4,0,0,normal,0,-0.07602912804478801
2026-02-27 08:00:00,CELL_008,98.81433270159695,96.96282796113184,1.033426379683883,60.75481532639995,62.7719691719288,38.6057375708961,8,4,0,0,normal,0,-0.11812680051472535
2026-02-27 09:00:00,CELL_001,98.87924524210808,97.43696316714028,1.5887722203202868,38.94603915442836,68.15222592335849,49.58178108333582,9,4,0,0,normal,0,-0.0822964296882463
2026-02-27 09:00:00,CELL_002,98.890762649594,97.1988161440615,1.376375156340651,50.67854859090674,66.5241163899101,43.41753998092752,9,4,0,0,normal,0,-0.11498701020009089
2026-02-27 09:00:00,CELL_003,97.93995093634432,96.9478692996492,1.3955506299986091,49.88533376284974,69.61003381954083,44.278640573099935,9,4,0,0,normal,0,-0.11084888855407293
2026-02-27 09:00:00,CELL_004,98.20431344620872,96.81066146234105,1.302505990789142,48.892612439400985,59.64615087971155,38.01691580294523,9,4,0,0,normal,0,-0.1054511703236603
2026-02-27 09:00:00,CELL_005,98.43671236396322,97.0601039850866,1.2674366463399815,52.725595389764926,66.17181216909117,43.28568061844443,9,4,0,0,normal,0,-0.125305642688737
2026-02-27 09:00:00,CELL_006,98.2796575564208,96.48015565819787,1.3994282224785213,45.04427004365247,74.44056515759576,44.11698773183575,9,4,0,0,normal,0,-0.10797314312525114
2026-02-27 09:00:00,CELL_007,98.45765808772316,96.71496086656732,1.0272119038173468,58.46736222711978,68.01625722190767,46.59014009275365,9,4,0,0,normal,0,-0.09680404624119132
2026-02-27 09:00:00,CELL_008,98.58655127866956,98.06066416926096,1.355388565142915,41.65920601290695,77.06335429419941,44.27311980201549,9,4,0,0,normal,0,-0.09146788663257299
2026-02-27 10:00:00,CELL_001,97.70925772004378,97.30729208329984,1.5777858554504685,47.38056673323699,75.96041421950882,48.328580048487225,10,4,0,0,normal,0,-0.09084446156927639
2026-02-27 10:00:00,CELL_002,98.5381574711388,97.69528209536529,1.348094534028233,39.868932656824896,74.4454382604485,51.85129903754896,10,4,0,0,normal,0,-0.09991748856226113
2026-02-27 10:00:00,CELL_003,98.00127602836412,96.673368441277,1.4924107245666542,32.54233806654515,82.34368241356435,52.00690377084697,10,4,0,0,normal,0,-0.06240703969436601
2026-02-27 10:00:00,CELL_004,97.60779210196505,97.2568295476822,1.2740623883574305,45.85851998452704,72.8230816842337,44.48314266558816,10,4,0,0,normal,0,-0.10368963579687246
2026-02-27 10:00:00,CELL_005,97.87870850094606,96.8317353121022,1.3823975201587064,50.86874626870956,69.24730552639642,43.67409518242775,10,4,0,0,normal,0,-0.11188711686332398
2026-02-27 10:00:00,CELL_006,98.05271452854176,96.07545273761706,1.6350547341468136,33.30790318672335,75.48680816424343,49.52491060536387,10,4,0,0,normal,0,-0.05196948090939846
2026-02-27 10:00:00,CELL_007,98.52775062434443,97.05933011142534,1.4284908615003296,48.0676625728201,73.46035791934844,49.12324567155794,10,4,0,0,normal,0,-0.11901212037354841
2026-02-27 10:00:00,CELL_008,98.96414591876734,96.50230299084276,1.586240439963572,49.16031726679907,77.32364994548863,49.91419462273623,10,4,0,0,normal,0,-0.07428727301815025
2026-02-27 11:00:00,CELL_001,98.62342150099728,97.04506427051976,1.4266642667747442,41.333809542431446,79.99778878114276,47.50333643117424,11,4,0,0,normal,0,-0.10646821715966676
2026-02-27 11:00:00,CELL_002,98.62490440557475,97.45069595881984,0.9583963475128516,42.16763747019646,77.9636542260346,44.35092952674846,11,4,0,0,normal,0,-0.10552693819613146
2026-02-27 11:00:00,CELL_003,97.95894610304109,97.19620082180865,1.2542721813726248,43.03575520389653,81.48245588779142,52.435996796650194,11,4,0,0,normal,0,-0.09571155853116542
2026-02-27 11:00:00,CELL_004,98.20883141587012,96.36632334721192,1.365772821839185,40.67659264654433,72.5430572605697,43.41954487389144,11,4,0,0,normal,0,-0.09903029428393839
2026-02-27 11:00:00,CELL_005,97.9897310257019,96.87923726631556,1.5868854349792942,38.84029322139962,75.19721224736941,54.16660932013046,11,4,0,0,normal,0,-0.0954463158341341
2026-02-27 11:00:00,CELL_006,97.6073986839467,95.8654736707376,1.6218791116959563,40.247179362942525,79.3294510272851,52.93974036628949,11,4,0,0,normal,0,-0.04686540957412677
2026-02-27 11:00:00,CELL_007,98.01474454319715,97.46686730002712,1.1187390894889262,40.45740275227093,81.70397291953654,48.729024480012015,11,4,0,0,normal,0,-0.08870352786998376
2026-02-27 11:00:00,CELL_008,98.72846442354432,96.5882387848243,1.5524853885677383,40.01101110555346,77.22807733336045,50.32183787201024,11,4,0,0,normal,0,-0.08633281896680095
2026-02-27 12:00:00,CELL_001,98.45928225995998,96.58400373662936,1.6140081444334828,43.79757443743054,79.80441126610357,50.175110872453686,12,4,0,0,normal,0,-0.09432217079065808
2026-02-27 12:00:00,CELL_002,98.33287117440972,96.7008266805153,1.3764354713465834,39.80759336093325,78.09167035766593,52.22105764118196,12,4,0,0,normal,0,-0.10683612544902105
2026-02-27 12:00:00,CELL_003,98.17851494051654,95.9284477886066,1.387537942096545,31.636648076379995,77.84308185284173,49.48401504370432,12,4,0,0,normal,0,-0.06014239116657949
2026-02-27 12:00:00,CELL_004,98.09461511364393,96.20111652722464,1.3405791670740557,42.74890669373498,78.39098187257326,48.39601271153038,12,4,0,0,normal,0,-0.092978809225369
2026-02-27 12:00:00,CELL_005,97.58019731016832,97.21328207288325,1.3256234626433183,50.665358210685376,66.35259487124554,47.98806931744253,12,4,0,0,normal,0,-0.09960249393107085
2026-02-27 12:00:00,CELL_006,97.7790462926169,96.59722586305612,4.091404900662258,19.88561662410304,100.0,80.3843846521001,12,4,0,1,congestion,1,0.10600759179229124
2026-02-27 12:00:00,CELL_007,98.7591564994368,97.1675619092082,1.4658205692938753,41.31879961914155,80.21018604252968,51.2104179690794,12,4,0,0,normal,0,-0.09679871145420998
2026-02-27 12:00:00,CELL_008,98.59109723584592,97.07345237603418,1.7308008253794718,42.22341131277126,76.45084075436118,52.81407443690374,12,4,0,0,normal,0,-0.0919396288659754
2026-02-27 13:00:00,CELL_001,98.11137238838846,97.49243668163508,1.3387001444484583,41.57404546825978,70.67243784333267,46.16653078658749,13,4,0,0,normal,0,-0.1160656258002683
2026-02-27 13:00:00,CELL_002,98.8682111521656,96.99819542489652,1.32731326380058,40.213539555702816,76.55759767576588,46.50514281779289,13,4,0,0,normal,0,-0.11210090878139606
2026-02-27 13:00:00,CELL_003,98.31584008914966,96.70478957283048,1.4070000293232792,41.52596669271231,80.51473421858344,47.897640822375536,13,4,0,0,normal,0,-0.1092613071514103
2026-02-27 13:00:00,CELL_004,97.81465032437345,96.69595393751617,1.4103563406537307,37.17244219384632,75.7278738352848,46.3527571572962,13,4,0,0,normal,0,-0.09697692231388072
2026-02-27 13:00:00,CELL_005,97.71628075926552,97.14447028158226,1.256547306108359,47.25848961032379,69.99318821290885,50.33129579414582,13,4,0,0,normal,0,-0.10512570651225722
2026-02-27 13:00:00,CELL_006,97.89773105480155,96.80998331880544,3.9599444494263167,19.01025740297736,100.0,82.07671147537323,13,4,0,1,congestion,1,0.1037992959603724
2026-02-27 13:00:00,CELL_007,98.423836646955,96.98975189972926,1.4485466342040825,35.9831880490538,84.95777255862765,46.093685180552725,13,4,0,0,normal,0,-0.08994650866104731
2026-02-27 13:00:00,CELL_008,98.62066151962944,97.22198802654547,1.4620451975551698,48.42047905910194,71.30809347229666,48.32675521261415,13,4,0,0,normal,0,-0.12215183562145454
2026-02-27 14:00:00,CELL_001,98.588093333784,97.1475632793266,1.4647254302841843,41.94889425447866,77.04279612064457,47.47169890471877,14,4,0,0,normal,0,-0.11582819963078672
2026-02-27 14:00:00,CELL_002,98.21651673762372,97.94488035171597,1.5113703489295662,40.70266376406578,79.63097155756462,48.08646197174189,14,4,0,0,normal,0,-0.08521053998885297
2026-02-27 14:00:00,CELL_003,97.74264716984511,96.00088579194214,1.331167669322708,41.88975268811606,77.1309225730154,52.92549808820572,14,4,0,0,normal,0,-0.06873086172585269
2026-02-27 14:00:00,CELL_004,97.82405152966876,96.47191528787032,1.072862598190575,51.48197645985419,66.94187730759728,44.33447737281197,14,4,0,0,normal,0,-0.09322775647588433
2026-02-27 14:00:00,CELL_005,97.67331369729234,96.72971549075729,1.0825298309693565,42.974094063408046,68.1176589115047,42.73540323722709,14,4,0,0,normal,0,-0.08959433246907567
2026-02-27 14:00:00,CELL_006,97.70690601201068,96.83893460090682,3.8488162493770246,18.432554409792512,100.0,79.69676581293581,14,4,0,1,congestion,1,0.09831244935406525
2026-02-27 14:00:00,CELL_007,98.78300861442462,97.30252918062448,1.3415002368200544,45.7043174333353,76.7071721558807,38.49597332564316,14,4,0,0,normal,0,-0.1113760457789118
2026-02-27 14:00:00,CELL_008,98.32640384953116,96.57482032059218,1.3311782532745742,32.70235137849305,74.36974671873324,47.631347566794965,14,4,0,0,normal,0,-0.08429270277205803
2026-02-27 15:00:00,CELL_001,98.7515189780128,97.61842046970624,1.4496485093683396,49.287801283358526,78.48086618962667,39.195955842160274,15,4,0,0,normal,0,-0.10519739909217785
2026-02-27 15:00:00,CELL_002,98.57962553765944,97.72440460220488,1.1862974950228942,47.785969003383016,75.9424127614214,43.46412942806733,15,4,0,0,normal,0,-0.12307787205566983
2026-02-27 15:00:00,CELL_003,98.0947939123361,96.88293178552452,1.5128214324228924,41.7951796809079,79.95371572972667,48.757311611982544,15,4,0,0,normal,0,-0.0977206961959649
2026-02-27 15:00:00,CELL_004,97.62402901985098,96.85008331215684,1.6365921167097746,40.37183778222007,69.30950014673643,45.04639177556419,15,4,0,0,normal,0,-0.0788240049152572
2026-02-27 15:00:00,CELL_005,98.1827837182224,97.17498888963948,1.2236790562341804,51.7585494059098,68.64451229779783,45.46846540249072,15,4,0,0,normal,0,-0.12453412735539565
2026-02-27 15:00:00,CELL_006,98.25935548658694,96.9981859750102,3.701459775405476,20.768101363313445,98.92531960583744,74.25835603746418,15,4,0,1,congestion,1,0.08095261094102979
2026-02-27 15:00:00,CELL_007,98.94856747307897,97.93414388781578,1.3721249748423194,47.73447897439191,68.46220013465063,40.40642314183432,15,4,0,0,normal,0,-0.11146829534913172
2026-02-27 15:00:00,CELL_008,99.02674131790933,97.4441170335568,1.038523083928136,53.061059784432985,63.7464905952295,43.10352974171018,15,4,0,0,normal,0,-0.12292298825405401
2026-02-27 16:00:00,CELL_001,98.84410793406666,98.17210702178008,1.2006981211697851,50.67887853110173,73.71330845384237,46.771583197122645,16,4,0,0,normal,0,-0.10157633473044797
2026-02-27 16:00:00,CELL_002,99.26629615827764,97.69334698174448,1.0828443236736975,54.732240737629326,63.85984264400573,39.16233141187675,16,4,0,0,normal,0,-0.11467772793012254
2026-02-27 16:00:00,CELL_003,98.5154812308926,97.3691548332489,1.560329717749528,50.49135698180508,74.3446298294698,47.02568046115952,16,4,0,0,normal,0,-0.10475798716287799
2026-02-27 16:00:00,CELL_004,98.0537844183112,97.84431667586875,1.0444859257415149,51.77803809270617,69.06932622062517,41.47049293371299,16,4,0,0,normal,0,-0.10815723379675501
2026-02-27 16:00:00,CELL_005,97.94798432264176,97.4449946305543,1.0814268598334251,55.00409388131516,59.40696391896968,40.736566965525405,16,4,0,0,normal,0,-0.11096235792919212
2026-02-27 16:00:00,CELL_006,97.70300558826813,97.36189168813546,3.751275879314092,22.30169033247701,99.1353824358498,80.25682225992306,16,4,0,1,congestion,1,0.1017437512153877
2026-02-27 16:00:00,CELL_007,98.7038056393236,96.81572926075388,1.0854258579893314,57.57262424504837,59.66397567339461,42.05525679097708,16,4,0,0,normal,0,-0.10927233234859596
2026-02-27 16:00:00,CELL_008,98.5228095344807,97.20312427369142,1.2179806184349526,48.64500338894817,69.15444614704607,47.423024633739246,16,4,0,0,normal,0,-0.12249709532144193
2026-02-27 17:00:00,CELL_001,98.16286348896487,96.9638727957723,0.9964728646746914,44.08882353459816,62.55961653971083,41.51873838306072,17,4,0,0,normal,0,-0.09575863222624409
2026-02-27 17:00:00,CELL_002,99.35082496196544,98.01710840529256,0.636846611864542,64.25864778968793,53.35578818731725,37.3672778411271,17,4,0,0,normal,0,-0.10395331919070588
2026-02-27 17:00:00,CELL_003,97.90025386807356,96.72820639674102,1.435445203068141,50.24556352798568,65.01358596026802,42.732316111571016,17,4,0,0,normal,0,-0.09090587976670916
2026-02-27 17:00:00,CELL_004,98.51476843141712,96.7500099657345,1.275759469576279,60.47045885159185,66.0522008895659,37.02329480846454,17,4,0,0,normal,0,-0.09741768842945386
2026-02-27 17:00:00,CELL_005,98.32079480501974,97.41869919040684,0.621212193980365,63.52412249729071,52.36728193448023,32.39662262574777,17,4,0,0,normal,0,-0.10479104254261246
2026-02-27 17:00:00,CELL_006,98.38975257152092,97.2812927302764,1.1768536123746005,58.35461787676105,58.50628281298787,38.4284284853467,17,4,0,0,normal,0,-0.11786179676237435
2026-02-27 17:00:00,CELL_007,98.65723669827622,97.68116212537666,1.2915431469695713,56.655110637162,65.80657497408185,40.47374107425592,17,4,0,0,normal,0,-0.12031599468333215
2026-02-27 17:00:00,CELL_008,98.96062158037732,97.62841967512848,0.9834735104429436,53.64663858438743,56.88586771973542,44.53610559534557,17,4,0,0,normal,0,-0.11459972380621503
2026-02-27 18:00:00,CELL_001,99.4144797076109,97.83910609572014,0.531995796754089,57.72508310842906,55.28976156402,32.1254312619657,18,4,0,0,normal,0,-0.09491704486282676
2026-02-27 18:00:00,CELL_002,98.8752443407298,97.3292241674877,0.6709626382600251,70.47532461367805,55.83934596711909,38.65405195378938,18,4,0,0,normal,0,-0.10372812953501481
2026-02-27 18:00:00,CELL_003,98.574859997601,97.11353485438708,1.0173553164214355,48.98636999546967,52.33438766308317,34.32505661748071,18,4,0,0,normal,0,-0.10086517474228135
2026-02-27 18:00:00,CELL_004,98.07701961034296,97.68222009138324,0.7525407512391445,69.61528399159393,40.60065038728227,28.89389975336932,18,4,0,0,normal,0,-0.0956087391000413
2026-02-27 18:00:00,CELL_005,98.4325238139237,97.21347720147445,1.1567828169934795,60.6316240280093,56.0132180224044,34.16665021081221,18,4,0,0,normal,0,-0.10371256762935005
2026-02-27 18:00:00,CELL_006,98.48375226173955,97.14311205903232,1.2706146461564167,56.72538493748227,60.53982722603416,36.05346058651144,18,4,0,0,normal,0,-0.10237452846935441
2026-02-27 18:00:00,CELL_007,98.92855378088692,97.6311154918962,0.6616144583713923,61.51340462571196,55.64396420079029,27.61684340377905,18,4,0,0,normal,0,-0.11046034616277345
2026-02-27 18:00:00,CELL_008,99.44266880525326,98.3391233109833,0.8589829434195559,57.8352771974184,50.94627436266509,36.59660412397974,18,4,0,0,normal,0,-0.10095906976957453
2026-02-27 19:00:00,CELL_001,99.09086492670232,98.31431003644612,0.572802313396203,75.56897979133868,40.74050208061326,35.08158503247597,19,4,0,0,normal,0,-0.10995545566919412
2026-02-27 19:00:00,CELL_002,99.04423130061213,98.78233591281952,0.7587700891461759,66.3447193252305,43.68572968973756,32.13574425928176,19,4,0,0,normal,0,-0.09626441813925252
2026-02-27 19:00:00,CELL_003,98.49892714345565,97.26507278618624,0.8857733022599178,69.42094056650613,46.73071825151538,37.00671273839879,19,4,0,0,normal,0,-0.09713076433669893
2026-02-27 19:00:00,CELL_004,98.41455160961269,98.06592962535508,0.6149209798700723,65.7402103546803,38.86102920882556,30.261363631105496,19,4,0,0,normal,0,-0.10985311027417766
2026-02-27 19:00:00,CELL_005,98.67776459860266,98.0346070407865,0.5823104403869085,75.58334500374885,38.08040762745633,22.710800234136236,19,4,0,0,normal,0,-0.10389323614713841
2026-02-27 19:00:00,CELL_006,98.63180964575928,98.22142898799945,0.8475835739534323,61.67214797139971,42.60518406144243,35.80953125383344,19,4,0,0,normal,0,-0.11136443530172069
2026-02-27 19:00:00,CELL_007,99.45419226223544,98.02261465560215,1.0014127748548731,65.6862986036655,43.79350880655526,30.96283681210041,19,4,0,0,normal,0,-0.09684039575911274
2026-02-27 19:00:00,CELL_008,99.00069112203391,98.84666360195396,0.681590295063597,71.62662624043801,42.24343358608897,29.31591112585425,19,4,0,0,normal,0,-0.09896024636673195
2026-02-27 20:00:00,CELL_001,99.51884621170318,99.00463842026868,0.636880647797404,72.95769087817824,32.09539009163248,27.84880022605317,20,4,0,0,normal,0,-0.08746830434004421
2026-02-27 20:00:00,CELL_002,99.50502983368688,98.36830446982702,0.3218313953403288,79.30370325650733,34.011717720300815,28.428016192869343,20,4,0,0,normal,0,-0.10566995987240202
2026-02-27 20:00:00,CELL_003,98.6646504961334,97.91500587728846,0.6373985757834688,68.06471254199622,40.841318801932346,31.975743796289443,20,4,0,0,normal,0,-0.11747327018585108
2026-02-27 20:00:00,CELL_004,98.85203881355204,97.74673919470852,0.2346596879397871,74.32900254897862,27.387571823146533,31.36961544944696,20,4,0,0,normal,0,-0.09251817912120708
2026-02-27 20:00:00,CELL_005,98.45746561684685,97.78266508390983,0.7752978073288254,76.67410894043806,30.26084697704261,23.513709692911185,20,4,0,0,normal,0,-0.08315462574121213
2026-02-27 20:00:00,CELL_006,99.02644438771652,97.539953431849,0.6290148448686258,69.51400292948276,46.25987709963919,30.881240425749365,20,4,0,0,normal,0,-0.1114438112477949
2026-02-27 20:00:00,CELL_007,99.39123817477974,98.81451189342977,0.4234805948895301,74.40729553814549,38.33702910592987,26.09653364952631,20,4,0,0,normal,0,-0.10215577703434187
2026-02-27 20:00:00,CELL_008,99.08351041630816,98.96150886096235,0.6487642344855076,75.73799058527212,46.507596032084166,27.33953364494468,20,4,0,0,normal,0,-0.09152616226003263
2026-02-27 21:00:00,CELL_001,99.72499803965886,98.2114961818052,0.4626868647748,78.21941678908144,26.388935343890225,19.666187082115385,21,4,0,0,normal,0,-0.0754527059538091
2026-02-27 21:00:00,CELL_002,99.66292743174012,98.4291664380077,0.5259940108257148,85.34973146285469,31.511404871270848,32.05939607280736,21,4,0,0,normal,0,-0.07959446745263099
2026-02-27 21:00:00,CELL_003,98.38696521571616,98.05572774476607,0.7781209846214492,70.12038441946723,36.56039294708973,24.778779142786817,21,4,0,0,normal,0,-0.09789571243073603
2026-02-27 21:00:00,CELL_004,99.13595470486892,98.25026131350934,0.6545234027888897,82.50366445832364,26.413951474978,19.56534296435536,21,4,0,0,normal,0,-0.08381730397778353
2026-02-27 21:00:00,CELL_005,99.38330600786794,98.02610347801334,0.0393282175723599,92.7867992345722,28.666044564760877,17.589766432023726,21,4,0,0,normal,0,-0.022911473673081995
2026-02-27 21:00:00,CELL_006,98.38845400539152,97.64137220189367,0.6152198243765096,72.93659484768604,32.92164885098579,29.545968201052236,21,4,0,0,normal,0,-0.10096062916834336
2026-02-27 21:00:00,CELL_007,99.5186610166363,98.278414348765,0.502544301798425,71.72019234427646,22.7905704275126,29.028459431836698,21,4,0,0,normal,0,-0.08478574689862878
2026-02-27 21:00:00,CELL_008,99.20367853578716,98.9634988586278,0.6412663208763434,88.94290199268843,27.130477899402404,21.992946652741807,21,4,0,0,normal,0,-0.06278437024155009
2026-02-27 22:00:00,CELL_001,99.25444033960548,99.36261612229868,0.4626115939754061,71.56589134622658,39.36862444651574,26.99770464940207,22,4,0,0,normal,0,-0.0690382276458818
2026-02-27 22:00:00,CELL_002,99.9198984932422,99.15765863262888,0.4301167422016171,89.42542195510885,29.68558914317562,23.04441787510575,22,4,0,0,normal,0,-0.04532173839166642
2026-02-27 22:00:00,CELL_003,99.41178780482844,98.1530451038802,0.2738321805761871,68.67576172263404,34.23853484813642,21.479083777796337,22,4,0,0,normal,0,-0.07963699228320614
2026-02-27 22:00:00,CELL_004,99.15152374106944,97.47892083603996,0.5006128012820303,84.15912176631187,25.34881447580376,23.90750602795112,22,4,0,0,normal,0,-0.0795315314794181
2026-02-27 22:00:00,CELL_005,98.9261108479564,98.23785464876828,0.6673976385138325,80.89586707751765,34.48024651067681,25.75488154431933,22,4,0,0,normal,0,-0.09901311049712858
2026-02-27 22:00:00,CELL_006,98.80500673432874,98.55988391086498,0.3680590613975826,81.92974462059806,26.553407687312053,20.022779110019712,22,4,0,0,normal,0,-0.07904965453711732
2026-02-27 22:00:00,CELL_007,100.0,98.62103396780812,0.3177328692601674,88.05626562509624,30.994481711924852,20.77929621320724,22,4,0,0,normal,0,-0.05692653510586149
2026-02-27 22:00:00,CELL_008,99.03038893274098,98.11852707599948,0.627741626823004,83.01847025787409,36.29568760090088,23.67913193735019,22,4,0,0,normal,0,-0.09478546530960624
2026-02-27 23:00:00,CELL_001,99.8112809675876,98.9914413815928,0.1332106013838976,79.43075613448762,24.11249265606772,21.30785282228321,23,4,0,0,normal,0,-0.04949691346273999
2026-02-27 23:00:00,CELL_002,99.3246164801484,98.75644764220442,0.3908192613741983,76.20034594796415,24.402837553027105,17.199136918210463,23,4,0,0,normal,0,-0.058737859886996036
2026-02-27 23:00:00,CELL_003,99.15639726700446,98.39440959627068,0.4633011204152325,91.03849502227598,17.176127391133758,17.23774154352005,23,4,0,0,normal,0,-0.021831873051025297
2026-02-27 23:00:00,CELL_004,98.7885330142734,98.28307788859792,0.2012273847536329,85.98532738361037,24.53667617284715,15.361501831000222,23,4,0,0,normal,0,-0.04547980587663092
2026-02-27 23:00:00,CELL_005,99.42644609088843,98.26801021882248,0.260435051967349,91.69207099560056,22.671202980924857,19.787222537337517,23,4,0,0,normal,0,-0.049689007255908524
2026-02-27 23:00:00,CELL_006,98.50845458192016,97.54721459879856,0.5309547901512782,89.10551060423714,27.073588297040235,27.716510536084787,23,4,0,0,normal,0,-0.04620994692042468
2026-02-27 23:00:00,CELL_007,99.84751735143551,98.92399796031772,0.190244839865264,81.87143226869584,27.263599319676118,21.44090368908885,23,4,0,0,normal,0,-0.05945100844336826
2026-02-27 23:00:00,CELL_008,99.58327893423598,99.00501866962092,0.3961483968550476,81.25584605022365,28.87554052500335,16.9526160488354,23,4,0,0,normal,0,-0.054314491705984624
2026-02-28 00:00:00,CELL_001,99.55434099618184,98.91711407480308,0.0,74.89100680019027,24.026464082499928,21.18373995645266,0,5,1,0,normal,0,-0.014728087348126362
2026-02-28 00:00:00,CELL_002,99.98396709176896,98.30602432515404,0.4583244645091733,93.16670721950418,23.99327539508897,15.497978977167516,0,5,1,0,normal,1,0.012530870158970475
2026-02-28 00:00:00,CELL_003,98.93757601942882,98.02346915243564,0.5066959161998198,85.52061565594963,34.010847031704884,22.638523811385383,0,5,1,0,normal,0,-0.0610392755853818
2026-02-28 00:00:00,CELL_004,98.9580038270722,97.93560316438902,0.4813669787165773,88.7678166301863,22.99257490530125,17.71536336136415,0,5,1,0,normal,0,-0.02349276146026502
2026-02-28 00:00:00,CELL_005,98.7547198986794,98.39535359335588,0.5220894962374211,92.0705549364831,18.657503441275686,17.175203484954395,0,5,1,0,normal,0,-0.0006677095246093723
2026-02-28 00:00:00,CELL_006,99.01144290380388,97.85914404482044,0.2224043483872394,88.28296390550425,25.91657329342623,17.891373161743015,0,5,1,0,normal,0,-0.024042920601089035
2026-02-28 00:00:00,CELL_007,99.48656951498576,98.63374404309027,0.3792258767067634,81.71664168511666,32.16352727563244,21.44554826213668,0,5,1,0,normal,0,-0.06214002654080525
2026-02-28 00:00:00,CELL_008,99.77428740578662,99.0028867012798,0.3390959069041614,88.20882479566502,30.34596668950297,19.41830437652132,0,5,1,0,normal,0,-0.020466541252568415
2026-02-28 01:00:00,CELL_001,99.1284996618122,98.87483786463856,0.1399452237804697,84.3297082903737,24.000954912378795,18.83199193012431,1,5,1,0,normal,0,-0.03899802065632241
2026-02-28 01:00:00,CELL_002,99.45157386660406,99.12036472268886,0.3208911347671732,81.81800509472265,19.980787595649574,21.13744923511161,1,5,1,0,normal,0,-0.04259516915764272
2026-02-28 01:00:00,CELL_003,99.20225493905372,98.73160602170547,0.3381643594050468,82.17443221047012,32.03689683180125,30.01228986797889,1,5,1,0,normal,0,-0.06374799452707797
2026-02-28 01:00:00,CELL_004,98.86896916993618,97.94010036303558,0.5038158444402171,84.29687015464516,25.980694399086868,23.8852599006312,1,5,1,0,normal,0,-0.06897227972934056
2026-02-28 01:00:00,CELL_005,98.9187468346688,97.79099163127088,0.3654460850313571,78.40515639074323,23.23721766941723,21.55212298785134,1,5,1,0,normal,0,-0.058730504538863526
2026-02-28 01:00:00,CELL_006,98.8938647997274,98.0349600182594,0.4950932806833378,83.43135260658555,22.81638357944465,22.95650690149201,1,5,1,0,normal,0,-0.06266325849760701
2026-02-28 01:00:00,CELL_007,99.3085697954236,99.19424385801086,0.3628230480666597,90.74281108628392,39.378509608443714,27.47176974894488,1,5,1,0,normal,0,-0.018971847153205768
2026-02-28 01:00:00,CELL_008,99.83923193598416,99.0437106660568,0.1264161444973549,81.85285419577886,24.343388204522128,23.069668790542494,1,5,1,0,normal,0,-0.02285239950393081
2026-02-28 02:00:00,CELL_001,99.94264978779186,98.79802224514692,0.164205408059924,82.00781209709477,32.61654635829203,21.351487171334103,2,5,1,0,normal,0,-0.04241902646892315
2026-02-28 02:00:00,CELL_002,99.94394175916734,98.34653246835354,0.3350903457871472,73.29695959352145,27.479416439999063,17.446889670598736,2,5,1,0,normal,0,-0.0388218892114669
2026-02-28 02:00:00,CELL_003,98.85540873191152,98.4244665199788,0.4244271415136211,75.10557483253052,37.68782822489392,22.58796477150792,2,5,1,0,normal,0,-0.08230053045562663
2026-02-28 02:00:00,CELL_004,99.03941494169678,98.19414865498136,0.385394529235897,85.0316070235515,28.13788065219391,20.94670013107301,2,5,1,0,normal,0,-0.07752152892823594
2026-02-28 02:00:00,CELL_005,99.03444124892692,98.27247943496772,0.4012042967478637,83.54405399373074,25.75222284884943,20.004509949213755,2,5,1,0,normal,0,-0.0696676621407527
2026-02-28 02:00:00,CELL_006,99.40691437288896,97.6077286736082,0.631756882245909,78.3561698916069,28.64593763213293,26.868699337732057,2,5,1,0,normal,0,-0.06399380028058588
2026-02-28 02:00:00,CELL_007,99.32813541576634,99.02999728107972,0.3527853770737454,86.64114172999646,16.43380943846877,22.576552715148026,2,5,1,0,normal,0,-0.03590579742301736
2026-02-28 02:00:00,CELL_008,99.34362127119086,98.99769213077008,0.2906477841270167,70.96290909377404,32.151829657586354,18.80618022537057,2,5,1,0,normal,0,-0.05130701255375236
2026-02-28 03:00:00,CELL_001,99.38996266355296,99.21706956899976,0.2299081957424298,77.65492046621411,34.5742290911652,20.8894851819096,3,5,1,0,normal,0,-0.05267527435504843
2026-02-28 03:00:00,CELL_002,99.15342716188286,98.77688049666844,0.4172069952713459,89.37873229681718,31.39554025810588,19.98684238379551,3,5,1,0,normal,0,-0.05024930765548852
2026-02-28 03:00:00,CELL_003,98.81642801414807,97.89164432848816,0.3008543932658483,65.330328738336,34.52119775325084,29.06549349744289,3,5,1,0,normal,0,-0.07713292898097873
2026-02-28 03:00:00,CELL_004,99.10773856100936,98.0954591537376,0.3902702019580096,80.28540994650389,28.73928789930585,18.37273718886184,3,5,1,0,normal,0,-0.07277398145757069
2026-02-28 03:00:00,CELL_005,99.27131548614418,97.35611095518632,0.5258715429229045,87.41293506462235,33.07488156846088,26.263470766831432,3,5,1,0,normal,0,-0.05573215176997004
2026-02-28 03:00:00,CELL_006,99.063981361802,98.06029191559792,0.419897920475086,71.44253087278146,27.22761683012124,24.17465823879264,3,5,1,0,normal,0,-0.0808836846902577
2026-02-28 03:00:00,CELL_007,99.70391992381236,98.4790239847012,0.2867120749432332,73.63057288113012,29.01766991466742,27.673999367559592,3,5,1,0,normal,0,-0.0712128555264584
2026-02-28 03:00:00,CELL_008,99.75048369974378,98.58705341381052,0.1563206803346337,89.98471841941128,27.568232807671123,25.71804634140568,3,5,1,0,normal,0,-0.03374152402470232
2026-02-28 04:00:00,CELL_001,99.13415440343006,98.12232723653804,0.6055771295600646,73.29926272558426,47.7597122264965,29.241237787321506,4,5,1,0,normal,0,-0.08545873109297852
2026-02-28 04:00:00,CELL_002,99.12165609267484,98.67291435026152,0.4920933331674921,77.18751754969557,33.65652315083575,27.82957408269436,4,5,1,0,normal,0,-0.08804938601819706
2026-02-28 04:00:00,CELL_003,99.32704218499084,97.83416630007248,0.4585255453998919,76.06573035790841,43.53513658258947,28.11281934036926,4,5,1,0,normal,0,-0.08379723266590006
2026-02-28 04:00:00,CELL_004,98.73343789453646,97.53924898369372,0.5485606090316089,84.7348606883468,39.37937122422986,27.688156662735643,4,5,1,0,normal,0,-0.07140268875344452
2026-02-28 04:00:00,CELL_005,99.21660652315686,97.6558973976879,0.4775178068363825,78.10281802910514,32.45367779399221,25.60182631662002,4,5,1,0,normal,0,-0.08817698218204978
2026-02-28 04:00:00,CELL_006,98.89006567361324,98.58006263846136,0.4944706619634181,78.05102664145106,40.36917681487711,29.19662303746809,4,5,1,0,normal,0,-0.08770843496601105
2026-02-28 04:00:00,CELL_007,99.11678883450529,99.11816474835418,0.4745390077560377,83.97781469714958,31.68558835078685,18.989886902033028,4,5,1,0,normal,0,-0.051857751400435026
2026-02-28 04:00:00,CELL_008,99.683371851205,98.064753075711,0.2999889448336457,68.3967414307931,42.5986316145422,27.053417213023028,4,5,1,0,normal,0,-0.065566961084078
2026-02-28 05:00:00,CELL_001,99.2354475063226,98.59985877036809,0.8222089334483669,75.02609066383404,38.77841775781382,22.147674964921187,5,5,1,0,normal,0,-0.07606050212162474
2026-02-28 05:00:00,CELL_002,99.65861795510736,98.20683636373508,0.5971416396215293,70.95224977641283,44.80218743731783,34.33395072012085,5,5,1,0,normal,0,-0.07422547989434952
2026-02-28 05:00:00,CELL_003,99.23918536406435,97.53047318621807,0.546053738031403,67.98425764170389,52.79803706874888,29.022666311742608,5,5,1,0,normal,0,-0.07310924486279935
2026-02-28 05:00:00,CELL_004,98.74969233581542,98.43650859842492,0.4889471157921954,77.18956379969458,35.66598274010335,23.472449431394413,5,5,1,0,normal,0,-0.08711961055172479
2026-02-28 05:00:00,CELL_005,98.5217867365431,97.72924323043468,0.6186059079315668,70.07930670504962,34.383214300062555,25.247619538956226,5,5,1,0,normal,0,-0.08355784867796867
2026-02-28 05:00:00,CELL_006,98.85080884177822,97.52098013705918,0.7260291362929426,69.09817650191765,45.7211391519998,26.88174302123438,5,5,1,0,normal,0,-0.08889284124069874
2026-02-28 05:00:00,CELL_007,99.17157219153896,98.55044830128192,0.5331365512189066,60.353409188600246,44.59985915639866,35.859272800793164,5,5,1,0,normal,0,-0.0738121932334147
2026-02-28 05:00:00,CELL_008,99.6136822549841,98.04481655491723,0.385047757156774,69.16053941316753,38.23534201783612,22.63729374176992,5,5,1,0,normal,0,-0.07135505191181685
2026-02-28 06:00:00,CELL_001,99.295676443884,98.1816051576258,0.6514835628519577,79.59985051638307,45.57444579846983,29.27580570750686,6,5,1,0,normal,0,-0.08441498761905974
2026-02-28 06:00:00,CELL_002,99.53792769324583,98.00673319932596,0.9031430163641804,61.476645737945375,47.34585268913087,33.71824351630067,6,5,1,0,normal,0,-0.07500843632083831
2026-02-28 06:00:00,CELL_003,98.52960924354784,98.163680355451,1.009233368819282,60.17522052591077,52.52492580402944,33.88134505380104,6,5,1,0,normal,0,-0.08947322353521292
2026-02-28 06:00:00,CELL_004,98.62118758340968,97.79157411480531,0.6457087397361578,12.805364929053024,39.2865113696607,57.942383816674834,6,5,1,1,throughput_drop,1,0.01905518444602472
2026-02-28 06:00:00,CELL_005,98.3930501508537,98.10266703883867,0.7162729782202334,72.35398003730737,39.93412930695168,29.440548829112892,6,5,1,0,normal,0,-0.0876337020745046
2026-02-28 06:00:00,CELL_006,98.1728742655842,96.76928604694972,1.0717919152354656,62.985417286273375,61.634345812104186,36.25886093840086,6,5,1,0,normal,0,-0.058952886286182005
2026-02-28 06:00:00,CELL_007,99.34062889430824,98.50807596940751,0.6601317796800912,61.837145629263965,44.28577272370443,30.71184626931781,6,5,1,0,normal,0,-0.07921441969774456
2026-02-28 06:00:00,CELL_008,98.74414647971876,97.83750846188254,1.181007728418234,63.84130556902095,44.94540482267804,30.12080475450356,6,5,1,0,normal,0,-0.07815534216587766
2026-02-28 07:00:00,CELL_001,98.98628812273178,97.70880472797108,0.8274559513171638,53.06151111571082,48.73007309689508,41.41917981774,7,5,1,0,normal,0,-0.0779895060770916
2026-02-28 07:00:00,CELL_002,98.97860962017042,98.43464624857891,0.9953795587925348,58.78277836871252,57.64097825417476,34.46673237425015,7,5,1,0,normal,0,-0.07927044279090029
2026-02-28 07:00:00,CELL_003,98.79047536300496,97.6895496205356,1.2288965049957368,61.89799575129006,60.10630653389912,35.307726750253885,7,5,1,0,normal,0,-0.08038337916855565
2026-02-28 07:00:00,CELL_004,98.07956343892866,97.65508422321024,0.7093763564755092,13.172632782834404,52.24003712807209,64.2657822085366,7,5,1,1,throughput_drop,1,0.03421602258535361
2026-02-28 07:00:00,CELL_005,98.40417380250338,97.61108483925746,0.7195853609492877,67.5692787319216,54.267663778041886,31.70731354799319,7,5,1,0,normal,0,-0.08411162444474635
2026-02-28 07:00:00,CELL_006,98.41789714738046,96.73419722343512,0.9000906429315242,54.518413583432704,57.029774119972814,40.079507187304365,7,5,1,0,normal,0,-0.07532809221389092
2026-02-28 07:00:00,CELL_007,98.72725582223184,97.64507425287954,0.7131503286144866,63.20822350525174,58.61294166450498,33.64415831462067,7,5,1,0,normal,0,-0.0891370488565138
2026-02-28 07:00:00,CELL_008,98.89088070894388,97.89234202834758,1.0074141142291946,61.24772640746228,55.73112522281447,30.578527412877776,7,5,1,0,normal,0,-0.08725421097755504
2026-02-28 08:00:00,CELL_001,98.97567708548824,98.63772468975156,0.9830278188658762,60.34488201280986,68.12687717565312,38.00014643626093,8,5,1,0,normal,0,-0.05848682317786713
2026-02-28 08:00:00,CELL_002,98.84560414583738,98.40127858860843,1.0856648205329895,56.21573364731066,66.2313726968251,38.28577118315268,8,5,1,0,normal,0,-0.07453958215751572
2026-02-28 08:00:00,CELL_003,98.46497471935253,97.17484344941806,0.8714956571801435,54.97624899372407,60.58372993277152,40.274587094835226,8,5,1,0,normal,0,-0.09190230324381793
2026-02-28 08:00:00,CELL_004,98.6265206883698,97.0648602514165,1.179193457287174,11.221834964222568,53.96071657630776,66.79411914998202,8,5,1,1,throughput_drop,1,0.034812604612848075
2026-02-28 08:00:00,CELL_005,98.62919689029196,97.34015602850506,0.9446838054536424,59.219099177855966,64.29319837117407,38.77838713998397,8,5,1,0,normal,0,-0.09069265239818453
2026-02-28 08:00:00,CELL_006,97.66887900084792,97.23449148773835,0.9453891170502874,54.630860433781855,64.22303389202487,43.73059266921658,8,5,1,0,normal,0,-0.05633135514040427
2026-02-28 08:00:00,CELL_007,99.0543431505751,97.83674755184856,1.2658811274001254,50.52332533904764,72.6113135606017,43.88281271227323,8,5,1,0,normal,0,-0.06875452718364494
2026-02-28 08:00:00,CELL_008,98.8506114590462,97.83862874470768,1.0598668977589616,44.96126402621621,63.63383802841618,39.48533446210202,8,5,1,0,normal,0,-0.07851529630966814
2026-02-28 09:00:00,CELL_001,98.42616860491404,97.76287202377804,1.1181882136179109,56.502756810185225,61.105577455349525,40.43031910411386,9,5,1,0,normal,0,-0.09836642206194984
2026-02-28 09:00:00,CELL_002,98.8132458790369,97.36628410132757,1.0329961049039251,49.64128199430252,65.08849126103206,40.67553817023792,9,5,1,0,normal,0,-0.09475046295314621
2026-02-28 09:00:00,CELL_003,98.01652388068426,97.80766781695932,1.4774955689185334,51.3923798371772,72.11027027468668,40.33482088369028,9,5,1,0,normal,0,-0.06274299542629153
2026-02-28 09:00:00,CELL_004,98.48153979612488,97.12061421424464,1.3534915608141065,10.532120326458497,59.04112676257301,75.23935730245333,9,5,1,1,throughput_drop,1,0.04428806227035553
2026-02-28 09:00:00,CELL_005,98.29538491174796,97.0751784120748,0.9799516145484792,55.43668460337855,59.34471312330045,42.03474547665761,9,5,1,0,normal,0,-0.08584063748773413
2026-02-28 09:00:00,CELL_006,97.8633089462901,96.86959865147958,1.2551686389879375,46.61507534543812,73.93453178119161,46.180518102322935,9,5,1,0,normal,0,-0.059531178147910646
2026-02-28 09:00:00,CELL_007,98.21380742259196,97.16597953424464,1.092988280283404,48.86306913879534,59.06586870788672,41.27772871007285,9,5,1,0,normal,0,-0.08765134070521252
2026-02-28 09:00:00,CELL_008,98.6403877808326,97.40456285691243,1.2705489877166185,49.65464642744709,66.61556459454368,41.19896494655042,9,5,1,0,normal,0,-0.08917500869849437
2026-02-28 10:00:00,CELL_001,98.47777019390514,97.68433596719566,1.072960594562863,44.079004306975015,71.12053025033454,43.339803982077726,10,5,1,0,normal,0,-0.08463787827050906
2026-02-28 10:00:00,CELL_002,98.901027120926,97.44938718708956,1.0661143257934098,52.13046860193027,58.98807787077218,42.34273769374297,10,5,1,0,normal,0,-0.09625161366775192
2026-02-28 10:00:00,CELL_003,98.08729797067976,97.64237952134074,1.2505992654699127,48.78779100526736,68.8908228372216,38.54692245361502,10,5,1,0,normal,0,-0.08314935794465222
2026-02-28 10:00:00,CELL_004,97.64182431609473,96.21617920438251,1.2896591221044444,9.4382415706094,63.69539743503269,69.28375103714987,10,5,1,1,throughput_drop,1,0.05241725130038044
2026-02-28 10:00:00,CELL_005,98.16061735885376,96.84877225951242,1.040457550559075,38.24612070906272,72.95110473759966,38.6587445680537,10,5,1,0,normal,0,-0.05548983132571916
2026-02-28 10:00:00,CELL_006,98.18806802879756,97.1081813140374,1.4537546756013802,52.4337251460063,73.24797067875429,38.51820725623234,10,5,1,0,normal,0,-0.07726642581742571
2026-02-28 10:00:00,CELL_007,98.66843220271164,97.49274276398808,1.1520484391171355,46.25893517559461,77.00742220150502,45.96042585874825,10,5,1,0,normal,0,-0.07520875704073177
2026-02-28 10:00:00,CELL_008,98.39491380394546,97.897499884306,1.3264679421483052,51.35708708794587,71.22253669742521,46.96404661950092,10,5,1,0,normal,0,-0.08080351460436735
2026-02-28 11:00:00,CELL_001,98.6885888694176,97.94924692627605,1.1610130914418757,51.023948438732006,63.37907263126637,39.68373581513284,11,5,1,0,normal,0,-0.09610247033218028
2026-02-28 11:00:00,CELL_002,98.81701437650088,97.30879827186976,1.222457218052198,48.58620242835625,71.52167385585206,41.045501907767616,11,5,1,0,normal,0,-0.09005303236297107
2026-02-28 11:00:00,CELL_003,98.5891044692888,96.87641331309246,1.4138799063495997,44.44228407943637,70.85908886462833,51.74675787881887,11,5,1,0,normal,0,-0.0688976252398566
2026-02-28 11:00:00,CELL_004,98.60760407426449,96.54608337223576,1.1676860390484705,10.287883138682789,73.18361983493911,73.33708457689639,11,5,1,1,throughput_drop,1,0.036738388700297
2026-02-28 11:00:00,CELL_005,98.46565047708944,97.52374001823864,1.2468181761309012,53.555176708468096,59.49229028605649,40.74657235920322,11,5,1,0,normal,0,-0.09661646399773394
2026-02-28 11:00:00,CELL_006,98.39049264852808,96.87760775186592,1.1017798485989272,48.96034256188653,70.27457749483675,47.8557395123816,11,5,1,0,normal,0,-0.07784707049341022
2026-02-28 11:00:00,CELL_007,98.68981013555845,97.1799342972716,1.2187024361432428,50.478407360886166,59.076041969022114,42.95364130524023,11,5,1,0,normal,0,-0.08932293584222517
2026-02-28 11:00:00,CELL_008,98.94493896494367,97.36409753761392,1.0792458443065835,47.666154929972194,80.33893341734523,41.64700949350093,11,5,1,0,normal,0,-0.06191981835629501
2026-02-28 12:00:00,CELL_001,99.2145830667604,97.08733723132715,1.1880820519819697,48.56421889778006,64.38050640536194,36.140234241669816,12,5,1,0,normal,0,-0.07392477638784539
2026-02-28 12:00:00,CELL_002,98.59760807743112,97.45746746220428,1.1912567863926486,40.68032256792224,76.33909909722497,42.62955708513025,12,5,1,0,normal,0,-0.0754362184008428
2026-02-28 12:00:00,CELL_003,97.8447851941408,96.81369591258466,1.1493855674230298,47.59293608775979,77.83382283934452,47.83755994160948,12,5,1,0,normal,0,-0.05449117078409993
2026-02-28 12:00:00,CELL_004,98.12692099760451,97.36628084443538,1.236140220512213,23.620805713923573,71.33028358689667,57.95451437245317,12,5,1,1,throughput_drop,0,-0.013500567631527072
2026-02-28 12:00:00,CELL_005,98.33629487544204,96.54595263990952,1.2682042831706777,48.0755642317372,65.2100256326512,46.804024033786085,12,5,1,0,normal,0,-0.07606383544010414
2026-02-28 12:00:00,CELL_006,98.38559634826888,96.42405399171696,1.0574029240970766,49.9420230214909,72.93880044590188,48.04937575956743,12,5,1,0,normal,0,-0.06369363452223231
2026-02-28 12:00:00,CELL_007,98.6218218057368,96.91530522887054,0.95500317638514,47.12546048992555,73.83277094241964,43.76154265074552,12,5,1,0,normal,0,-0.07685819770184793
2026-02-28 12:00:00,CELL_008,98.50492345488456,97.18399846322808,0.9165632231797746,49.80500630752003,72.16830823598046,47.622864055534,12,5,1,0,normal,0,-0.08304181111237136
2026-02-28 13:00:00,CELL_001,98.55364727846305,97.96109563458748,1.3099239415976378,45.85542190171441,70.62908705404254,46.02358813801536,13,5,1,0,normal,0,-0.08362903793812088
2026-02-28 13:00:00,CELL_002,98.22341932550516,97.49377182397116,1.6005310305277556,48.91651888681898,63.90578052689926,47.31176808386516,13,5,1,0,normal,0,-0.07262885530832058
2026-02-28 13:00:00,CELL_003,98.7221762411366,96.75623007217044,1.6179289010145068,38.04744702603414,68.42719563811633,46.38461227731297,13,5,1,0,normal,0,-0.04754437284385171
2026-02-28 13:00:00,CELL_004,98.21353491837142,97.14081018572628,1.3034747117121597,55.97972492474949,62.03668429356746,42.019340500417,13,5,1,0,normal,0,-0.09247383426014366
2026-02-28 13:00:00,CELL_005,98.39527234362662,96.75320625189708,1.2546396871953645,46.79795566740474,56.17924873025368,37.43562979543408,13,5,1,0,normal,0,-0.07604227895362914
2026-02-28 13:00:00,CELL_006,97.88076987678816,96.35596664188584,1.4967950302094986,40.17719103146785,74.65514291656582,50.37061946368893,13,5,1,0,normal,0,-0.033841862598634864
2026-02-28 13:00:00,CELL_007,98.67042835785416,97.30208734884586,1.1364860764698312,49.0551405410194,68.36351388244202,46.68877709024321,13,5,1,0,normal,0,-0.0890054494306512
2026-02-28 13:00:00,CELL_008,98.49075745275098,97.77381449452096,1.0107393929919168,35.57292099553789,75.63683383723222,43.80677968837221,13,5,1,0,normal,0,-0.0532568435957555
2026-02-28 14:00:00,CELL_001,99.0137960039071,96.7102434913093,1.186712297236963,58.48726000133915,64.1954262597989,43.1131749827007,14,5,1,0,normal,0,-0.0736807121388311
2026-02-28 14:00:00,CELL_002,98.62258969095328,98.2002865957413,1.413197442750305,41.62178187301076,62.91208618008415,45.24414734414036,14,5,1,0,normal,0,-0.06432137555810663
2026-02-28 14:00:00,CELL_003,98.1716557662862,96.7934510036148,1.2872726488185435,50.561115754408966,67.97810293069377,45.04447314231098,14,5,1,0,normal,0,-0.08197132224101755
2026-02-28 14:00:00,CELL_004,97.98663215676058,96.8071900968284,1.2989335487923792,52.466313758025215,64.95635102965922,38.9954892914997,14,5,1,0,normal,0,-0.07794632907260379
2026-02-28 14:00:00,CELL_005,98.2712236097788,97.32997349224084,1.356041320287916,49.54052829573212,68.5631179258924,41.6501497180089,14,5,1,0,normal,0,-0.08849169420734998
2026-02-28 14:00:00,CELL_006,98.23074473038608,96.587645219016,1.2942302852674552,49.27556992721586,69.78530367058366,43.18044518893804,14,5,1,0,normal,0,-0.07806174078718936
2026-02-28 14:00:00,CELL_007,98.69924633930404,97.53800270619212,1.031610955865619,59.57646787798197,68.69756285889916,36.34407213332227,14,5,1,0,normal,0,-0.08344907843982963
2026-02-28 14:00:00,CELL_008,98.91615588298934,97.40799638921231,1.0239710417039272,43.22550456617134,68.42508736570018,41.755487863924095,14,5,1,0,normal,0,-0.08318622730908914
2026-02-28 15:00:00,CELL_001,98.82886691836949,97.43441679254164,1.106405460356827,56.84729940428669,60.95329244824504,40.62963930029729,15,5,1,0,normal,0,-0.09961876157037192
2026-02-28 15:00:00,CELL_002,98.51536756240624,97.75277564531196,0.9780707560875018,65.62126825531823,61.45399127796471,42.81258750395939,15,5,1,0,normal,0,-0.0842257969343484
2026-02-28 15:00:00,CELL_003,98.6650557185322,97.66683689170952,1.4727033891144783,42.1540834866884,75.37464190935849,42.98886667971624,15,5,1,0,normal,0,-0.06637435508270406
2026-02-28 15:00:00,CELL_004,98.28013767843356,97.31864560632054,1.0998782595482512,64.13854898919993,60.30375548699643,41.8552798243481,15,5,1,0,normal,0,-0.0832794913693598
2026-02-28 15:00:00,CELL_005,98.64211218786816,97.11879706780482,1.0273697127433803,55.54420656655321,54.87617604429459,38.2451335880387,15,5,1,0,normal,0,-0.09622454009102682
2026-02-28 15:00:00,CELL_006,98.0258956642462,96.93614346398311,1.256440462442625,49.43406683609555,68.89581902257392,37.34922610695729,15,5,1,0,normal,0,-0.0661358854149044
2026-02-28 15:00:00,CELL_007,98.74689707114838,97.58945421373404,0.999206547219054,55.06373938131934,69.26266970534256,43.446034472635965,15,5,1,0,normal,0,-0.08855311673047439
2026-02-28 15:00:00,CELL_008,98.43135032977406,97.13748765789728,1.100097511262345,48.91041317989333,67.57857282041851,47.09332204468307,15,5,1,0,normal,0,-0.08173768087942918
2026-02-28 16:00:00,CELL_001,98.7091962957209,97.55914819380286,0.7646759877106872,56.77041619130582,60.41791175624139,40.08044809739727,16,5,1,0,normal,0,-0.09868945221371123
2026-02-28 16:00:00,CELL_002,99.17984836147528,97.58353493793854,0.8735175528344027,58.6670040461941,56.209424931459175,31.661911212190716,16,5,1,0,normal,0,-0.08644524567336759
2026-02-28 16:00:00,CELL_003,98.27909168758114,96.83614742509992,1.3993775569629507,56.6509632284098,66.06577247367694,35.34135585745831,16,5,1,0,normal,0,-0.06095342998855624
2026-02-28 16:00:00,CELL_004,98.34631203066355,96.51044433607667,1.0094802956004707,54.66260667357447,55.994130272644334,37.83982663997195,16,5,1,0,normal,0,-0.07050203025396523
2026-02-28 16:00:00,CELL_005,98.07367934283272,98.02788202718229,0.8488876840700936,61.227849914657824,57.48504010708524,39.6143140567278,16,5,1,0,normal,0,-0.0784355737801879
2026-02-28 16:00:00,CELL_006,98.03289769641718,96.50943819383744,1.1130067443683171,56.23271387147645,61.58075584803632,40.20981833311466,16,5,1,0,normal,0,-0.06942180399027964
2026-02-28 16:00:00,CELL_007,98.75655566463472,97.95764096476606,1.0731210464131629,58.00612098450734,57.37606275961279,38.55525939694197,16,5,1,0,normal,0,-0.09703846974550451
2026-02-28 16:00:00,CELL_008,98.75729245020746,98.18934844656462,1.0532615310768856,64.7678576070997,70.04363934599239,40.13801158744254,16,5,1,0,normal,0,-0.065288160401275
2026-02-28 17:00:00,CELL_001,98.93774998399628,98.17739265957208,0.956670878862346,58.42533278578858,58.18381639810126,36.41120302217664,17,5,1,0,normal,0,-0.08968946688815116
2026-02-28 17:00:00,CELL_002,99.12043399745602,97.79804473421856,0.9202388028263564,55.31549327072629,59.57771390688491,33.55962811942245,17,5,1,0,normal,0,-0.08902460669933482
2026-02-28 17:00:00,CELL_003,98.75965924983194,97.79859938514228,1.2122792565591969,60.28635706682917,55.58577260748535,47.119598760377656,17,5,1,0,normal,0,-0.06404398066974809
2026-02-28 17:00:00,CELL_004,98.97206396209054,97.44150071962332,0.9862848358164148,63.06653589869981,47.83467361040421,33.61327287170116,17,5,1,0,normal,0,-0.08570973376714452
2026-02-28 17:00:00,CELL_005,99.03559478599573,97.73470317341172,0.9394489282420644,62.58091742221611,48.686818590353255,35.65011296652504,17,5,1,0,normal,0,-0.08738261197212949
2026-02-28 17:00:00,CELL_006,98.89400164773778,96.76288736976495,1.0362418719655178,60.09487061448387,55.17555152828256,32.92306796108231,17,5,1,0,normal,0,-0.07088242168630549
2026-02-28 17:00:00,CELL_007,98.94585670319704,98.01888488881818,0.990211168535363,64.12297238361752,59.26931426620359,33.8378165810183,17,5,1,0,normal,0,-0.08783750685228559
2026-02-28 17:00:00,CELL_008,98.67532062660442,98.00461759437448,0.9617696297870036,59.23282194739022,59.6388172523143,34.394740258455776,17,5,1,0,normal,0,-0.09667759374675577
2026-02-28 18:00:00,CELL_001,99.09534440925913,98.25736824584403,0.6224698810122388,58.332280332493696,44.105193246831135,35.90014864324205,18,5,1,0,normal,0,-0.07589223142781931
2026-02-28 18:00:00,CELL_002,99.13014435668572,98.32915220173588,0.6591729925917823,68.10453357134173,48.06379976147365,35.94709945095971,18,5,1,0,normal,0,-0.0781204404320236
2026-02-28 18:00:00,CELL_003,99.03681348030996,97.92894073554548,0.7864341334500314,58.998517025376266,50.90913173718375,35.60902740765057,18,5,1,0,normal,0,-0.09003841986228178
2026-02-28 18:00:00,CELL_004,98.1276983470236,97.41160232043666,0.9445795583231238,67.2057579477762,51.09407891629682,35.84534122968549,18,5,1,0,normal,0,-0.07074083231756739
2026-02-28 18:00:00,CELL_005,98.78373805085154,97.96524689619648,0.4101589933858907,67.91226172118846,56.7039160980534,35.128921163184515,18,5,1,0,normal,0,-0.06645075663006
2026-02-28 18:00:00,CELL_006,98.27596375498268,97.4924462814213,0.9495769821638363,66.61152985574826,49.973911093309695,33.14882313056812,18,5,1,0,normal,0,-0.07767084525781914
2026-02-28 18:00:00,CELL_007,99.11166590241548,98.6236334520152,0.7856971653930169,58.74476756697801,44.88278401693868,28.360947226307147,18,5,1,0,normal,0,-0.06468994828620372
2026-02-28 18:00:00,CELL_008,99.4761543206617,99.08753042924228,0.4371267285831135,71.27099494887767,44.292479282246525,31.464348763942485,18,5,1,0,normal,0,-0.05156212324340437
2026-02-28 19:00:00,CELL_001,99.31781161063964,98.16660795139975,0.5292953947778962,65.81462905315522,48.056980023118825,31.52401470497418,19,5,1,0,normal,0,-0.07312038734964055
2026-02-28 19:00:00,CELL_002,99.20320345497866,98.2703836448994,0.5487076184737667,65.85264910753328,47.14094483810408,32.05289832195142,19,5,1,0,normal,0,-0.07640926196510822
2026-02-28 19:00:00,CELL_003,99.21723832031104,97.8530895532656,0.6707872780329082,69.65618760163115,36.20636146475833,28.730821894400776,19,5,1,0,normal,0,-0.08550164747833733
2026-02-28 19:00:00,CELL_004,98.93532739570313,98.06584359202012,0.741930010962725,79.84407021736051,35.2041114742294,28.616120822455997,19,5,1,0,normal,0,-0.08171043447688286
2026-02-28 19:00:00,CELL_005,98.73178324666873,97.37186040357584,0.5790621464659533,76.04225592166232,44.18391724638682,28.358894848315614,19,5,1,0,normal,0,-0.06480529338607355
2026-02-28 19:00:00,CELL_006,98.44227122961009,97.42607565269184,1.0744578236254867,59.62232717274172,46.52874911205176,28.87249206397108,19,5,1,0,normal,0,-0.060165771493298825
2026-02-28 19:00:00,CELL_007,98.77170476941174,98.31572021110908,0.356871951964147,80.4157140230784,42.069760506711205,25.648663695868603,19,5,1,0,normal,0,-0.062329432565242704
2026-02-28 19:00:00,CELL_008,99.29478345493143,97.83725726667376,0.9287064090306996,69.80909158537187,42.6726540058845,29.23582104617265,19,5,1,0,normal,0,-0.0770266348485894
2026-02-28 20:00:00,CELL_001,99.80206651430818,98.65806432229638,0.2364899735356522,83.82176793697388,38.68561452153363,23.085267493635317,20,5,1,0,normal,0,-0.04196143760070414
2026-02-28 20:00:00,CELL_002,99.92494067867698,98.72141787531169,0.4545661039160914,75.72183338429929,42.27359963805852,27.309836802984577,20,5,1,0,normal,0,-0.037647087276325486
2026-02-28 20:00:00,CELL_003,98.83316763405487,98.75757215821994,0.5007171171451121,69.0908697386803,42.08882283524041,21.95838780575403,20,5,1,0,normal,0,-0.05459004443806942
2026-02-28 20:00:00,CELL_004,98.79441974274287,97.87446702252954,0.1118205645668801,81.83477060694457,23.47915265238744,26.15257849046785,20,5,1,0,normal,0,-0.03708374687896554
2026-02-28 20:00:00,CELL_005,99.16439385185048,98.48428660342633,0.5949468706312687,85.85690561971822,22.52198954900632,22.55449959808885,20,5,1,0,normal,0,-0.05681925146365058
2026-02-28 20:00:00,CELL_006,98.90190483135451,97.87753856169276,0.8028982809566612,65.27558098356383,37.384583151955965,33.73700241875321,20,5,1,0,normal,0,-0.07624031781702179
2026-02-28 20:00:00,CELL_007,99.3464356485239,98.52557615403144,0.3464671045765947,79.1474678521657,35.858703514669656,22.8690208703018,20,5,1,0,normal,0,-0.07197139384449047
2026-02-28 20:00:00,CELL_008,99.96020799027993,98.16227469860809,0.2232960012697384,82.97950222182624,39.599883346769474,24.198692324396436,20,5,1,0,normal,0,-0.0359339268211224
2026-02-28 21:00:00,CELL_001,99.55967686623308,98.33696977002936,0.4558460323873248,70.57824876336069,31.24110692979106,23.680564847796457,21,5,1,0,normal,0,-0.06029167860425494
2026-02-28 21:00:00,CELL_002,99.8094045733379,98.66028228474497,0.303031625341271,81.49780841755198,28.59371712100753,22.765967112082997,21,5,1,0,normal,0,-0.053445819156252294
2026-02-28 21:00:00,CELL_003,98.86247699708376,97.724720167517,0.6291718924602956,84.53905352627834,34.26363553036813,20.838557722722747,21,5,1,0,normal,0,-0.04673255936372067
2026-02-28 21:00:00,CELL_004,99.26061635800328,98.18111696794465,0.3889683128905267,90.30029103026682,34.07056542578501,22.96977558832276,21,5,1,0,normal,0,-0.048160101631244845
2026-02-28 21:00:00,CELL_005,98.94705932913722,98.03663454106332,0.4902546033213529,82.3285105067484,27.36484327182788,24.930221413243927,21,5,1,0,normal,0,-0.06243401999524195
2026-02-28 21:00:00,CELL_006,98.30186987172227,97.90247987333736,0.4305847694822428,75.46689591456817,31.7989458297498,25.568031243822315,21,5,1,0,normal,0,-0.04693172841095761
2026-02-28 21:00:00,CELL_007,99.44807455260536,98.44497244207324,0.2699759323285114,100.33528361660704,25.266835627841136,18.02951915399056,21,5,1,0,normal,0,-0.00988610462800954
2026-02-28 21:00:00,CELL_008,99.51024302748203,98.79557260430718,0.4228544886242856,74.55957714250893,26.18999676926221,20.772069748962807,21,5,1,0,normal,0,-0.050935951812523306
2026-02-28 22:00:00,CELL_001,99.8998241917129,98.35519366676678,0.2241304340167438,77.93732061977445,24.312719762872117,22.9295286388317,22,5,1,0,normal,0,-0.03815912505980801
2026-02-28 22:00:00,CELL_002,99.5808536001926,99.00949853745034,0.3795869520328412,74.38874295299159,34.74689292788346,21.824688260675188,22,5,1,0,normal,0,-0.04735628615768739
2026-02-28 22:00:00,CELL_003,99.02649291223668,98.1974697634768,0.5748689148377567,84.00681523322694,35.04216951340097,31.03518558141745,22,5,1,0,normal,0,-0.05699274943201499
2026-02-28 22:00:00,CELL_004,98.61610754055172,98.1904706908528,0.454563639276733,77.56796169231977,21.86473242989058,22.00343357194781,22,5,1,0,normal,0,-0.04911186000768564
2026-02-28 22:00:00,CELL_005,99.15262731210596,98.58443852978496,0.2537993305283449,93.8992451679498,22.026807391195987,17.98727237503698,22,5,1,0,normal,0,-0.00695499427712809
2026-02-28 22:00:00,CELL_006,98.63591700480104,97.97076375813668,0.4125687501028535,82.30888373731865,26.029365668486133,16.71868082447329,22,5,1,0,normal,0,-0.02664026980076284
2026-02-28 22:00:00,CELL_007,99.67077642494708,98.76158231593122,0.3854633164504208,84.76931482221715,29.824219998347584,21.067488916001885,22,5,1,0,normal,0,-0.05031611676683656
2026-02-28 22:00:00,CELL_008,99.96779936466862,99.49937336332164,0.2185788132742732,92.56368188590174,27.24035093707345,24.524356624093198,22,5,1,0,normal,1,0.030919887067686336
2026-02-28 23:00:00,CELL_001,99.40011180385945,99.19088577201296,0.0,85.27864862580543,24.50896712250277,24.47120733920635,23,5,1,0,normal,0,-0.0021125710634282147
2026-02-28 23:00:00,CELL_002,99.5241648837794,98.91865715336068,0.2783816363489205,94.06401241552932,24.23320719507341,20.55304903879521,23,5,1,0,normal,0,-0.009856500085156705
2026-02-28 23:00:00,CELL_003,98.86351387611224,98.26695446113465,0.5434693933388978,84.69247372479576,28.555891264164195,27.03157877174105,23,5,1,0,normal,0,-0.05393851436572328
2026-02-28 23:00:00,CELL_004,98.9348569911998,98.37031834070557,0.187959851448062,83.41086680721212,30.40995597459236,21.96406516073396,23,5,1,0,normal,0,-0.045727109527004095
2026-02-28 23:00:00,CELL_005,99.18191464816655,98.20662547496838,0.0,90.33620590423229,27.58754622325585,11.664767912121857,23,5,1,0,normal,1,0.021990701566519832
2026-02-28 23:00:00,CELL_006,98.75007987891124,98.28937993102709,0.4405263096689787,88.67658839556809,31.062818669846163,26.545701036712494,23,5,1,0,normal,0,-0.039836505386044996
2026-02-28 23:00:00,CELL_007,99.7179083599014,98.41507381514997,0.2167536092674502,85.51660969823182,29.57526822879579,21.51387507947438,23,5,1,0,normal,0,-0.037416161223321476
2026-02-28 23:00:00,CELL_008,99.4898672492283,98.444448052254,0.4651548825401413,86.35866975059956,34.5959076473966,19.334284475095387,23,5,1,0,normal,0,-0.03303571086838919
2026-03-01 00:00:00,CELL_001,99.47943687080296,99.09208173319242,0.3491826194003047,77.54098326063448,32.81814205193409,19.8060639925786,0,6,1,0,normal,0,-0.03176600664834495
2026-03-01 00:00:00,CELL_002,99.99943072605464,98.55119027733512,0.0,95.22457234391088,16.139056998298017,18.654463265176982,0,6,1,0,normal,1,0.048570122117906345
2026-03-01 00:00:00,CELL_003,99.34084578411571,98.91292005972213,0.4576125253531677,92.45948660684176,25.45207014338527,22.475509262284262,0,6,1,0,normal,0,-0.013713629707278074
2026-03-01 00:00:00,CELL_004,98.46615693602436,98.36662614945206,0.0811622818993228,80.73377885670908,27.626692276808413,20.228599007302492,0,6,1,0,normal,0,-0.019589774022397033
2026-03-01 00:00:00,CELL_005,99.24945883974743,98.41190212669665,0.0,92.43372079683228,19.62501351238429,14.59837683359658,0,6,1,0,normal,1,0.03148047115575303
2026-03-01 00:00:00,CELL_006,98.83299947642224,98.21073571672622,0.4740713384710989,82.96784233041893,25.81684543190722,29.05837191065844,0,6,1,0,normal,0,-0.044066116620590234
2026-03-01 00:00:00,CELL_007,99.95142101609034,98.60813007001504,0.2800519700917976,76.78545581731507,23.23254378887575,21.39128011300848,0,6,1,0,normal,0,-0.02096125106919855
2026-03-01 00:00:00,CELL_008,99.74965776203456,98.90569065854667,0.3157199887748736,87.1766594785057,33.14601284474218,16.71126155842719,0,6,1,0,normal,0,-0.008931360712337688
2026-03-01 01:00:00,CELL_001,99.44587899606935,99.46964782253193,0.0176755958868388,80.14639488484971,26.865415709959716,20.890793280802804,1,6,1,0,normal,0,-0.0010895759834611551
2026-03-01 01:00:00,CELL_002,99.70455651498396,98.85553245062653,0.0,82.37273336880762,26.90550335126887,21.58433456549013,1,6,1,0,normal,0,-0.01877855116476146
2026-03-01 01:00:00,CELL_003,98.963801110626,98.53241630988208,0.1436422477714425,81.23407851851778,33.14418431427626,19.671369702000373,1,6,1,0,normal,0,-0.050987555653808636
2026-03-01 01:00:00,CELL_004,98.81921855076216,98.26933126360224,0.5129255273075108,80.63647779613262,22.506502849473755,18.856959608097213,1,6,1,0,normal,0,-0.04533147067444099
2026-03-01 01:00:00,CELL_005,98.91900226932242,97.94674033162168,0.4289236299928655,86.26384027286052,30.764935545775973,19.649327257335457,1,6,1,0,normal,0,-0.05387961578373229
2026-03-01 01:00:00,CELL_006,99.1303210945847,98.29190131707404,0.4392709788464979,88.94153505574735,35.79771301765564,18.846852968040267,1,6,1,0,normal,0,-0.045567459631648655
2026-03-01 01:00:00,CELL_007,100.0,98.64810868892256,0.3286703975963086,81.32394460481731,26.325615241220312,17.530658936968514,1,6,1,0,normal,0,-0.02666144681743321
2026-03-01 01:00:00,CELL_008,99.79736251811748,98.73572147866456,0.3200297351127227,82.66157430481587,26.16312105781752,17.583090513471976,1,6,1,0,normal,0,-0.03564404053909631
2026-03-01 02:00:00,CELL_001,99.65278894249704,98.55940355507718,0.3073668541273562,80.01188790517382,26.383066271351638,22.928485116598075,2,6,1,0,normal,0,-0.06596040292726679
2026-03-01 02:00:00,CELL_002,99.39462295409405,99.57058401577056,0.197684140757425,74.87488275723528,32.90813633340555,23.117048798909547,2,6,1,0,normal,0,-0.025811216546534288
2026-03-01 02:00:00,CELL_003,99.35447235465313,97.67630690117554,0.6905520534233371,81.0974605189801,34.22742644473997,29.67665684186029,2,6,1,0,normal,0,-0.06115667339831504
2026-03-01 02:00:00,CELL_004,98.85239536928194,98.38498705702546,0.374221347014328,84.38630476412888,27.552457815251906,20.24518774593706,2,6,1,0,normal,0,-0.0600730766652241
2026-03-01 02:00:00,CELL_005,99.165957561054,97.59850394903305,0.3689275821176434,80.26307161047289,33.193192129143014,21.225596444876874,2,6,1,0,normal,0,-0.0634068490328612
2026-03-01 02:00:00,CELL_006,98.83371730199802,97.0604553757028,0.5467619274362521,76.6649647603168,35.09431076197617,20.433005966390738,2,6,1,0,normal,0,-0.03869668258353154
2026-03-01 02:00:00,CELL_007,99.28498057430603,98.90259504217356,0.361926195084563,85.00406356690225,24.704609718126108,21.148083387306052,2,6,1,0,normal,0,-0.054857575559945804
2026-03-01 02:00:00,CELL_008,99.80590405943506,98.75163571731342,0.3370738132277415,86.95043335535608,24.767675659272264,25.16422906784628,2,6,1,0,normal,0,-0.03678530145194947
2026-03-01 03:00:00,CELL_001,99.37133702546294,98.90874310303704,0.4352696622211173,71.06049980459392,35.62723381797535,21.763208096117094,3,6,1,0,normal,0,-0.05830401471074592
2026-03-01 03:00:00,CELL_002,99.47805951775432,99.33277188271732,0.2977895007660224,80.42900429434415,21.15086296704606,18.3671700038525,3,6,1,0,normal,0,-0.024169104869387503
2026-03-01 03:00:00,CELL_003,98.91132039932457,98.66975840718764,0.660512085393406,82.28052999684394,30.36167811169777,27.24474292896961,3,6,1,0,normal,0,-0.061023774573387146
2026-03-01 03:00:00,CELL_004,99.00877792749648,97.94719140060872,0.4574231793812811,90.4599925149915,30.167344331243285,23.955533532144848,3,6,1,0,normal,0,-0.05691941255453031
2026-03-01 03:00:00,CELL_005,98.92344546920104,98.3866156808612,0.6358106752554032,82.31026232023139,19.3449908404521,18.390906425743268,3,6,1,0,normal,0,-0.03270601366370962
2026-03-01 03:00:00,CELL_006,98.73974172000206,97.90316700623728,0.7512776656698603,71.1983211959074,39.43989979274591,20.7013550317744,3,6,1,0,normal,0,-0.0626907084410524
2026-03-01 03:00:00,CELL_007,99.78563686931972,98.90093599012748,0.4686884494003606,76.06181969284579,34.18512540746073,19.73923518700874,3,6,1,0,normal,0,-0.04346772590596737
2026-03-01 03:00:00,CELL_008,99.58294642332682,98.81021093728056,0.3380117700010511,80.0749842349406,30.725908768561297,25.76169701764856,3,6,1,0,normal,0,-0.07223234667113687
2026-03-01 04:00:00,CELL_001,99.62414300162234,98.53789514291309,0.5517082400183939,72.29134555468865,30.17066444026816,25.286614977791768,4,6,1,0,normal,0,-0.07232638011684539
2026-03-01 04:00:00,CELL_002,99.63365149709698,98.25722961331034,0.2977535166989338,74.7892789828414,32.75177831427872,27.12345575290764,4,6,1,0,normal,0,-0.07274956950126504
2026-03-01 04:00:00,CELL_003,98.42298181406105,98.11289928447788,0.6578011561987782,68.80436639916354,47.06162802571245,32.74271709389252,4,6,1,0,normal,0,-0.07445864242708661
2026-03-01 04:00:00,CELL_004,98.32544348280618,97.70147391231454,0.6696795770078946,81.60643321735684,40.82571074994825,28.066599374212675,4,6,1,0,normal,0,-0.05684997029043981
2026-03-01 04:00:00,CELL_005,98.90658579599324,97.76597308844327,0.4316288549931651,82.13400171492532,38.48669272059799,28.202577793273527,4,6,1,0,normal,0,-0.07631187186909494
2026-03-01 04:00:00,CELL_006,98.56403092360472,97.84984625231677,0.6818408039091299,77.82113870039979,43.01357060004206,19.814501928485047,4,6,1,0,normal,0,-0.050927483991304645
2026-03-01 04:00:00,CELL_007,98.8047886766633,98.31614712728071,0.3197487508147781,87.99804225091953,38.5610173527616,17.776586521741017,4,6,1,0,normal,0,-0.0470824589969695
2026-03-01 04:00:00,CELL_008,99.383047288503,98.08867009744772,0.592513753812577,68.48495253114217,40.92055443813371,28.268677720790546,4,6,1,0,normal,0,-0.07860710377612562
2026-03-01 05:00:00,CELL_001,99.11440246872574,98.91203843656352,0.780671266464112,77.133586717334,41.638669323174895,23.192013672375406,5,6,1,0,normal,0,-0.05305253541070992
2026-03-01 05:00:00,CELL_002,99.5078439387853,98.98861755299872,0.9582963619460718,75.28297071531088,41.16982373861529,33.9420255652088,5,6,1,0,normal,0,-0.04308269010999555
2026-03-01 05:00:00,CELL_003,99.12727524982331,97.45831552879218,0.8471538043060959,66.13235363895302,50.48925900001366,34.15395659841888,5,6,1,0,normal,0,-0.08613499309950046
2026-03-01 05:00:00,CELL_004,99.15694901095172,97.37406970181932,0.6232556038634398,82.93008109819806,36.75602243981665,27.82249190041691,5,6,1,0,normal,0,-0.06149636625666982
2026-03-01 05:00:00,CELL_005,98.66474315163056,97.47403037879002,0.7492742549509,76.80675526541191,42.36537011374497,32.71898519884696,5,6,1,0,normal,0,-0.0738867328670092
2026-03-01 05:00:00,CELL_006,98.48314767067193,97.8146461119167,0.5876125669723293,68.77746968822989,43.3619755956022,32.1704180937906,5,6,1,0,normal,0,-0.0803927975061195
2026-03-01 05:00:00,CELL_007,99.1669351192128,98.82955029300923,0.6247369759030262,70.35113339701503,40.30043034464393,32.96011701040291,5,6,1,0,normal,0,-0.06983668789585984
2026-03-01 05:00:00,CELL_008,99.30578247386306,97.75713019716062,0.541444624195563,64.60890691534031,42.98880022178989,26.73928659104696,5,6,1,0,normal,0,-0.07136859336491902
2026-03-01 06:00:00,CELL_001,99.23824889856282,98.67356655148112,0.428378841010367,62.5922829196915,46.032156993106014,25.273427868217595,6,6,1,0,normal,0,-0.05331008609835319
2026-03-01 06:00:00,CELL_002,99.43617424299642,98.42543141898652,0.7384650347721644,67.44928630516134,46.5575761283548,33.95453397386384,6,6,1,0,normal,0,-0.06583789972448967
2026-03-01 06:00:00,CELL_003,98.80048908744092,97.66475079004438,0.7985339227623065,69.60513726552101,50.3437305659612,28.85446894053734,6,6,1,0,normal,0,-0.08843264938597872
2026-03-01 06:00:00,CELL_004,99.07317628550886,97.97762467559484,0.2649596758921619,73.41151431086807,40.55347333566572,40.53663455349328,6,6,1,0,normal,0,-0.06238916421390106
2026-03-01 06:00:00,CELL_005,98.17146927635191,97.13551087298464,0.9890302668580394,64.71710436573083,46.50676806380165,31.523627199082632,6,6,1,0,normal,0,-0.05834775098215306
2026-03-01 06:00:00,CELL_006,98.2562879831424,97.92773707946937,0.923960062061466,60.88279094297695,56.36272245282767,32.568678648936775,6,6,1,0,normal,0,-0.07183525857089029
2026-03-01 06:00:00,CELL_007,99.05935400060264,98.21915820042908,0.7191776035815266,62.8604442784976,55.889753474269575,29.518754300357443,6,6,1,0,normal,0,-0.07879142180956877
2026-03-01 06:00:00,CELL_008,99.35571422639148,98.26759364312696,0.5460854257088759,67.62154396336713,46.09691996611638,34.01513768204233,6,6,1,0,normal,0,-0.069720778834442
2026-03-01 07:00:00,CELL_001,99.32250076370458,98.27474556545084,0.7019140807669783,58.2633385603351,46.682133719788666,33.59843973513725,7,6,1,0,normal,0,-0.06914721469976254
2026-03-01 07:00:00,CELL_002,99.23213372057994,97.89221680362628,1.1075427368291175,56.34718555582036,46.72430015851749,37.24993454149784,7,6,1,0,normal,0,-0.059588374908231045
2026-03-01 07:00:00,CELL_003,98.6000713411612,97.08938955440172,1.071352178346161,62.09961403441502,61.24114675331354,33.82743434346931,7,6,1,0,normal,0,-0.06756159164488018
2026-03-01 07:00:00,CELL_004,98.34521811031436,97.22139906575566,0.9595438243172828,58.16314722943015,61.33940386200015,35.43027522928696,7,6,1,0,normal,0,-0.07502027939606976
2026-03-01 07:00:00,CELL_005,98.26825011563174,96.52543056850624,0.9456660713010572,68.08254027111587,51.603418537965965,36.48267480758849,7,6,1,0,normal,0,-0.05553575625531032
2026-03-01 07:00:00,CELL_006,98.58485833037588,96.91402977412926,1.21420073173174,51.07804977845292,57.17503419368817,35.02168429307494,7,6,1,0,normal,0,-0.06104658496972304
2026-03-01 07:00:00,CELL_007,99.05953900556564,97.55231316425402,1.053575428059372,61.74120144657893,55.47786096493304,31.71013964018988,7,6,1,0,normal,0,-0.07954990371281445
2026-03-01 07:00:00,CELL_008,98.93664375279108,97.82497549130224,0.9683515177090846,58.790879964778455,60.11595735454192,35.626694718018776,7,6,1,0,normal,0,-0.08672029224808542
2026-03-01 08:00:00,CELL_001,98.27010448203464,97.53545255565416,1.032690975076497,49.4392202042638,61.25867945940375,40.455479041385466,8,6,1,0,normal,0,-0.08528095536909319
2026-03-01 08:00:00,CELL_002,98.8240631886057,97.71317700885967,1.1164404454866892,56.377848145718986,61.03039223971972,41.48125171134502,8,6,1,0,normal,0,-0.08749948325274648
2026-03-01 08:00:00,CELL_003,98.69672448216572,97.23006321673574,1.0928962020727282,48.72750188191822,64.83786355985646,40.13280851215925,8,6,1,0,normal,0,-0.08923461801128757
2026-03-01 08:00:00,CELL_004,97.96826802335492,96.87796059898535,1.0071180548399286,60.97387176017028,59.33776688057783,32.38047328123053,8,6,1,0,normal,0,-0.050771640677279684
2026-03-01 08:00:00,CELL_005,98.60591299729708,97.55710878706564,0.7344641178126267,56.87175278374526,57.48059044991348,32.76160183343957,8,6,1,0,normal,0,-0.08764886442704445
2026-03-01 08:00:00,CELL_006,98.22252789215597,96.72264986430687,1.1338721398882474,42.0542141084641,69.79596531451207,40.78926531189016,8,6,1,0,normal,0,-0.05803701256372018
2026-03-01 08:00:00,CELL_007,98.87860296274214,98.3813211386481,0.8186634393391631,60.16431382367477,51.61182109914998,29.895976682357286,8,6,1,0,normal,0,-0.0780663791847821
2026-03-01 08:00:00,CELL_008,98.71008641405332,97.94410587313264,0.9350126308999184,57.93573231680561,64.45223368777097,39.7243190824693,8,6,1,0,normal,0,-0.08577024750343532
2026-03-01 09:00:00,CELL_001,99.40077847396194,98.11652508000202,1.055263250892693,59.39689028952928,57.21902736122388,40.11543270487695,9,6,1,0,normal,0,-0.06417235145736261
2026-03-01 09:00:00,CELL_002,98.68921133137135,97.71930724748589,0.8187136082560492,45.607932077041085,54.67631530917998,37.80822520246667,9,6,1,0,normal,0,-0.07708323834104797
2026-03-01 09:00:00,CELL_003,98.64894038426569,97.35427852342036,1.2125242725918923,41.867676355138656,68.79883154190635,43.39637031493535,9,6,1,0,normal,0,-0.07449347033120146
2026-03-01 09:00:00,CELL_004,97.87991075940752,96.88411320253816,1.1164545736630245,49.83197673742473,56.75717066757405,37.49833695139058,9,6,1,0,normal,0,-0.06448408386071164
2026-03-01 09:00:00,CELL_005,98.15222058235192,97.0359666351555,1.5548952450586442,56.40441358257829,61.6488740422372,38.58634589806904,9,6,1,0,normal,0,-0.05977698000893639
2026-03-01 09:00:00,CELL_006,98.33632544358764,97.30223614424274,1.1880967409860117,55.90378629411707,62.09635992234341,47.22321463800978,9,6,1,0,normal,0,-0.08016448621420535
2026-03-01 09:00:00,CELL_007,98.74349203278555,97.45442679485194,1.4403949474543354,53.64373318940216,65.07523422962547,43.66948375326281,9,6,1,0,normal,0,-0.08406771318991463
2026-03-01 09:00:00,CELL_008,98.54487636704532,97.88413322405204,1.1305247282714157,43.74239426005759,65.96664243421237,46.53339314748714,9,6,1,0,normal,0,-0.06663312942668692
2026-03-01 10:00:00,CELL_001,98.66561689385634,97.8056667275493,1.1565168956916705,49.72878691000514,69.0451187398408,42.80405110231522,10,6,1,0,normal,0,-0.08845748596298697
2026-03-01 10:00:00,CELL_002,98.81731466291018,98.01121077311316,0.9265386702673049,56.71139707935116,67.6196347741652,40.405044555222894,10,6,1,0,normal,0,-0.08286902762758241
2026-03-01 10:00:00,CELL_003,98.03938161663376,96.8828088452404,1.3519822381701867,44.37913579645734,79.20389550770598,42.35418634697551,10,6,1,0,normal,0,-0.05501470199636205
2026-03-01 10:00:00,CELL_004,98.09115247526768,97.48582965751667,1.264309114915838,58.33236852812298,66.33012524666867,41.86054922327466,10,6,1,0,normal,0,-0.08145718576853145
2026-03-01 10:00:00,CELL_005,98.34063504414672,96.62755891886658,1.5669767800224468,51.754431191566695,73.12792798430857,47.017888373011445,10,6,1,0,normal,0,-0.05617303616562774
2026-03-01 10:00:00,CELL_006,97.416175040629,96.60290441879664,1.413510184845118,40.81134716369945,76.51549586016864,46.27684723113328,10,6,1,0,normal,0,-0.018717805803829646
2026-03-01 10:00:00,CELL_007,98.58756968407975,97.39284409025076,1.1346566467235704,43.12084297774722,68.19766430174622,44.292342393130845,10,6,1,0,normal,0,-0.08286696614299971
2026-03-01 10:00:00,CELL_008,98.61214389978744,97.08968471100148,1.3482105139433096,49.67797185375039,67.27643461764471,47.38665416069157,10,6,1,0,normal,0,-0.08110906391264738
2026-03-01 11:00:00,CELL_001,98.1825292517581,97.26827255133058,1.1189002785403068,46.60490425069254,74.00415467062548,41.11892675982818,11,6,1,0,normal,0,-0.0808898934513737
2026-03-01 11:00:00,CELL_002,98.68535927575228,97.58684252713331,1.098969517798735,51.584989220054624,70.00770653319242,43.77161356441059,11,6,1,0,normal,0,-0.09108424176861285
2026-03-01 11:00:00,CELL_003,98.192326735536,96.954663477416,1.2021302225408332,37.58197275354749,72.47014263694159,44.0962649887185,11,6,1,0,normal,0,-0.057607445821479364
2026-03-01 11:00:00,CELL_004,97.98321370647652,96.98894237479344,1.081380302069487,45.97971621969549,66.9892793256078,41.38667736738553,11,6,1,0,normal,0,-0.07441196707665626
2026-03-01 11:00:00,CELL_005,97.85074359412972,97.08862370703646,1.17898307814965,59.295349328665424,59.8551887638686,42.32039034419111,11,6,1,0,normal,0,-0.06881197842899361
2026-03-01 11:00:00,CELL_006,98.29695485632192,96.71301401714706,1.434185646968296,46.85348114718992,77.92604471889085,46.47610074894519,11,6,1,0,normal,0,-0.061887498632045734
2026-03-01 11:00:00,CELL_007,99.02909694727998,97.21344605930403,1.0057602815818896,56.94122456041714,68.76939979855361,44.82925373714197,11,6,1,0,normal,0,-0.07192882704909787
2026-03-01 11:00:00,CELL_008,98.82812457449184,97.374252440296,1.312978106648085,54.45156691737083,67.4342912141626,39.721651204958114,11,6,1,0,normal,0,-0.0842131893679135
2026-03-01 12:00:00,CELL_001,98.67588167636688,96.96445061366128,1.158077915113628,47.18344006180655,68.94209047671663,45.22313971128798,12,6,1,0,normal,0,-0.08636181538268672
2026-03-01 12:00:00,CELL_002,98.35366362541916,97.4840179969127,1.0982841788316158,41.76044476288164,72.13851084663115,48.60446061418485,12,6,1,0,normal,0,-0.06682234979586804
2026-03-01 12:00:00,CELL_003,97.84205454296595,96.271148750861,1.4799585263621629,36.19350266058097,75.6044340955776,48.70444524210504,12,6,1,0,normal,0,-0.010239745510225884
2026-03-01 12:00:00,CELL_004,98.33738265268752,96.98273001787234,1.4411816744406132,48.14175368015942,75.26173297631121,43.38868113178545,12,6,1,0,normal,0,-0.08235957751830225
2026-03-01 12:00:00,CELL_005,98.28586639863506,97.30582899455196,1.3781478767606523,51.60938644506248,67.15844407299775,44.48341017386834,12,6,1,0,normal,0,-0.09133374890283674
2026-03-01 12:00:00,CELL_006,98.0592126986004,96.42467541495736,1.2831127331627,56.1961742353779,75.97218750205123,41.62275320292147,12,6,1,0,normal,0,-0.05534879231413775
2026-03-01 12:00:00,CELL_007,98.58104186360636,97.5271600996852,1.6417089232832522,48.59703012083848,69.11332751066105,46.33082844402556,12,6,1,0,normal,0,-0.07260112821073034
2026-03-01 12:00:00,CELL_008,98.57094277106944,97.4695153818005,1.5434720833423117,46.41245620331046,79.87556850515422,50.26257914646438,12,6,1,0,normal,0,-0.05211885562400864
2026-03-01 13:00:00,CELL_001,98.63159706642472,97.30851063070358,1.069867617418886,37.74103382400889,73.92629338405276,41.98764875941734,13,6,1,0,normal,0,-0.06141907833427174
2026-03-01 13:00:00,CELL_002,98.55231366229737,97.72606400538024,1.4833537371105163,40.67557132261309,81.88863929641892,46.11285807068061,13,6,1,0,normal,0,-0.04877708100989009
2026-03-01 13:00:00,CELL_003,97.77852775653854,96.99016351381344,1.833061110811224,37.69018261156716,76.95710252896136,51.00380746960335,13,6,1,0,normal,0,-0.0056734222864305295
2026-03-01 13:00:00,CELL_004,98.01120990780538,96.77286890196544,1.1883086521450088,51.70351843662198,64.97949804150485,44.39163720384185,13,6,1,0,normal,0,-0.07993669555809907
2026-03-01 13:00:00,CELL_005,98.1488123706079,97.11843098587354,1.330890473803007,51.58406387292691,69.62332528887268,43.67180878385874,13,6,1,0,normal,0,-0.08565297193640448
2026-03-01 13:00:00,CELL_006,97.8701429128002,96.54258729504495,1.2990827169726042,44.10891041733903,68.24370846837792,47.35436425809375,13,6,1,0,normal,0,-0.04712946303227705
2026-03-01 13:00:00,CELL_007,98.93512909046008,97.11883490016858,1.3487227735799714,50.66059970429051,60.85761350934491,42.45763772524244,13,6,1,0,normal,0,-0.08093786328939812
2026-03-01 13:00:00,CELL_008,98.832857120003,97.61335642695268,1.3694167988965176,51.50619693134734,78.16581762370329,45.22713820696863,13,6,1,0,normal,0,-0.06830142554641766
2026-03-01 14:00:00,CELL_001,98.65102764346646,98.01228953970627,1.337249444129335,50.753038216987335,61.532490877899065,48.65324377526275,14,6,1,0,normal,0,-0.07042385123534661
2026-03-01 14:00:00,CELL_002,98.8853304661518,97.39111076734986,1.144930300718462,50.09019749642113,58.69498444585218,43.18143162629814,14,6,1,0,normal,0,-0.08391869432813331
2026-03-01 14:00:00,CELL_003,98.36438765895856,96.31121802575022,1.2491614254040992,42.03460915199192,78.99364327249815,48.77213413569462,14,6,1,0,normal,0,-0.03470070597179531
2026-03-01 14:00:00,CELL_004,98.25231206620376,96.61502955064864,1.2155876033483597,57.55956791057755,65.66441341434921,38.81473891920743,14,6,1,0,normal,0,-0.06849788615114727
2026-03-01 14:00:00,CELL_005,98.14030919746251,96.93095263173149,1.2613969035837709,54.023832520075686,68.77380631200151,41.296455885442775,14,6,1,0,normal,0,-0.07278699560018881
2026-03-01 14:00:00,CELL_006,97.75979347993956,96.76445421235672,1.4959634516223963,54.25700073255417,68.33906543024054,41.16272965325535,14,6,1,0,normal,0,-0.04481197237911916
2026-03-01 14:00:00,CELL_007,98.56736012212922,97.36769903260692,0.8572429391241315,52.44198375978903,63.371065087623045,38.1733978701229,14,6,1,0,normal,0,-0.09134408466316701
2026-03-01 14:00:00,CELL_008,98.46817648122048,97.85740111999506,1.343895479553431,51.30990077471026,76.84551594595219,46.73664291776039,14,6,1,0,normal,0,-0.07062292863347636
2026-03-01 15:00:00,CELL_001,99.0869605697319,98.13465753960196,1.0902892808676428,56.4839933479046,59.85764017739896,36.220876838162525,15,6,1,0,normal,0,-0.08130782684427218
2026-03-01 15:00:00,CELL_002,98.82395766886236,97.94971571917682,0.9907548073705426,51.15809928410935,59.54886398958837,40.563285585751615,15,6,1,0,normal,0,-0.08802479423086113
2026-03-01 15:00:00,CELL_003,98.46967368378108,97.22348708759677,1.1626123001477484,54.67581446654654,61.08617062427561,39.92023971569105,15,6,1,0,normal,0,-0.0941049885289913
2026-03-01 15:00:00,CELL_004,98.0979317303074,96.99095330595917,1.454025645557155,54.516427984102215,66.38610468474654,43.51984214971185,15,6,1,0,normal,0,-0.0693343929548681
2026-03-01 15:00:00,CELL_005,97.97687240841567,97.93658374721198,0.8884262019408693,61.74152840449162,60.63879664831695,43.80752113462205,15,6,1,0,normal,0,-0.06099183689182569
2026-03-01 15:00:00,CELL_006,97.88710374642956,97.47494381689562,1.3562301984422545,51.08311483048514,70.35925561541866,42.67772592521247,15,6,1,0,normal,0,-0.0683379792141614
2026-03-01 15:00:00,CELL_007,99.15006772736012,97.13760792469915,0.8181777197382105,61.63918541127696,58.24604859106277,33.28814537616276,15,6,1,0,normal,0,-0.06596351367594433
2026-03-01 15:00:00,CELL_008,98.61118784093443,97.71803977562882,1.2020371465364776,48.96351567427737,70.9974975611372,37.88316170846921,15,6,1,0,normal,0,-0.0831169515120655
2026-03-01 16:00:00,CELL_001,99.10669114927518,97.46507309203795,1.078406768378796,55.54529262983981,58.37463260146055,37.684754186881975,16,6,1,0,normal,0,-0.08107363370045362
2026-03-01 16:00:00,CELL_002,99.27060783333512,97.92583311163553,1.214234681804145,50.94289885513504,66.60082187682397,40.48974225646335,16,6,1,0,normal,0,-0.05944798043070981
2026-03-01 16:00:00,CELL_003,98.61669449621849,96.66519409840312,1.045027391824841,57.8192559643997,62.99446967525975,45.91948633462964,16,6,1,0,normal,0,-0.06177084381039927
2026-03-01 16:00:00,CELL_004,98.1353079344024,97.59853426119834,0.8413166715254065,60.7574524873423,53.318228061380495,33.485814139256284,16,6,1,0,normal,0,-0.07952963440768668
2026-03-01 16:00:00,CELL_005,98.47110986387936,97.18843326281782,0.99715560946862,65.86755276495693,52.80544980014768,33.78829564389572,16,6,1,0,normal,0,-0.07673913136133514
2026-03-01 16:00:00,CELL_006,98.43743828035647,97.2672812942806,1.0701188405676243,57.6519486364503,66.77140588356238,45.04155519063335,16,6,1,0,normal,0,-0.07498156761998837
2026-03-01 16:00:00,CELL_007,98.672793830647,98.20738670897848,1.2262936419474646,52.76160739289347,52.05010479206425,39.26216808648253,16,6,1,0,normal,0,-0.07504379470184991
2026-03-01 16:00:00,CELL_008,98.55709373957194,97.98673144290596,1.441808478001558,52.33470659729161,64.68451301765845,42.380734359198456,16,6,1,0,normal,0,-0.0769092605524267
2026-03-01 17:00:00,CELL_001,99.0903191413156,97.58970289156952,0.7981619310969668,66.2222145770967,50.4592094210437,32.74479055711518,17,6,1,0,normal,0,-0.08769980763643942
2026-03-01 17:00:00,CELL_002,98.74171214183986,98.09068862480432,1.1158870189754788,60.537990692844176,54.03572121105809,36.55823471353272,17,6,1,0,normal,0,-0.07911059850769386
2026-03-01 17:00:00,CELL_003,98.91090565943723,97.5586010070728,0.8967446882152524,61.32520332448714,55.67297432310612,33.98928069678173,17,6,1,0,normal,0,-0.08451232943075282
2026-03-01 17:00:00,CELL_004,98.29659165912985,98.05409740225628,0.5006443778326349,54.59504814097643,49.83941150607733,32.42071509464969,17,6,1,0,normal,0,-0.0631698497404608
2026-03-01 17:00:00,CELL_005,98.2395064409981,97.027264697678,1.0945134458534282,64.5861958702764,55.32252489047807,31.09748210102549,17,6,1,0,normal,0,-0.054890506864624544
2026-03-01 17:00:00,CELL_006,98.22843201120897,97.00045935920386,0.8949543620999068,57.21936043490961,66.84353218559525,34.463605642225694,17,6,1,0,normal,0,-0.0569389386603707
2026-03-01 17:00:00,CELL_007,99.14170226758571,97.71424881589785,0.7594778985478544,57.006026569075146,55.451146697964816,37.76601679312802,17,6,1,0,normal,0,-0.07591619753736673
2026-03-01 17:00:00,CELL_008,99.1269233615752,98.20439988915372,0.6700660828111926,65.32072577299388,61.2568169648982,38.317245319527885,17,6,1,0,normal,0,-0.061560222926305974
2026-03-01 18:00:00,CELL_001,99.2922629796489,98.6903683009262,0.582322053661533,61.700385683446775,42.841026949693656,33.486019401274405,18,6,1,0,normal,0,-0.04924331482807265
2026-03-01 18:00:00,CELL_002,99.02256797307732,98.47909469454656,0.6122306933047852,61.59389573620693,51.012498127299565,28.87402095541576,18,6,1,0,normal,0,-0.06105375025468851
2026-03-01 18:00:00,CELL_003,98.94716697819308,97.78334861439453,0.9405493186537832,68.05818387070052,46.111142165884345,36.679618998774586,18,6,1,0,normal,0,-0.070116458394129
2026-03-01 18:00:00,CELL_004,98.26045279515417,98.10622980432304,0.8308485543281194,67.8041606853408,36.38398504418407,28.472111892444808,18,6,1,0,normal,0,-0.061974406495128476
2026-03-01 18:00:00,CELL_005,98.44564247315112,97.72496155628406,0.8381581277346841,59.58587948741358,44.27085127010939,25.436674374910645,18,6,1,0,normal,0,-0.05772235527173586
2026-03-01 18:00:00,CELL_006,98.51534108089228,97.4937313763336,0.7962853816063589,68.35141341324355,48.84574026909784,27.07551345303369,18,6,1,0,normal,0,-0.06521611937137745
2026-03-01 18:00:00,CELL_007,99.08068847284392,98.69123973785996,0.7569129303786414,66.81237822446771,49.22986915452196,30.390893966779032,18,6,1,0,normal,0,-0.06302025574354453
2026-03-01 18:00:00,CELL_008,98.66744968246968,98.80797100310475,0.4874736988733431,68.890883382544,44.99344685378353,30.175201397387347,18,6,1,0,normal,0,-0.05512777464348473
2026-03-01 19:00:00,CELL_001,99.1742699696728,97.87770965317829,0.4984646031012402,73.75124280210756,42.970139974764805,30.264573995595686,19,6,1,0,normal,0,-0.07390107848013244
2026-03-01 19:00:00,CELL_002,99.19969859745072,98.23395428553413,0.3339634192071982,70.2019431117372,38.50770646327324,27.38950556332077,19,6,1,0,normal,0,-0.06997690031715725
2026-03-01 19:00:00,CELL_003,99.05988652559957,98.06237107028008,0.8350921575298236,71.56900291204346,48.91680391831931,29.490631551487983,19,6,1,0,normal,0,-0.07349793972914637
2026-03-01 19:00:00,CELL_004,98.58160795872404,98.05063426190844,0.739418351952437,70.27612352978471,42.76241527077946,26.621712868426027,19,6,1,0,normal,0,-0.06982396644514799
2026-03-01 19:00:00,CELL_005,98.72893138025708,97.83974078469096,0.6626110446466458,62.70928265009191,41.94497688736814,28.99137438151685,19,6,1,0,normal,0,-0.07413948253602176
2026-03-01 19:00:00,CELL_006,98.29897283754164,97.66023227797396,0.8232730738856949,72.51143580137219,46.55155802296998,28.856672608129998,19,6,1,0,normal,0,-0.05748852652668879
2026-03-01 19:00:00,CELL_007,99.30371375886584,98.52593440696812,0.6637893951746225,70.93206200648778,50.80237375259584,33.80456913876969,19,6,1,0,normal,0,-0.05448934601726413
2026-03-01 19:00:00,CELL_008,99.5361227608796,97.46111028186075,0.4530170632824861,70.76139970037067,39.82875183602437,31.036645834740195,19,6,1,0,normal,0,-0.04762131339121356
2026-03-01 20:00:00,CELL_001,99.83421681880294,98.73841236980914,0.5240649761961043,76.00858583108918,38.10240507616747,24.953254839061085,20,6,1,0,normal,0,-0.034995946103648756
2026-03-01 20:00:00,CELL_002,99.66897092048865,98.9995562655242,0.239957519627588,71.62534006905595,34.12058227059519,23.930957315137864,20,6,1,0,normal,0,-0.03408226324089003
2026-03-01 20:00:00,CELL_003,98.3853131160821,98.314172993626,0.6660484889843126,58.083567202917024,44.146717089803325,30.113299754285688,20,6,1,0,normal,0,-0.04763212073560541
2026-03-01 20:00:00,CELL_004,98.83868078209852,98.23812136104507,0.8322076556811495,79.65620181869093,34.52664034097938,17.906216866783193,20,6,1,0,normal,0,-0.03572308363699894
2026-03-01 20:00:00,CELL_005,98.9094260448979,98.61580856528468,0.2857557252959146,84.88679633806109,26.088840181589568,19.11642638311333,20,6,1,0,normal,0,-0.04165424552979258
2026-03-01 20:00:00,CELL_006,98.80199596317442,97.58793484540637,0.7594499779337274,63.1000980076585,46.127225491770446,29.07485350262094,20,6,1,0,normal,0,-0.06231576360740615
2026-03-01 20:00:00,CELL_007,100.0,98.94759803056344,0.5607921982702245,73.75326960904543,34.94119962147262,19.44775994303557,20,6,1,0,normal,0,-0.014584180619365839
2026-03-01 20:00:00,CELL_008,99.64850364381624,99.22952090295436,0.3572006939824994,79.90227941475565,43.18396754141932,20.27951563592072,20,6,1,0,normal,0,-0.016570987855171304
2026-03-01 21:00:00,CELL_001,99.11153539024394,98.48101951367738,0.223268066615325,76.96549036648875,32.01392987363274,26.79410242456825,21,6,1,0,normal,0,-0.04872634965911493
2026-03-01 21:00:00,CELL_002,99.66125159303375,98.6799193842704,0.44579985097108,89.55192760506264,33.08522218931043,21.716570987112394,21,6,1,0,normal,0,-0.026223838080671857
2026-03-01 21:00:00,CELL_003,98.97294865916864,98.5963662490704,0.6759809632481166,76.0521382824857,33.154361173936785,26.67719579867951,21,6,1,0,normal,0,-0.056689671497589966
2026-03-01 21:00:00,CELL_004,99.02638305739936,97.94248942092824,0.3629148813057729,83.78183349347277,13.579103272594466,22.940649070048664,21,6,1,0,normal,0,-0.02916265796522166
2026-03-01 21:00:00,CELL_005,99.23474261792806,98.0655312381035,0.2537447801967267,76.98903541756793,27.73242527197861,25.20116192883442,21,6,1,0,normal,0,-0.0503986972550684
2026-03-01 21:00:00,CELL_006,98.2068909445987,97.93095594129132,0.6290930703982565,74.65508279809198,36.663238687159165,27.0539023801094,21,6,1,0,normal,0,-0.05043147526644676
2026-03-01 21:00:00,CELL_007,99.40237756863635,99.1512705731392,0.594290648523242,81.59856177459959,31.8362929215188,22.431983446620418,21,6,1,0,normal,0,-0.02947530896857109
2026-03-01 21:00:00,CELL_008,99.92604211119976,98.86083152668608,0.0376237662093138,81.54362574801532,26.01222003262681,19.30608227591421,21,6,1,0,normal,1,0.0010034978908950443
2026-03-01 22:00:00,CELL_001,99.60161560195522,99.3906625954795,0.5711682220716741,81.75019596033314,19.89760778793104,22.18858235024952,22,6,1,0,normal,1,0.0017321387557921453
2026-03-01 22:00:00,CELL_002,99.38682446053528,99.03317064633777,0.3130477700627161,80.41056957271063,31.722078391901466,20.41545329194205,22,6,1,0,normal,0,-0.03599563899630975
2026-03-01 22:00:00,CELL_003,99.28747384696416,97.66114752197116,0.6444182161351317,66.89265952835376,38.57488673913873,26.676486899323866,22,6,1,0,normal,0,-0.048760249060030514
2026-03-01 22:00:00,CELL_004,98.98681791121912,98.3038285181915,0.3218446115848722,85.91715194701145,21.372640774384664,18.98168052571296,22,6,1,0,normal,0,-0.033302148391048614
2026-03-01 22:00:00,CELL_005,98.38638261790832,98.27611706290858,0.0973382060104859,82.35578040142714,20.581126507345555,20.743857338525537,22,6,1,0,normal,0,-0.0037697594677350565
2026-03-01 22:00:00,CELL_006,99.01304002380148,98.96808080418616,0.4525130348199699,77.51061935108146,22.307336475987984,19.586484716015367,22,6,1,0,normal,0,-0.030947096123828177
2026-03-01 22:00:00,CELL_007,99.82050339536012,98.9077248619592,0.3588146784256802,81.59337149101664,26.86415333528025,14.048344690979697,22,6,1,0,normal,1,0.00224294585304341
2026-03-01 22:00:00,CELL_008,99.5079495413906,97.68028838865372,0.5671804755468564,73.68868830168921,41.35147024621304,20.855666124036283,22,6,1,0,normal,0,-0.029508197410476944
2026-03-01 23:00:00,CELL_001,99.60327250134674,98.58551868242108,0.0774087144143889,82.07500256368073,19.436689353894195,23.142382409317605,23,6,1,0,normal,0,-0.003007710178483003
2026-03-01 23:00:00,CELL_002,99.07774647701106,98.85389239877432,0.2022255289880887,75.3489883662813,40.60654712152717,21.571447944377805,23,6,1,0,normal,0,-0.025641184414435747
2026-03-01 23:00:00,CELL_003,98.84632251780198,98.34235778099104,0.4090066153504428,81.87233720843437,31.30044193567787,25.805737708585937,23,6,1,0,normal,0,-0.041681244911950466
2026-03-01 23:00:00,CELL_004,98.9348209618172,98.63456658389624,0.2642658940492768,79.03675720697952,17.95470982519657,19.666243844714334,23,6,1,0,normal,0,-0.01452129915762257
2026-03-01 23:00:00,CELL_005,98.94208743185604,97.96004279034054,0.494075121599449,82.09380343417645,22.16801892727127,20.16449185684588,23,6,1,0,normal,0,-0.03006559829352884
2026-03-01 23:00:00,CELL_006,98.63286915516476,98.37912823025742,0.5014475576430242,77.06952357463915,30.825423710524124,24.90834508437869,23,6,1,0,normal,0,-0.04342326567500476
2026-03-01 23:00:00,CELL_007,99.5708269672679,98.90041510060873,0.6056451609804705,77.85078002452948,30.28961318152973,18.97346331236528,23,6,1,0,normal,0,-0.014003201688093547
2026-03-01 23:00:00,CELL_008,100.0,99.0114365436087,0.154796802300707,93.78169876120064,26.00316088814658,20.23360598975193,23,6,1,0,normal,1,0.02436704917023691
